0 0 0.000000000000e+00 0.000000000000e+00
1 0 8.868024820434e-08 0.000000000000e+00
2 0 7.091907834683e-08 0.000000000000e+00
3 0 -6.016168843921e-08 0.000000000000e+00
4 0 3.327519091496e-08 0.000000000000e+00
5 0 -1.296861191272e-07 0.000000000000e+00
6 0 7.053346101884e-08 0.000000000000e+00
7 0 -3.775037723993e-08 0.000000000000e+00
8 0 5.812091719383e-09 0.000000000000e+00
9 0 -4.963915592884e-08 0.000000000000e+00
10 0 -2.483146529055e-08 0.000000000000e+00
11 0 -2.632485812870e-08 0.000000000000e+00
12 0 -8.240691179642e-09 0.000000000000e+00
13 0 3.339382474733e-08 0.000000000000e+00
14 0 -2.340262578032e-08 0.000000000000e+00
15 0 1.342323137879e-08 0.000000000000e+00
16 0 -2.344212255716e-08 0.000000000000e+00
17 0 -5.645314427307e-09 0.000000000000e+00
18 0 4.254845248360e-09 0.000000000000e+00
19 0 -4.752065028678e-09 0.000000000000e+00
20 0 9.447888983533e-09 0.000000000000e+00
21 0 -1.216512693425e-08 0.000000000000e+00
22 0 -5.885407411993e-09 0.000000000000e+00
23 0 -1.738432135584e-08 0.000000000000e+00
24 0 -3.831845414790e-09 0.000000000000e+00
25 0 -6.290101243908e-09 0.000000000000e+00
26 0 1.248248929358e-08 0.000000000000e+00
27 0 3.813827742338e-09 0.000000000000e+00
28 0 -4.244354634596e-09 0.000000000000e+00
29 0 -6.579702918305e-09 0.000000000000e+00
30 0 8.548997365205e-09 0.000000000000e+00
31 0 5.283106767615e-09 0.000000000000e+00
32 0 2.646753044036e-09 0.000000000000e+00
33 0 4.319329724622e-10 0.000000000000e+00
34 0 -2.878366686514e-09 0.000000000000e+00
35 0 5.273872113640e-09 0.000000000000e+00
36 0 7.339269948125e-10 0.000000000000e+00
37 0 -1.668319520287e-09 0.000000000000e+00
38 0 1.975292236157e-09 0.000000000000e+00
39 0 1.168436845675e-09 0.000000000000e+00
40 0 2.601098507114e-09 0.000000000000e+00
41 0 2.378099480499e-09 0.000000000000e+00
42 0 -2.740063871257e-09 0.000000000000e+00
43 0 8.496025818056e-10 0.000000000000e+00
44 0 -8.792894008545e-10 0.000000000000e+00
45 0 -1.539886728805e-09 0.000000000000e+00
46 0 -1.259012519812e-09 0.000000000000e+00
47 0 1.768281868004e-09 0.000000000000e+00
48 0 1.091021520077e-09 0.000000000000e+00
49 0 -1.267504635969e-09 0.000000000000e+00
50 0 -1.543561778735e-09 0.000000000000e+00
51 0 -1.645186753094e-09 0.000000000000e+00
52 0 -4.808546547973e-10 0.000000000000e+00
53 0 4.223896594801e-09 0.000000000000e+00
54 0 8.861086384739e-10 0.000000000000e+00
55 0 2.821397905838e-09 0.000000000000e+00
56 0 -3.755549827846e-09 0.000000000000e+00
57 0 -1.545434395226e-09 0.000000000000e+00
58 0 -1.394121992940e-09 0.000000000000e+00
59 0 9.517045023047e-10 0.000000000000e+00
60 0 -1.783773028454e-10 0.000000000000e+00
61 0 -1.623049475842e-10 0.000000000000e+00
62 0 3.908090209633e-10 0.000000000000e+00
63 0 -2.642934859686e-09 0.000000000000e+00
64 0 -7.617200579675e-10 0.000000000000e+00
65 0 9.799566355119e-10 0.000000000000e+00
66 0 -6.640034603436e-10 0.000000000000e+00
67 0 9.114913690626e-10 0.000000000000e+00
68 0 -9.134817682288e-10 0.000000000000e+00
69 0 -6.165691527720e-10 0.000000000000e+00
70 0 -2.606909445776e-09 0.000000000000e+00
71 0 3.132692352957e-11 0.000000000000e+00
72 0 -1.401962888190e-10 0.000000000000e+00
73 0 8.396032387436e-10 0.000000000000e+00
74 0 -2.974187274625e-09 0.000000000000e+00
75 0 5.591504743330e-10 0.000000000000e+00
76 0 3.960418355110e-10 0.000000000000e+00
77 0 1.578506335037e-09 0.000000000000e+00
78 0 9.645395534002e-10 0.000000000000e+00
79 0 -1.295750118237e-10 0.000000000000e+00
80 0 -5.673085286114e-10 0.000000000000e+00
81 0 -7.140415064604e-10 0.000000000000e+00
82 0 -2.199946628776e-10 0.000000000000e+00
83 0 3.114356094023e-11 0.000000000000e+00
84 0 1.137516817065e-09 0.000000000000e+00
85 0 4.622828230550e-10 0.000000000000e+00
86 0 6.554743329368e-10 0.000000000000e+00
87 0 1.470075357791e-09 0.000000000000e+00
88 0 3.662622275238e-10 0.000000000000e+00
89 0 -3.742375404736e-10 0.000000000000e+00
90 0 1.358859727448e-09 0.000000000000e+00
91 0 -2.489408156852e-10 0.000000000000e+00
92 0 7.075421366868e-10 0.000000000000e+00
93 0 2.342025825317e-10 0.000000000000e+00
94 0 -2.713305388269e-10 0.000000000000e+00
95 0 9.565021009938e-11 0.000000000000e+00
96 0 -5.527503433354e-10 0.000000000000e+00
97 0 -4.041462461712e-10 0.000000000000e+00
98 0 -1.148601982212e-10 0.000000000000e+00
99 0 1.132952803246e-09 0.000000000000e+00
100 0 1.140889992263e-09 0.000000000000e+00
101 0 2.546549539599e-10 0.000000000000e+00
102 0 -8.885655476581e-11 0.000000000000e+00
103 0 -1.361485412571e-09 0.000000000000e+00
104 0 -2.530843437391e-10 0.000000000000e+00
105 0 6.956141855407e-10 0.000000000000e+00
106 0 7.913450442628e-10 0.000000000000e+00
107 0 -9.391098114291e-11 0.000000000000e+00
108 0 -8.947916081094e-10 0.000000000000e+00
109 0 -1.605792857871e-09 0.000000000000e+00
110 0 3.128491361078e-10 0.000000000000e+00
111 0 -6.537032622368e-10 0.000000000000e+00
112 0 -2.159783283250e-10 0.000000000000e+00
113 0 4.182628410460e-10 0.000000000000e+00
114 0 -1.552059155816e-10 0.000000000000e+00
115 0 -3.057367805425e-10 0.000000000000e+00
116 0 -8.688209221295e-10 0.000000000000e+00
117 0 -1.439624289345e-10 0.000000000000e+00
118 0 -3.878810079704e-10 0.000000000000e+00
119 0 -4.179210867937e-10 0.000000000000e+00
120 0 -4.946957697195e-10 0.000000000000e+00
121 0 -9.332901193016e-11 0.000000000000e+00
122 0 -2.049135694383e-11 0.000000000000e+00
123 0 -1.268293655456e-10 0.000000000000e+00
124 0 2.999203173379e-10 0.000000000000e+00
125 0 2.176590450539e-10 0.000000000000e+00
126 0 -4.342060352266e-10 0.000000000000e+00
127 0 2.545846069252e-10 0.000000000000e+00
128 0 2.331846766733e-10 0.000000000000e+00
129 0 -1.191725084344e-10 0.000000000000e+00
130 0 -3.576865696352e-10 0.000000000000e+00
131 0 3.500453654513e-10 0.000000000000e+00
132 0 -2.577851958805e-10 0.000000000000e+00
133 0 1.062760107370e-10 0.000000000000e+00
134 0 3.520298225466e-10 0.000000000000e+00
135 0 5.295862152707e-10 0.000000000000e+00
136 0 -1.065378674480e-09 0.000000000000e+00
137 0 -1.024135163097e-09 0.000000000000e+00
138 0 -5.415043329443e-10 0.000000000000e+00
139 0 2.752331819224e-10 0.000000000000e+00
140 0 3.545414207899e-10 0.000000000000e+00
141 0 -1.525948666298e-10 0.000000000000e+00
142 0 6.242739417297e-11 0.000000000000e+00
143 0 -5.509203201636e-10 0.000000000000e+00
144 0 -4.367058394242e-10 0.000000000000e+00
145 0 2.296456003594e-10 0.000000000000e+00
146 0 5.394860590122e-10 0.000000000000e+00
147 0 4.581231880558e-10 0.000000000000e+00
148 0 -6.608927408627e-10 0.000000000000e+00
149 0 -5.088727399402e-10 0.000000000000e+00
150 0 -4.569571988358e-10 0.000000000000e+00
151 0 3.063300611764e-10 0.000000000000e+00
152 0 3.317810662575e-10 0.000000000000e+00
153 0 7.497633042536e-10 0.000000000000e+00
154 0 -3.533559412147e-11 0.000000000000e+00
155 0 -3.035057722837e-10 0.000000000000e+00
156 0 -8.033708046814e-10 0.000000000000e+00
157 0 6.245226236021e-10 0.000000000000e+00
158 0 3.888156986876e-10 0.000000000000e+00
159 0 1.136131941783e-10 0.000000000000e+00
160 0 -1.058284661673e-10 0.000000000000e+00
161 0 2.617223806912e-11 0.000000000000e+00
162 0 4.283513448883e-10 0.000000000000e+00
163 0 -7.025876708914e-10 0.000000000000e+00
164 0 4.802702935533e-10 0.000000000000e+00
165 0 1.720760766520e-10 0.000000000000e+00
166 0 2.603370354236e-10 0.000000000000e+00
167 0 -3.912329353661e-10 0.000000000000e+00
168 0 -3.238241874329e-10 0.000000000000e+00
169 0 -1.573717074417e-10 0.000000000000e+00
170 0 -2.291974084269e-10 0.000000000000e+00
171 0 -7.104176930480e-11 0.000000000000e+00
172 0 2.012186298456e-10 0.000000000000e+00
173 0 1.912322204422e-10 0.000000000000e+00
174 0 -2.509255245196e-10 0.000000000000e+00
175 0 -5.707824412585e-11 0.000000000000e+00
176 0 -2.114824809796e-10 0.000000000000e+00
177 0 3.988089619105e-10 0.000000000000e+00
178 0 -1.319046921731e-10 0.000000000000e+00
179 0 1.324444753365e-10 0.000000000000e+00
1 1 4.843454421314e-08 6.096959424128e-08
2 1 2.922428232459e-08 8.674180056645e-08
3 1 -4.169722098028e-08 3.893449258271e-08
4 1 -4.386978437553e-08 -6.657787708919e-08
5 1 -2.094680413914e-09 -3.840253595682e-08
6 1 -8.584263986504e-09 -5.598481650475e-08
7 1 1.543792102242e-08 5.102425235712e-08
8 1 4.147328450346e-10 -4.152219548251e-09
9 1 1.100802846280e-08 3.737895657653e-08
10 1 1.198767019018e-08 -1.805213122697e-08
11 1 3.916950424206e-08 -2.327091097705e-08
12 1 2.487971585657e-09 -2.730676900515e-08
13 1 1.027760509986e-08 9.110140481387e-09
14 1 5.807339494944e-09 2.212109746981e-08
15 1 3.445258919582e-09 3.908668347560e-09
16 1 -3.011662650284e-09 1.019051590468e-08
17 1 -1.575514344870e-08 -2.763871953445e-08
18 1 9.260212859681e-09 -2.310229616699e-08
19 1 -3.043510739421e-09 -4.133010827109e-09
20 1 4.142400252056e-09 5.292091328691e-09
21 1 -6.015282995700e-09 1.376681953067e-08
22 1 3.802585632260e-09 -5.477392289423e-09
23 1 -2.258060314966e-09 -1.087606559710e-09
24 1 -2.757193331656e-09 -1.111929582841e-08
25 1 -2.263071934465e-09 -6.035631915296e-09
26 1 -3.459795632131e-09 -8.118405089984e-09
27 1 -1.216579548223e-09 9.875891768732e-09
28 1 -3.998710130268e-09 6.954944040425e-09
29 1 -4.175205871671e-09 -5.146095456858e-09
30 1 -6.355024243109e-09 4.942138934309e-09
31 1 5.048380838913e-11 -1.206825235877e-08
32 1 -2.060628281699e-09 3.756761188506e-09
33 1 -4.121547767464e-09 -3.076100413096e-09
34 1 -1.431245125085e-09 5.956610448490e-09
35 1 -7.507607987502e-09 -2.958619303485e-09
36 1 3.012828905677e-09 2.741431651227e-09
37 1 -4.204098576524e-09 5.928252022076e-10
38 1 3.883942987895e-09 -2.246472150956e-09
39 1 -3.750460838685e-09 3.015631337490e-09
40 1 9.016455844838e-10 1.568859550319e-10
41 1 -6.263759092301e-09 -1.764963050326e-09
42 1 -1.209526429098e-09 6.654466416682e-10
43 1 -3.294830397067e-09 -1.461226544746e-09
44 1 1.937820870389e-09 1.495009856111e-09
45 1 2.204770611301e-09 -3.004378922626e-09
46 1 3.710163213864e-09 -8.933803289080e-10
47 1 -2.249356908635e-09 5.269721461894e-10
48 1 2.198406978734e-09 4.321995601187e-09
49 1 2.368354352864e-09 8.219547615139e-10
50 1 1.489064971012e-09 1.135535988951e-09
51 1 2.338817625744e-09 -9.287211731855e-10
52 1 -1.399658288741e-10 -3.598854908673e-09
53 1 3.304420105054e-09 -1.347246098060e-10
54 1 6.065261908883e-10 2.209370853422e-09
55 1 -3.399485676690e-10 3.322013479905e-09
56 1 1.883160063424e-09 2.144971919553e-09
57 1 -2.394048835464e-10 -7.414247936036e-10
58 1 -1.303168317462e-09 -5.732429240110e-10
59 1 -5.728103671244e-10 -2.107800666978e-09
60 1 1.767614116651e-09 -6.493846493073e-10
61 1 2.106363945947e-09 3.902077825688e-10
62 1 -3.909600506536e-11 1.837269847366e-09
63 1 -1.411483568908e-10 -3.385420695037e-10
64 1 2.492801207475e-09 -3.175591417439e-10
65 1 -1.497440112348e-09 -1.723090552802e-09
66 1 6.415606556702e-10 -7.781829478235e-10
67 1 -1.539766604659e-09 1.566082438477e-09
68 1 -8.398298456911e-10 1.680026419535e-10
69 1 -2.365953068918e-11 7.202466930914e-11
70 1 -4.043308868364e-11 -1.462809527404e-09
71 1 -9.203845273022e-10 7.503959107822e-10
72 1 -4.091434245422e-10 -1.635641342277e-09
73 1 -1.881808598644e-10 7.877470803187e-10
74 1 -1.265064704691e-09 7.820923839211e-10
75 1 5.821153802786e-10 -9.027042831477e-10
76 1 -2.486069887188e-09 -4.305527968332e-10
77 1 1.122130652819e-09 -4.166745896898e-10
78 1 -1.524266761809e-09 -3.541988602854e-10
79 1 -6.789008806266e-10 2.132200760556e-09
80 1 -8.387485034906e-10 -1.379602019982e-10
81 1 -1.326260358639e-10 -2.484828115072e-10
82 1 -8.053221815156e-11 -8.070223119035e-10
83 1 1.030165178955e-09 -1.447032303107e-09
84 1 -6.977027485141e-10 -6.677506398072e-11
85 1 -7.934788414060e-11 7.588341837731e-10
86 1 1.113785365185e-09 2.247866005078e-10
87 1 4.272629050869e-10 -3.379746202854e-10
88 1 -3.639993562136e-10 -2.903315141567e-10
89 1 -9.623462703246e-10 -4.936718786699e-12
90 1 -7.270259552318e-10 -9.405559952575e-10
91 1 1.689847729739e-10 -5.512448813752e-10
92 1 -1.245350928427e-09 -1.683976873005e-10
93 1 1.297121655431e-09 5.664973234462e-10
94 1 6.117525790819e-11 5.601131297481e-10
95 1 3.463713398298e-10 8.989280707605e-10
96 1 4.430390875757e-10 3.069189539104e-10
97 1 4.778136078898e-10 -5.446220745865e-10
98 1 -5.578748899801e-10 -1.838696429981e-09
99 1 -6.243783283464e-10 3.980177160233e-10
100 1 -4.510697841433e-10 -2.393793043986e-10
101 1 6.778710795600e-10 8.448391883045e-10
102 1 5.414873049390e-11 1.358737501258e-09
103 1 -1.524163184049e-10 -4.260533979280e-10
104 1 -6.010818364865e-10 -1.574518192447e-09
105 1 -3.775923866438e-10 -1.268272146173e-09
106 1 -5.313543271789e-10 2.548684381412e-11
107 1 -1.131343591225e-09 6.189780573298e-10
108 1 3.772692114054e-10 4.785498249827e-10
109 1 3.797111111098e-10 1.103834192646e-09
110 1 4.174313412959e-10 -3.784010949929e-10
111 1 -4.629208941692e-10 3.658794937329e-10
112 1 1.183536540163e-09 -1.819510495012e-09
113 1 1.143333001835e-10 -4.558065690489e-10
114 1 1.048412402887e-10 4.282890065353e-10
115 1 -3.209816743663e-10 2.177294549849e-10
116 1 5.542394217991e-10 -2.178387470626e-10
117 1 -3.481794348231e-10 -5.203267624673e-10
118 1 3.652968086631e-10 -3.729444517455e-10
119 1 -1.079173189510e-09 -2.696916266091e-10
120 1 4.240290737023e-10 -2.677692494468e-10
121 1 -1.402145679908e-10 1.474117462454e-11
122 1 -6.033605468812e-11 7.844158715961e-10
123 1 -3.008007025738e-11 4.568611954992e-10
124 1 -4.136645985019e-11 1.829325060063e-10
125 1 -1.806650756938e-10 -4.477011180506e-10
126 1 -2.985138889466e-10 -2.587048023473e-10
127 1 2.751783073400e-10 -5.575962151269e-10
128 1 -2.998509816037e-10 -9.260089570866e-11
129 1 4.131961191899e-11 3.170800573380e-10
130 1 -3.336775024356e-10 4.147513540928e-10
131 1 1.245505046045e-09 -3.284460852292e-11
132 1 6.461562237186e-11 -8.574817509416e-10
133 1 4.820093589024e-11 -4.590819155989e-10
134 1 -9.239226140628e-11 -3.037330848578e-10
135 1 -9.760088693361e-11 8.068318773141e-10
136 1 -1.276310532800e-10 5.463614993303e-10
137 1 -5.316533794522e-10 -1.812054131297e-10
138 1 2.235766056071e-10 -1.200608650922e-09
139 1 -9.477607149024e-10 -2.459315959604e-10
140 1 2.968939532002e-10 2.056128350338e-10
141 1 2.002064319898e-10 4.015657716284e-10
142 1 3.706807303501e-10 8.711656069122e-10
143 1 -6.240533838598e-10 2.509104361485e-10
144 1 -4.486733832303e-11 -1.229889276633e-10
145 1 2.583657541860e-10 -7.881692797378e-10
146 1 -5.558895376334e-11 -2.976639291555e-11
147 1 -1.634031354998e-10 7.555033302439e-10
148 1 5.623559986637e-10 7.458968867468e-10
149 1 5.345905088129e-10 4.231215000530e-10
150 1 -3.603805069140e-10 9.578430081055e-11
151 1 5.284779061699e-12 2.507015927884e-10
152 1 -1.776914643993e-10 -7.408692039689e-10
153 1 6.914840898215e-10 9.157978763956e-11
154 1 -7.912041087874e-10 4.831803918410e-10
155 1 -1.017044663594e-10 7.121573705512e-10
156 1 -5.063642826468e-10 -4.620546540934e-10
157 1 2.555069997520e-10 -2.396760937280e-10
158 1 -3.833538001293e-10 -1.753499702723e-10
159 1 -2.880746440947e-10 5.572135775304e-10
160 1 2.614832219202e-10 -7.304355344010e-11
161 1 6.861067756504e-10 -3.138385010336e-10
162 1 4.610209593023e-10 2.912593097425e-10
163 1 5.528209840038e-11 -4.522302605558e-10
164 1 2.833840673806e-10 -3.472406649126e-10
165 1 -3.428875456074e-10 -1.620076134949e-10
166 1 -2.598309288440e-10 8.672928333670e-10
167 1 3.091652206137e-10 -4.901091347261e-10
168 1 1.685829272938e-10 -3.067438110815e-10
169 1 2.960563211590e-10 -3.300363646475e-10
170 1 -3.703301139749e-10 7.533526421462e-11
171 1 1.816805011023e-10 -2.449258890223e-10
172 1 -1.556982113225e-11 -3.328048322511e-10
173 1 1.550195878075e-10 2.424535774160e-10
174 1 -4.900711720809e-10 5.239060723514e-10
175 1 -1.784008979159e-10 6.550290056846e-11
176 1 -1.318504250359e-10 -2.747763060523e-10
177 1 3.221898203398e-10 -4.711666344671e-10
178 1 -1.022612731820e-11 -8.096459966605e-11
179 1 -3.782756169141e-10 9.333171113636e-11
2 2 -7.452075178884e-08 -2.785956311732e-09
3 2 -1.185117256607e-07 9.657011245655e-08
4 2 -1.127499116173e-07 2.039005424721e-08
5 2 -2.086677438510e-08 -3.859149949655e-08
6 2 2.737903517275e-08 -2.372225781399e-08
7 2 6.964102089456e-08 -2.669485059609e-09
8 2 3.326132631195e-08 -3.989145002477e-09
9 2 -4.068812477608e-09 5.591188231504e-09
10 2 -5.416155499378e-08 -1.003217935596e-08
11 2 -1.040722295153e-08 -1.062402431009e-08
12 2 1.796588635353e-09 3.633726831801e-09
13 2 1.564623177397e-08 -2.839179960574e-08
14 2 -1.038996965555e-08 -1.711043902944e-08
15 2 -1.265699899008e-08 -9.361871029012e-09
16 2 -1.292759498786e-08 5.798951490871e-09
17 2 -1.681258135202e-08 -8.159305090605e-09
18 2 7.383179099276e-09 1.325356600302e-08
19 2 9.381465585897e-09 2.815988113919e-09
20 2 1.783069649732e-08 3.320234642703e-09
21 2 1.873861161364e-09 -9.190407010242e-09
22 2 -1.651091554754e-08 -4.578358447508e-09
23 2 -1.035802006056e-08 5.883969290343e-09
24 2 -5.783489825948e-09 -6.969923877335e-09
25 2 1.395004453005e-08 2.025373641340e-09
26 2 -3.133919022678e-10 2.624964350977e-09
27 2 3.968761278118e-09 1.798096114075e-09
28 2 -7.411786930629e-09 -2.993063911534e-09
29 2 -2.599388245120e-09 -1.270309804043e-09
30 2 -5.109753704664e-09 1.243440341577e-09
31 2 2.338123023918e-09 1.871661153308e-09
32 2 5.614176633173e-09 1.863631551623e-09
33 2 -1.195188141088e-09 4.263718903364e-09
34 2 5.710669433786e-09 -1.218218895972e-09
35 2 -5.439524008291e-09 -5.674968794562e-10
36 2 2.698826209111e-09 -5.734590037519e-09
37 2 -1.588036837889e-09 -7.351507562604e-09
38 2 2.029495143554e-09 -2.002177846320e-10
39 2 -2.581422208445e-09 -4.341617544165e-11
40 2 6.969213380639e-10 1.116325501580e-09
41 2 2.584384271271e-09 8.727192274222e-10
42 2 -6.636655340829e-10 -7.885902329027e-10
43 2 -3.269195602242e-09 1.082504357145e-09
44 2 6.880134175156e-10 1.795967390522e-09
45 2 6.149937606014e-10 -1.028625122485e-09
46 2 2.796039842270e-09 3.348077351374e-09
47 2 1.615571813230e-09 -1.056196938140e-09
48 2 3.555070488903e-09 1.122486298445e-09
49 2 -1.504118238984e-09 -1.802111212825e-09
50 2 -2.323278642339e-09 8.967516994645e-10
51 2 -6.197487353204e-09 -5.431096106566e-10
52 2 1.644709774506e-09 -4.442380789130e-10
53 2 1.523917044687e-09 -9.024327833098e-10
54 2 3.350957478009e-09 7.094145741059e-10
55 2 1.239250307644e-09 1.977623375428e-09
56 2 -2.566886267048e-09 1.452834554580e-09
57 2 -3.513687183407e-09 4.654602037379e-10
58 2 2.719318996533e-10 1.522425241667e-09
59 2 2.654387202868e-09 -2.359247758169e-11
60 2 9.445377782658e-10 6.051457234046e-10
61 2 -8.378544104355e-10 -7.539013752017e-10
62 2 -1.657987296338e-09 3.061044047365e-09
63 2 -1.648433683423e-09 -1.074767695140e-09
64 2 -2.202217081963e-09 1.627552687781e-09
65 2 -9.550243314422e-10 -9.469715036144e-10
66 2 1.054180652687e-09 -4.969171755636e-10
67 2 -1.238033662903e-09 -2.081526355547e-09
68 2 -1.435379664496e-09 -9.539528447499e-11
69 2 -2.184869240660e-09 -8.499261286797e-11
70 2 1.549370023349e-10 9.058623806670e-10
71 2 3.439095095125e-10 -2.309627933336e-09
72 2 1.792769947140e-09 -1.906032783637e-11
73 2 -1.827328541452e-09 -1.589371485320e-09
74 2 5.069229125247e-10 6.252765722770e-10
75 2 -1.253107474376e-09 -1.100490556426e-09
76 2 5.624178492707e-10 9.799699959263e-10
77 2 -5.441994724994e-10 -4.060330103617e-10
78 2 -1.768958799341e-10 7.981170584414e-11
79 2 5.010933642060e-10 -7.683584649820e-10
80 2 -5.643797586680e-10 -9.604718540439e-10
81 2 -7.638067674140e-10 -7.903191076415e-10
82 2 1.776242827729e-10 -1.613251291968e-09
83 2 1.133492987012e-09 1.507149008725e-10
84 2 -7.430208154009e-11 -9.099633251138e-10
85 2 1.390230645301e-09 -1.077335329821e-10
86 2 -1.422979282399e-09 -2.185261913201e-09
87 2 5.967801217018e-10 1.228283195622e-09
88 2 -1.542631226571e-09 -8.582743814457e-10
89 2 3.036497172550e-11 8.720875098166e-11
90 2 -3.458565342312e-10 2.902377689947e-10
91 2 1.988466445249e-10 -8.167095572641e-10
92 2 1.109902045741e-09 -2.388945088954e-12
93 2 6.393128204773e-10 2.806635456564e-10
94 2 -2.044605502243e-10 4.646843392663e-10
95 2 -8.108888639544e-10 7.671513438379e-11
96 2 7.180593430664e-10 -2.714677117433e-10
97 2 -7.227982944322e-10 -1.259428907927e-10
98 2 2.773333954631e-10 -7.771532519874e-10
99 2 2.316730483933e-10 -7.817722477624e-10
100 2 8.350756580185e-10 -7.242864094343e-10
101 2 -2.477583842774e-10 -1.590886896259e-11
102 2 -6.043183201532e-10 4.268153212763e-10
103 2 -3.577797125982e-10 -2.583568166710e-10
104 2 -4.539239536071e-10 -7.184638836978e-10
105 2 1.024944523688e-10 1.233876342096e-09
106 2 7.387504048731e-10 -1.632481860217e-10
107 2 1.047270782927e-09 6.664601276343e-10
108 2 -4.193497823946e-10 -1.035654048373e-09
109 2 -3.272916729258e-10 6.778463796333e-10
110 2 -5.994232465891e-10 1.359874418240e-09
111 2 5.315776440627e-10 7.954961966263e-11
112 2 9.042034625452e-10 -3.284090980316e-10
113 2 6.686849093226e-10 -2.345541631564e-10
114 2 -9.100906412973e-11 9.402012909963e-11
115 2 -4.997498999409e-10 -2.366298893747e-10
116 2 -1.097965136219e-09 -3.300180351726e-10
117 2 -1.207653990077e-09 2.265406959233e-10
118 2 -2.333340918011e-10 2.077920390884e-10
119 2 5.864688095977e-10 -5.652274649512e-10
120 2 2.669899383482e-10 -2.389378259591e-10
121 2 2.600052424874e-11 -4.613400434112e-11
122 2 -1.674931538746e-10 6.272318537482e-11
123 2 -1.973016265438e-10 5.199431245709e-12
124 2 -7.694794339427e-10 6.534100026926e-10
125 2 -2.665444337906e-10 2.606327016374e-10
126 2 -2.624454996465e-10 -4.612802124654e-10
127 2 1.314159262233e-09 5.875947590142e-10
128 2 9.493693438201e-10 3.219994950047e-10
129 2 1.974400436447e-10 -7.532167718719e-10
130 2 -3.017076773432e-10 -2.520936733644e-10
131 2 -3.527952807139e-10 6.030717732974e-10
132 2 -3.026598886782e-10 -3.107300308727e-10
133 2 1.067082100798e-10 -5.916543678701e-10
134 2 9.679083040462e-10 -7.534054709430e-10
135 2 -2.933833848243e-10 -3.636386712202e-10
136 2 -2.043350049287e-10 -2.903646007309e-10
137 2 -8.065710789619e-10 -1.482066777905e-10
138 2 1.795581006569e-10 5.851430098773e-11
139 2 -9.634743661002e-11 2.136051979437e-10
140 2 6.653553644667e-10 9.612672357379e-11
141 2 1.873635992921e-10 -1.411680770777e-10
142 2 2.232034006336e-11 3.588492657771e-10
143 2 -7.836834038854e-10 -5.773289422719e-11
144 2 -7.152766005005e-10 -5.424078363120e-10
145 2 1.913971478664e-10 -3.235639097949e-10
146 2 8.092332455558e-11 6.099322659162e-10
147 2 5.563451037149e-10 -2.954667876369e-10
148 2 -2.029346528812e-10 -5.430798687715e-10
149 2 -1.830163233122e-10 -3.745850377343e-10
150 2 -2.845194749762e-10 5.740738314007e-10
151 2 -1.084770771014e-10 -4.521164608755e-10
152 2 4.088146064127e-11 -7.433074868329e-10
153 2 -8.700859597580e-11 -3.670850565031e-10
154 2 3.733486949120e-10 2.071695155693e-10
155 2 -1.769793749767e-10 -1.352052025588e-11
156 2 1.735968830774e-10 -1.161131903930e-11
157 2 9.612631121655e-11 9.195022280203e-10
158 2 4.583033198935e-10 2.469379224099e-10
159 2 -9.093999719965e-11 -5.355277567557e-10
160 2 1.431649608280e-10 5.805924384965e-11
161 2 -4.446656539506e-10 5.792865548679e-10
162 2 -2.234412532707e-10 3.470574713845e-10
163 2 -2.427898705072e-10 -3.468601283754e-10
164 2 1.647960232342e-10 5.620235045230e-10
165 2 3.511436556958e-10 1.253009331566e-10
166 2 -3.775624165499e-10 2.656769893251e-10
167 2 8.923104375221e-11 -1.535439546600e-11
168 2 -4.359834469432e-10 -6.089943864555e-10
169 2 -6.186217164796e-11 4.495591578253e-11
170 2 -2.985244873543e-10 1.222913773436e-10
171 2 6.744506250021e-10 3.848855856573e-10
172 2 3.545817869335e-10 1.410895207801e-10
173 2 -3.564479793937e-10 8.959977189376e-11
174 2 -5.522375949978e-10 -2.331891399895e-10
175 2 -5.092650856714e-10 -1.840051536600e-10
176 2 5.291748182939e-10 5.762873562229e-10
177 2 1.078263281011e-10 3.425470448420e-10
178 2 -9.126401577316e-11 2.776932287436e-10
179 2 -7.028976119322e-11 -1.093070321993e-10
3 3 1.462346477816e-08 9.227942110369e-08
4 3 7.781115665783e-08 -5.166350196664e-08
5 3 3.042848724571e-08 -1.837409880808e-08
6 3 1.668282987151e-08 3.280550289372e-08
7 3 -6.378410693207e-09 1.738418218859e-08
8 3 1.555420635790e-08 2.942389003984e-08
9 3 1.171779467309e-09 1.504191127915e-08
10 3 -2.346563198698e-08 -2.784081746335e-08
11 3 -4.718045730605e-09 -2.293798083696e-08
12 3 -1.239834332726e-08 -2.670123376735e-08
13 3 -2.305226053812e-08 1.166798094495e-08
14 3 2.755504764624e-09 4.440865662644e-09
15 3 4.793623050982e-09 2.729469781705e-08
16 3 -1.771913858424e-08 -1.472939212979e-08
17 3 5.108825422322e-09 -4.075319171799e-10
18 3 -9.569994908870e-09 -1.233416457514e-08
19 3 -3.538955995178e-09 8.812934615509e-10
20 3 -7.704391603590e-09 1.465257004894e-08
21 3 9.802328445999e-09 9.939145307077e-09
22 3 2.415351601307e-09 7.738071877713e-09
23 3 -1.299560637304e-09 -9.368655418672e-09
24 3 -1.091798291926e-08 -4.576394079539e-09
25 3 -1.024358758053e-08 -7.533138108500e-09
26 3 3.112718125318e-09 9.849571539122e-09
27 3 -2.220389186841e-09 3.913479402340e-09
28 3 -2.541300388432e-10 6.592875424008e-09
29 3 -3.122659016724e-09 -2.855866222879e-09
30 3 -4.122003134110e-09 -4.107907648066e-09
31 3 -2.053915978319e-09 -4.882615395057e-09
32 3 -6.135168084040e-10 -6.068236339163e-09
33 3 -4.726487334450e-09 3.353184017424e-09
34 3 3.687673132367e-09 2.854828845485e-09
35 3 -2.833931341501e-09 2.590051519831e-09
36 3 -8.353951579909e-10 -1.093670698147e-08
37 3 -2.213804656312e-09 2.212200896791e-09
38 3 -1.203628168567e-09 -3.030720321031e-09
39 3 -2.897816968735e-09 5.690627824809e-09
40 3 -4.629517516431e-09 -1.925240346417e-09
41 3 2.022845294879e-09 1.105146651355e-09
42 3 5.793790607887e-10 1.354266401033e-09
43 3 4.513185604043e-09 -3.055742314795e-10
44 3 -2.623313962450e-09 -1.180454125507e-09
45 3 -2.510460306484e-09 -4.296056498233e-09
46 3 3.504758810665e-09 9.317140162173e-10
47 3 -1.496948817688e-09 -1.100191321601e-10
48 3 -2.661058291594e-10 3.132325136568e-09
49 3 -5.791054750861e-10 3.492481548490e-10
50 3 1.315427102165e-09 -1.179890278542e-09
51 3 -5.815744913458e-10 -3.117256800859e-09
52 3 2.188193997624e-09 -9.465139780627e-10
53 3 -8.857792487784e-10 5.060938818670e-10
54 3 3.289514951175e-09 1.297235541431e-09
55 3 3.207044075366e-09 3.696541080588e-09
56 3 -9.807747989141e-10 1.555400710185e-09
57 3 -1.543246769110e-09 3.206496366113e-09
58 3 -3.636633668171e-10 -2.218254931129e-09
59 3 -2.935689821866e-10 -1.670540102806e-09
60 3 2.266777107750e-09 4.534349196588e-10
61 3 -3.120313324229e-10 4.061071275318e-09
62 3 1.874516443037e-09 1.781339943540e-09
63 3 -1.079321829975e-09 7.880611713036e-10
64 3 2.404387023670e-10 -3.234679598229e-10
65 3 -1.319394213017e-09 -1.250942100381e-10
66 3 1.416194698165e-09 -7.052146491834e-10
67 3 -8.655558472522e-10 -4.698001298103e-10
68 3 9.233772634443e-10 2.957071294060e-10
69 3 3.387022856425e-10 -9.138530944612e-10
70 3 -5.228486504543e-10 8.989373276677e-10
71 3 6.667229269990e-10 1.577970925329e-10
72 3 -3.898160549679e-10 1.481747482662e-09
73 3 1.692794190286e-09 2.773931895269e-10
74 3 -1.622942754646e-09 1.122626148203e-09
75 3 5.716033338667e-10 -5.237885198249e-10
76 3 7.247326024228e-11 -8.440292172057e-11
77 3 -8.320740887621e-10 -1.564106849124e-10
78 3 -1.590678102454e-09 2.810883599064e-09
79 3 -1.789232068070e-09 1.768495100413e-09
80 3 -2.138682689430e-11 2.350749844376e-10
81 3 1.233832275842e-09 -1.241894885336e-09
82 3 -2.378092018011e-10 -4.786467344180e-10
83 3 -4.012261733944e-10 -1.532189091622e-09
84 3 -6.630382762853e-10 6.553010276759e-10
85 3 -1.261059201972e-09 7.280437593102e-10
86 3 5.244197516323e-10 1.772725660926e-09
87 3 5.808565299882e-10 2.795744726059e-10
88 3 3.596661054353e-10 -1.046148144903e-10
89 3 -1.547356014489e-09 -2.901250594903e-10
90 3 -4.881629830590e-10 1.117974690083e-09
91 3 -9.117723694525e-10 -1.073009835351e-09
92 3 2.903979700225e-10 7.459607166675e-10
93 3 -7.109960120142e-10 8.997992587407e-10
94 3 -9.133793704026e-10 1.098920634444e-09
95 3 -5.332012068370e-10 4.939405026156e-10
96 3 7.153871632269e-10 5.215172794040e-10
97 3 1.657092844437e-09 -1.167915824567e-09
98 3 7.499210641409e-10 -5.877977401618e-10
99 3 -8.043986350690e-10 6.468488622816e-12
100 3 -5.841799820357e-10 3.417987921571e-10
101 3 1.343582180863e-09 1.274043299024e-09
102 3 -3.960974677112e-10 5.264255481277e-10
103 3 7.999603818039e-10 -3.834091521888e-10
104 3 -2.807496226469e-10 -7.268115970862e-10
105 3 -5.306137214275e-10 -2.621669749441e-10
106 3 -7.034888886164e-11 2.453958400385e-11
107 3 2.793005156660e-10 2.406393654895e-10
108 3 1.270562830740e-09 1.332668094141e-09
109 3 -3.378267311707e-10 9.632690320416e-12
110 3 -7.494802437953e-11 -4.999251589668e-10
111 3 -7.706582367951e-10 -1.056516252485e-09
112 3 -2.849286037996e-10 -6.594271024210e-10
113 3 -1.030944485131e-10 8.136961044397e-10
114 3 -1.789707081329e-10 3.023468918117e-10
115 3 4.777879246116e-10 6.752273788768e-10
116 3 1.062399166793e-09 -2.133931688147e-10
117 3 5.077736670840e-10 3.212723717149e-10
118 3 -2.652037122372e-10 -6.334965628787e-10
119 3 -8.512083864080e-10 3.503601106949e-11
120 3 -1.088917216844e-09 -3.518664900393e-10
121 3 3.499568644290e-10 4.998563445239e-10
122 3 3.767091662064e-10 -2.391732671675e-11
123 3 3.482899205203e-10 1.015772747213e-09
124 3 -5.729208352422e-10 4.112579996248e-10
125 3 -3.500526165635e-10 1.930088499137e-11
126 3 -1.326519100478e-10 1.297656351531e-10
127 3 4.620405516000e-10 -8.164679149824e-11
128 3 7.211846297277e-11 4.978096884800e-10
129 3 4.461255294933e-11 4.896775999063e-10
130 3 1.521824590078e-10 3.947109245357e-10
131 3 -4.953992704690e-10 2.494522550074e-10
132 3 -5.060591815694e-11 -5.789007234987e-10
133 3 -4.430727549947e-10 -1.826824255187e-10
134 3 -1.136878905047e-10 3.021153038918e-10
135 3 -3.263027032602e-10 6.247169924975e-10
136 3 3.018395928892e-10 1.650015834326e-10
137 3 4.261568027712e-11 1.724370657598e-10
138 3 4.604832705187e-10 -5.435617636246e-10
139 3 -7.821116308888e-10 -4.104719052616e-10
140 3 -5.511025860241e-10 -5.302585297092e-10
141 3 4.312971336729e-10 9.753154863910e-10
142 3 1.007596406847e-10 4.833662264080e-10
143 3 8.407816880365e-11 3.145527296154e-10
144 3 -8.394327945941e-10 -2.963187405704e-10
145 3 2.237800183316e-10 -1.691023062073e-10
146 3 5.136269567554e-11 -5.549400173776e-11
147 3 -2.287431986610e-10 2.581880790277e-10
148 3 1.937089210925e-10 6.620756275261e-10
149 3 -1.060720257123e-10 3.518166089390e-10
150 3 -2.607184787704e-10 -4.920761431564e-11
151 3 -1.023270986184e-09 -4.919338635637e-10
152 3 1.880025286360e-10 2.733688017927e-10
153 3 3.540283180729e-10 6.691403783938e-10
154 3 -2.323053098152e-10 4.440683533459e-11
155 3 1.083719624787e-10 -2.235854221956e-10
156 3 4.605417665569e-10 1.320685762225e-10
157 3 5.993502743902e-10 6.652956056303e-11
158 3 -5.125132005706e-10 -4.622491840914e-11
159 3 -8.226256829010e-10 -1.096944214843e-10
160 3 -3.523719765385e-10 1.242444755834e-10
161 3 -1.822722949163e-10 1.579860865206e-10
162 3 -1.429144391308e-10 -2.637731701638e-10
163 3 1.832927404117e-10 -2.139150375905e-11
164 3 5.461858093551e-10 5.380527294812e-10
165 3 2.248226461215e-11 7.948216020922e-10
166 3 -1.579644380297e-10 2.229896701941e-10
167 3 1.063018519208e-10 4.403018580134e-11
168 3 8.998740864885e-10 5.309010038413e-11
169 3 -1.406476761803e-10 -9.506778683218e-11
170 3 -1.268599904164e-10 1.320406258843e-10
171 3 -9.676721425730e-11 2.903437646494e-10
172 3 2.027592586739e-10 1.861691906082e-10
173 3 5.365739469753e-11 1.115647566479e-10
174 3 -2.601332328889e-10 3.067621108610e-10
175 3 5.895584589647e-11 -2.271786311645e-10
176 3 9.799619051145e-11 3.053720902544e-10
177 3 -1.676854805459e-10 1.557729218459e-10
178 3 -9.473723152066e-11 -5.545402971080e-10
179 3 -1.757577943912e-10 2.239255388443e-10
4 4 -6.504388220716e-10 1.206283036156e-07
5 4 1.377220584714e-07 -4.132679080920e-08
6 4 6.993108101728e-08 -4.195200811505e-08
7 4 -3.352366927892e-08 9.000826175049e-09
8 4 -1.068217808269e-08 1.524489046880e-08
9 4 -2.202044942435e-08 2.175471858486e-08
10 4 -3.568703450413e-08 1.589765389657e-08
11 4 6.226121847553e-09 -1.579316167162e-08
12 4 -4.713495221369e-09 5.887749718328e-10
13 4 5.221290773834e-09 -7.212523825784e-09
14 4 3.092404191461e-09 -1.937400213185e-08
15 4 -2.097825972898e-08 -1.097237245259e-08
16 4 -1.310152066760e-08 1.679552954441e-08
17 4 -6.083127300087e-09 6.495370297559e-09
18 4 4.746762118625e-09 1.837342444816e-09
19 4 1.112019584017e-08 -1.266275980691e-08
20 4 6.817829888602e-09 -1.757551477342e-08
21 4 -3.901090735646e-10 -1.218545269235e-09
22 4 -5.993981210048e-09 -7.427509244719e-09
23 4 -1.310840577442e-08 3.803874768345e-09
24 4 5.674329183329e-09 4.051042065560e-09
25 4 9.572344687055e-09 8.577961092971e-10
26 4 4.890996219741e-09 -9.639466837680e-09
27 4 -1.003912144457e-09 -2.859232383493e-10
28 4 -3.048424272290e-09 6.017110024695e-10
29 4 -6.723310185607e-09 -3.154975260002e-09
30 4 -2.495670123416e-09 6.319369331162e-10
31 4 9.742208320174e-09 3.129105486732e-10
32 4 2.414252641703e-09 2.800395721702e-12
33 4 5.220549409023e-10 4.662463350524e-09
34 4 -3.750412612513e-09 -1.009246791369e-09
35 4 -2.559891117881e-09 7.669213594999e-09
36 4 1.974828498298e-09 -1.927432626707e-09
37 4 2.221879242568e-09 1.045546619707e-09
38 4 5.453758798622e-09 -2.916687502661e-09
39 4 -1.941782809281e-09 -3.877466966265e-09
40 4 1.131930418827e-09 -3.599148711092e-09
41 4 -5.523134502290e-09 1.613935343603e-09
42 4 4.129548849655e-09 -1.525742280996e-09
43 4 -4.178899987677e-09 1.978496156429e-09
44 4 1.216720567389e-09 -2.001439142466e-10
45 4 -1.234014822686e-09 -2.618689161893e-09
46 4 1.779544480836e-09 -6.709844014206e-09
47 4 9.884012231268e-10 4.215672975788e-10
48 4 -2.173745491499e-10 -1.064862355097e-09
49 4 1.106042362245e-09 4.717810541649e-09
50 4 -8.815540194918e-09 4.469006865467e-10
51 4 4.037822551959e-10 3.100136143352e-09
52 4 -9.610272596875e-10 -1.020761787870e-09
53 4 2.939074167249e-09 -4.956470436137e-10
54 4 -1.309992634265e-09 -3.116477061110e-09
55 4 -7.712239607488e-10 2.153230082048e-09
56 4 -2.010856495523e-09 1.133345173066e-09
57 4 -4.288508935421e-09 -1.130001135942e-09
58 4 -2.141622500554e-09 4.788717691686e-10
59 4 1.656420067918e-09 1.632138470417e-09
60 4 5.755298021699e-09 -1.335354950601e-09
61 4 -1.559129370354e-09 -7.182553117017e-10
62 4 1.477800168162e-09 -5.924082636735e-10
63 4 -2.164045998198e-09 2.249604830216e-09
64 4 -2.228310032261e-10 2.713944901792e-10
65 4 -7.667811573868e-10 3.111559975199e-10
66 4 1.750098626584e-09 -6.016997247110e-10
67 4 -3.146690676360e-10 1.557809977816e-09
68 4 1.916648011789e-09 -7.321345352984e-10
69 4 -1.836185109924e-09 3.404669187033e-10
70 4 1.280214865983e-09 6.921611225640e-11
71 4 -7.802550875049e-10 -1.994357604709e-09
72 4 9.426900305263e-11 -4.894236652699e-11
73 4 -2.006898201192e-09 -1.604315567544e-10
74 4 -1.206346299249e-09 6.145548808059e-10
75 4 3.952901932582e-10 -5.486940850902e-10
76 4 1.096804330617e-09 3.012903272547e-10
77 4 9.567645906159e-10 1.499581924561e-10
78 4 2.285562778453e-09 -4.671609360601e-10
79 4 -1.479640638519e-09 -6.083862284506e-10
80 4 -1.244627365022e-09 -5.119852720360e-10
81 4 -2.826959300187e-11 7.277398340870e-10
82 4 -4.867139561229e-10 1.109223423969e-09
83 4 1.118707225138e-09 8.627868207971e-11
84 4 4.818676432967e-11 -1.692923896159e-10
85 4 -7.849140822958e-10 -1.641683472597e-10
86 4 -7.196865832973e-10 -3.781361148156e-11
87 4 -1.049070066537e-09 -7.383230142321e-10
88 4 -2.150510671487e-09 1.880180482355e-10
89 4 -3.275909843312e-10 -5.207123198963e-10
90 4 -8.176499237227e-10 8.959992932811e-10
91 4 9.989451937848e-10 -1.584098985121e-09
92 4 4.683536286740e-10 -4.125402762647e-11
93 4 4.440346647348e-10 -1.328284315738e-11
94 4 3.890234984855e-10 -3.041954624703e-10
95 4 -1.848278241096e-09 4.904274270912e-10
96 4 -7.490487236061e-10 1.096087338258e-09
97 4 -3.241340517259e-10 2.805364305723e-10
98 4 3.259165807112e-10 -1.398303289671e-09
99 4 8.348887091720e-10 -4.035194325063e-10
100 4 1.871248772930e-10 8.793462490978e-12
101 4 -7.647074161306e-10 3.397327989916e-12
102 4 -2.124808074149e-09 6.554740825748e-10
103 4 -3.376859928211e-10 -5.968072800853e-10
104 4 -1.088248655659e-09 8.377166171202e-10
105 4 5.097191316773e-10 -8.238363460141e-10
106 4 8.043171320996e-10 -1.025205060047e-10
107 4 1.569354077422e-09 -1.468322397310e-09
108 4 -1.122757259163e-09 -1.289207789212e-10
109 4 -1.319593026208e-09 -9.359390775460e-11
110 4 -1.778727529996e-09 1.535019056440e-09
111 4 -3.572904660145e-12 5.068565680733e-10
112 4 1.024941187499e-10 4.127482700349e-10
113 4 -7.401482704089e-11 -1.167688660104e-09
114 4 -5.763402386633e-10 -2.533707543581e-10
115 4 7.949057809139e-11 -5.783118707809e-11
116 4 -3.736111979895e-10 1.130843543109e-09
117 4 -1.424622052721e-10 9.818900094892e-10
118 4 -2.057090595139e-10 8.037966300241e-10
119 4 -9.830048022528e-11 1.281504050713e-10
120 4 -3.299697695142e-10 -7.062701119318e-11
121 4 4.852063390476e-11 -7.859192059460e-10
122 4 5.263052425557e-12 1.581850233230e-10
123 4 7.295673168962e-10 -2.120404865819e-10
124 4 -7.883589226714e-11 8.774335635618e-10
125 4 -4.873534888301e-10 1.786860504309e-10
126 4 -3.111905273200e-10 4.319930055939e-10
127 4 -1.047631555572e-10 -2.172783534045e-10
128 4 4.016619863719e-10 -3.170044029579e-10
129 4 3.197839169514e-11 -6.354188967838e-10
130 4 -5.833947652024e-11 3.477448848761e-10
131 4 -2.777139766587e-10 9.237591392749e-10
132 4 3.389501351276e-10 4.173900159492e-10
133 4 5.936333792206e-10 1.383987076324e-10
134 4 1.033289826944e-09 -4.548153660896e-11
135 4 2.058166658871e-10 -1.227449332357e-10
136 4 -1.677028035805e-10 -3.836933857815e-10
137 4 -5.651392382466e-10 1.539787403617e-10
138 4 -6.758372132737e-10 -2.098071961620e-10
139 4 -2.909648423856e-10 -1.183022555729e-10
140 4 5.918014175141e-10 -4.735254193903e-10
141 4 2.130437078443e-10 9.669321370457e-11
142 4 2.687341245474e-10 4.215921851550e-10
143 4 -7.798712359645e-10 -7.914615051218e-10
144 4 4.421074652931e-10 -1.003002539124e-10
145 4 -2.575305736754e-10 -1.150341167696e-10
146 4 4.996588521423e-10 2.975835768036e-10
147 4 -9.979836412861e-11 -9.061957261434e-11
148 4 -7.199501165678e-12 3.775530220956e-10
149 4 -3.866069687880e-10 -8.169548667784e-12
150 4 -5.496257296679e-10 5.431315737689e-10
151 4 5.658002271599e-10 7.631620156738e-10
152 4 7.997152092623e-10 -4.016607857117e-10
153 4 1.231072124432e-10 1.128686607856e-10
154 4 -5.023133322092e-10 9.600505605570e-11
155 4 -1.573179432933e-10 6.549822322101e-10
156 4 4.568022062722e-10 -1.362189143740e-10
157 4 -2.444989271002e-10 6.521373600373e-10
158 4 -1.187184621975e-11 -4.564071700348e-10
159 4 3.393938519762e-11 -5.373049889229e-10
160 4 3.392315783175e-10 -3.186138294845e-11
161 4 -7.548916183146e-10 2.015814018549e-10
162 4 2.295881343534e-10 7.585214250258e-10
163 4 2.547946768543e-10 -3.041275388454e-10
164 4 4.439608334701e-10 1.703791788641e-10
165 4 -4.886413296888e-10 1.591729551273e-10
166 4 -3.023566124854e-10 7.081866827934e-10
167 4 -3.767200879301e-11 2.828821573380e-11
168 4 -5.285088127713e-11 8.593943535108e-11
169 4 -1.650705707993e-10 1.419753843848e-11
170 4 2.674019327176e-10 -1.743445289349e-10
171 4 2.586798984104e-10 5.762885310491e-10
172 4 -1.305311886344e-10 3.744265060758e-10
173 4 -7.402335289258e-11 9.558492779099e-11
174 4 -4.438458860789e-11 -4.862165041536e-10
175 4 3.907213206158e-10 -3.200181513101e-10
176 4 -1.648935193853e-10 3.073612999871e-10
177 4 -5.146320892990e-11 1.020416878519e-10
178 4 1.259205379424e-11 -7.324576807511e-10
179 4 -5.651140008760e-11 -3.381668290643e-10
5 5 -1.335366477991e-08 6.530944402647e-08
6 5 -3.508598551785e-08 -2.561567725727e-08
7 5 7.754323589155e-10 2.164659295023e-08
8 5 -1.777063536431e-08 2.133407076354e-08
9 5 3.627281514178e-09 1.593679713053e-08
10 5 5.617558263778e-09 -3.279054991642e-09
11 5 1.410428680481e-08 -2.655827249649e-09
12 5 -2.504853937787e-09 -1.124034059873e-08
13 5 3.594603823522e-10 1.297892491763e-08
14 5 -2.711128762907e-09 7.569299789911e-09
15 5 4.196766287235e-09 -6.157297411679e-10
16 5 -9.981094451070e-09 -7.211472314162e-09
17 5 -1.826290484110e-08 -1.972608185566e-09
18 5 -1.230176156687e-08 1.274596657158e-09
19 5 -1.339923247828e-09 1.210340192062e-08
20 5 -1.221589201229e-08 2.984334071704e-09
21 5 -4.006984290156e-09 1.020069439585e-08
22 5 -1.561439616842e-08 -8.513393654698e-09
23 5 -6.026291404748e-09 -5.563237321582e-09
24 5 -8.317957235783e-09 -1.562668935391e-08
25 5 -9.552081665967e-09 -2.179028188109e-09
26 5 1.192879039456e-09 4.496565046260e-09
27 5 4.379038582174e-09 1.026154881396e-08
28 5 5.668359751719e-09 1.393119368439e-09
29 5 -2.432123111020e-09 4.399979443636e-09
30 5 -7.520170553073e-09 -3.449608152354e-09
31 5 -4.436082709350e-09 4.840871925799e-09
32 5 4.901434331575e-09 1.376441646267e-09
33 5 1.490697903047e-09 1.535479751205e-09
34 5 6.048127675455e-10 6.028660963635e-09
35 5 3.358545434304e-09 -6.330758427714e-09
36 5 -3.876278540466e-09 6.547493002747e-10
37 5 -2.053022115458e-09 -6.329912552168e-09
38 5 -1.780227011670e-09 3.417579166402e-09
39 5 4.749620607662e-09 1.253888577263e-09
40 5 6.509898864985e-09 6.597630443059e-10
41 5 4.677345523799e-09 -3.524278712403e-09
42 5 3.040967157318e-11 1.419844771585e-09
43 5 -4.314471356036e-09 5.715428365007e-09
44 5 -2.129871998649e-09 3.897387635767e-10
45 5 -7.000272657816e-10 -3.540260068125e-09
46 5 -8.332394229911e-11 -3.106520009667e-09
47 5 1.096911933589e-09 -1.444871089136e-09
48 5 4.048158714718e-09 -1.326634960889e-09
49 5 -3.270822541023e-10 1.538866833412e-09
50 5 -2.203070385069e-09 1.469373086145e-10
51 5 -5.742224320610e-09 2.814065904539e-10
52 5 -2.385921455063e-10 -8.382742588222e-10
53 5 1.968575961954e-10 -1.263361308159e-09
54 5 8.766200153724e-10 4.821151149759e-11
55 5 4.319989698450e-09 1.094127428200e-09
56 5 2.598117735692e-09 5.594061865265e-10
57 5 -2.073668275212e-09 4.985507312873e-10
58 5 -6.145062636797e-10 -1.503433549760e-09
59 5 -1.276426488955e-09 -3.570744726821e-09
60 5 -1.437124497421e-10 -1.293191786004e-09
61 5 1.282084913926e-09 1.331458388485e-09
62 5 2.586005759134e-09 2.798703734190e-10
63 5 1.338473774164e-09 7.587114085663e-10
64 5 -4.830294167747e-10 -2.405971759640e-09
65 5 -9.462290666277e-10 -6.959209260319e-10
66 5 3.198209776247e-09 5.989910611116e-10
67 5 -1.666576295196e-09 2.704964560785e-09
68 5 -3.440660414784e-10 6.274646905342e-10
69 5 1.630607090033e-09 1.601740065450e-09
70 5 -4.852274131318e-10 -3.463847173591e-10
71 5 -1.240518885327e-09 1.401289259882e-09
72 5 1.041328256906e-10 1.298160144184e-09
73 5 -1.395498586595e-09 7.163054969746e-10
74 5 -9.396924565849e-11 -3.084305140956e-10
75 5 6.926051072023e-10 1.476544039842e-09
76 5 1.029650219288e-09 1.044822947189e-10
77 5 5.150089938901e-10 -8.064351595461e-10
78 5 -1.814470648255e-09 1.386664330010e-09
79 5 -1.247824658871e-09 1.234398871531e-10
80 5 1.717543298187e-09 6.569600511965e-10
81 5 1.330511211039e-10 -2.598041011457e-10
82 5 -1.895225502757e-10 -7.003297871280e-10
83 5 1.137806806830e-12 8.395961183341e-10
84 5 -3.574474503961e-10 9.911633340320e-10
85 5 -1.758463921878e-09 6.857344063684e-10
86 5 1.371896072825e-09 9.612373231144e-10
87 5 7.259446164403e-10 4.427617508714e-10
88 5 1.397922381846e-09 -7.020990725426e-11
89 5 -1.360900366439e-09 -4.181307528639e-10
90 5 6.324684212919e-10 -3.800139821716e-11
91 5 -5.992819377934e-10 -1.572836100356e-10
92 5 8.540601714831e-10 -4.393943301750e-10
93 5 9.704514637759e-11 3.891954499372e-10
94 5 1.245586955170e-09 1.021891089896e-09
95 5 1.174064281430e-09 5.858562492682e-10
96 5 -3.834651965886e-10 -1.343571416388e-11
97 5 -3.523404048626e-10 -7.918981592100e-10
98 5 -7.966995042926e-10 1.996373862411e-10
99 5 -1.332954052409e-10 -1.035376795551e-09
100 5 8.972682058815e-10 8.851647320164e-10
101 5 1.243830745524e-09 4.629405775261e-10
102 5 1.723287932509e-09 4.982923444492e-10
103 5 1.006651917291e-09 -5.546124805804e-10
104 5 3.651483572627e-10 -7.449820960253e-10
105 5 -1.256660068839e-09 1.252428498386e-10
106 5 -9.719831460837e-11 6.707211520452e-10
107 5 9.359329992663e-10 6.345127674599e-10
108 5 1.207171955921e-09 -1.344711454169e-10
109 5 9.603986927505e-10 -4.232338987510e-10
110 5 -5.275280475989e-11 -7.066493915666e-10
111 5 -4.357573106799e-10 5.377068261827e-10
112 5 -1.034635921678e-09 3.505630083563e-10
113 5 2.902180516040e-10 1.401688912114e-09
114 5 -3.827421651171e-10 4.720402831012e-11
115 5 2.105184169965e-09 6.610050344307e-10
116 5 2.357515286324e-10 -2.957500447408e-10
117 5 9.810043335158e-10 -1.539021066824e-10
118 5 -3.367290678356e-10 7.110546629946e-10
119 5 -3.366684828905e-10 -3.515636265805e-10
120 5 -5.495562994204e-10 4.250553939288e-10
121 5 1.074992766740e-09 3.788441612420e-11
122 5 6.775402025842e-10 7.100429745044e-10
123 5 9.578284226151e-10 -8.249378455625e-10
124 5 -1.383850326008e-10 6.560706417200e-11
125 5 -6.223301945310e-10 9.874784334589e-11
126 5 -1.079894261596e-09 4.990425382003e-10
127 5 -2.929221192862e-10 5.024399947429e-10
128 5 2.520028100107e-10 -2.694988576426e-10
129 5 4.582135357257e-10 6.420108745379e-10
130 5 -6.232432411613e-11 -3.863695925456e-10
131 5 4.182212921495e-10 1.022940082256e-10
132 5 -6.902060780528e-11 -4.560644446589e-10
133 5 3.130237491100e-10 5.617943183442e-10
134 5 -6.729181179445e-10 5.937595172366e-11
135 5 4.750216793582e-10 -2.893915059310e-10
136 5 4.125745155423e-10 4.356766880035e-11
137 5 5.397748774097e-10 5.300741676681e-11
138 5 2.257981133772e-10 2.624231639827e-10
139 5 2.526120960504e-10 -9.348445918245e-10
140 5 5.902332080109e-10 -3.000786645498e-10
141 5 1.882713074058e-10 5.222578228668e-11
142 5 8.648951512090e-10 8.085570393254e-10
143 5 -1.276097604551e-10 -2.330944121912e-10
144 5 -1.036070223726e-09 -6.551969924539e-10
145 5 -1.977255699741e-10 -3.138819254143e-10
146 5 -1.628812920682e-11 -4.523660838891e-11
147 5 7.981477582788e-10 1.829643759901e-10
148 5 1.842440365316e-10 -1.100051955465e-10
149 5 -1.527523040780e-10 -1.831598530942e-10
150 5 2.301498228302e-10 -7.028124352830e-10
151 5 9.209021372819e-11 -4.961399590735e-10
152 5 5.850897055637e-10 2.307765228754e-10
153 5 -4.131195349418e-11 2.066957639385e-10
154 5 -6.395900070248e-11 -4.974178974273e-10
155 5 3.886988060094e-10 -7.238472467643e-10
156 5 4.971469836736e-10 -1.101435433262e-10
157 5 -1.818148397790e-10 1.529275410312e-10
158 5 4.228974857603e-10 2.381199205785e-10
159 5 -3.261732644504e-10 -6.852596743937e-10
160 5 2.374879704485e-10 1.560436849194e-11
161 5 -2.335936981462e-11 -4.396420751775e-10
162 5 1.047249061831e-09 -4.885223767554e-10
163 5 -1.790249716372e-10 -6.198439760223e-10
164 5 9.019785233929e-13 4.405731594143e-10
165 5 -4.470840514176e-10 1.319193741519e-10
166 5 -1.597227643394e-11 -3.016719519702e-10
167 5 8.859473332458e-11 -3.314365814702e-10
168 5 6.043422537021e-10 1.478037446393e-10
169 5 3.174486585775e-10 -5.351765314296e-10
170 5 3.703870666557e-10 2.454853994012e-10
171 5 1.254280179571e-10 1.765401797280e-10
172 5 1.875347977810e-10 6.855419687048e-10
173 5 1.980470771943e-10 -3.858228933662e-10
174 5 -2.486679131288e-10 -9.271874432564e-11
175 5 3.265389669265e-10 4.022144645365e-11
176 5 -6.728020828817e-11 1.835081015457e-10
177 5 6.381125930690e-10 4.959859883213e-11
178 5 6.870491837164e-10 3.190215979953e-11
179 5 -3.998933663204e-10 2.917615906927e-10
6 6 -5.399627302087e-09 5.261815992253e-09
7 6 -2.744858701401e-08 -2.386694704146e-08
8 6 8.728006421636e-09 2.600766017931e-08
9 6 -1.180608308580e-08 5.128484176536e-08
10 6 1.808066844298e-08 -1.390294938863e-08
11 6 1.702739010501e-08 3.405598834629e-10
12 6 2.553220117071e-08 -5.466914104558e-09
13 6 -2.304197483184e-09 -5.940295466813e-09
14 6 -5.919144217050e-09 7.289211481902e-09
15 6 2.144239344277e-10 -1.215765034797e-08
16 6 -1.913335334001e-08 1.264739229408e-09
17 6 -1.745484019515e-08 1.152671828454e-08
18 6 2.331411279083e-10 -2.624822196864e-09
19 6 -1.704282093307e-09 5.606588356562e-09
20 6 4.702417368796e-09 -1.055041155638e-09
21 6 -1.565561691256e-08 8.711981952377e-09
22 6 -4.203193450001e-09 2.524822406772e-09
23 6 -1.303973939297e-08 7.515131660688e-09
24 6 5.125645908398e-09 -2.796179287047e-09
25 6 7.608986385487e-09 4.480016216829e-10
26 6 -1.195586924436e-09 -3.527463429628e-09
27 6 8.245116226602e-10 3.957223826599e-09
28 6 -8.606964527952e-09 6.002577241176e-09
29 6 3.752444096904e-10 5.474239047138e-09
30 6 -2.554722296396e-09 3.135429912948e-09
31 6 -1.319559862603e-09 1.020046221595e-09
32 6 -2.083783760362e-09 -3.362925206052e-09
33 6 5.871755528683e-10 -6.308998327101e-09
34 6 5.523124754492e-11 2.707982462169e-10
35 6 1.156836196582e-09 4.119973735737e-09
36 6 1.554924213896e-09 1.704716838238e-09
37 6 2.495457997429e-09 4.924317154375e-09
38 6 -7.162218643044e-09 -1.131926424501e-09
39 6 -2.790554123139e-09 -3.335762302843e-09
40 6 -8.490525139605e-09 -6.509199541182e-10
41 6 7.206330236520e-10 -1.214282026520e-09
42 6 1.289389918635e-09 1.269603930414e-09
43 6 2.979445442164e-09 -1.515703802803e-09
44 6 -6.668908396483e-09 9.415180389199e-10
45 6 -3.465422282040e-09 -7.746878538949e-11
46 6 -6.481542897500e-09 -3.774413670493e-09
47 6 5.531372630661e-10 -4.194380076790e-09
48 6 3.834000173794e-09 4.115143324843e-09
49 6 9.770286272844e-10 1.321061084371e-09
50 6 -2.704539403639e-09 3.295909789039e-09
51 6 -2.916314060492e-09 -1.981403319990e-09
52 6 -2.546083181507e-09 4.475616048410e-10
53 6 4.032712164409e-09 -1.178349066246e-09
54 6 2.290699984365e-09 1.237503511051e-10
55 6 -6.040144484918e-10 -6.553810507284e-11
56 6 -3.694682130600e-09 8.314811151344e-10
57 6 -4.212893176069e-10 5.129076925206e-10
58 6 -1.338009906609e-09 1.671100646976e-09
59 6 -2.260253764301e-09 2.378148493491e-10
60 6 -1.565062110788e-09 -3.365830303144e-09
61 6 1.461558109887e-09 -1.677911492999e-09
62 6 1.190129680675e-09 -2.428696637897e-09
63 6 1.490733228625e-09 2.990349687012e-09
64 6 -2.161851968545e-09 -7.712177771732e-11
65 6 1.051261017617e-10 -1.290920124135e-09
66 6 1.561142135718e-09 -2.923518501351e-09
67 6 -1.086032539187e-09 -1.118634682986e-10
68 6 -5.801199339544e-11 1.238019190586e-09
69 6 1.634650270673e-10 1.000628365664e-09
70 6 -6.263301110733e-11 1.528670518155e-09
71 6 4.122486228826e-09 -1.553935192391e-10
72 6 1.412902447047e-09 1.802843497639e-09
73 6 -1.397253234543e-09 -7.767378915097e-10
74 6 8.018722710459e-10 -7.115678664545e-10
75 6 -3.433104140307e-10 1.342030000560e-09
76 6 -2.225271977765e-10 1.597319576036e-09
77 6 -1.403116970864e-09 8.552447495380e-10
78 6 -1.124811407495e-09 -1.520316406819e-09
79 6 -1.074698461495e-09 -7.684748821697e-10
80 6 -9.057489234288e-10 -6.521570186422e-10
81 6 -1.686584149164e-09 6.666682894636e-10
82 6 7.314196111123e-10 1.505752793308e-10
83 6 7.256132212822e-10 2.690247749784e-10
84 6 9.587387776565e-10 -2.253966986990e-10
85 6 -1.904520516297e-09 5.384122793129e-10
86 6 6.676157219565e-11 -4.964709927965e-10
87 6 -8.640288426966e-10 4.077341489680e-10
88 6 1.752933348352e-09 9.266613000210e-11
89 6 -2.861372339120e-10 6.927113656751e-10
90 6 -6.430680910274e-11 9.584506293995e-10
91 6 -9.624830731003e-10 2.800934450899e-10
92 6 1.059619946170e-09 -7.808592958665e-10
93 6 -3.357394544770e-10 -5.476841125558e-10
94 6 8.347047509021e-10 -1.978794465914e-10
95 6 -1.450166602737e-09 9.701998782754e-10
96 6 -2.101561777452e-10 1.154041333371e-09
97 6 -9.099244043075e-10 6.142964235293e-10
98 6 9.050621234990e-10 -1.043114691671e-09
99 6 7.973593354167e-10 -3.550866693512e-10
100 6 -7.089324452483e-11 -6.132613639560e-10
101 6 1.975455546666e-10 1.250875491898e-09
102 6 2.491596670620e-10 -2.629761424601e-10
103 6 4.714707931370e-10 3.060867849911e-10
104 6 1.601611977166e-10 -7.091548750268e-10
105 6 -5.803875324927e-10 -7.665540949907e-10
106 6 3.426308557021e-10 1.752094777020e-10
107 6 -3.540857201731e-10 -1.115812509314e-10
108 6 9.603796500610e-10 -9.930589408284e-10
109 6 -4.164377916366e-10 -4.360176824618e-11
110 6 2.249180364561e-11 1.363290015236e-09
111 6 -9.277184455155e-11 2.472707204219e-10
112 6 8.812647188746e-10 1.020255669831e-10
113 6 -8.579812457314e-10 -1.207413871625e-09
114 6 -1.502166796634e-10 -7.836733517390e-11
115 6 -1.149798415794e-09 1.437219240738e-10
116 6 9.014837365221e-10 7.652228356844e-10
117 6 9.919251816101e-11 -2.079326726322e-10
118 6 6.177024262325e-10 -3.333668615021e-10
119 6 -3.460264044173e-10 -2.986000695645e-11
120 6 -7.818054909541e-12 -6.037016854157e-10
121 6 -5.395495053791e-10 -4.436393893173e-10
122 6 1.143628867678e-10 1.206344618999e-11
123 6 9.693373952140e-10 5.313343795411e-12
124 6 4.649276904457e-10 7.010702276772e-10
125 6 2.363674896667e-10 8.638060282037e-10
126 6 -5.044118172097e-10 -1.674744350658e-10
127 6 -7.387411119317e-11 1.543860377745e-12
128 6 3.237939547293e-10 -7.870427355179e-10
129 6 2.070138554684e-10 4.921099912920e-10
130 6 -1.404998960238e-10 4.160420886535e-10
131 6 -7.329340176861e-11 8.289246885723e-10
132 6 -2.936593255641e-10 6.129257245373e-10
133 6 2.751033954101e-10 -5.374036990944e-11
134 6 1.001710980216e-10 -6.042087167781e-10
135 6 -3.091154128359e-10 -6.980492730932e-11
136 6 -1.278146168386e-10 1.090914705283e-10
137 6 -1.355169437841e-10 2.088528486068e-10
138 6 6.553472056077e-10 -1.244937995051e-10
139 6 4.858622465922e-10 5.854800917853e-10
140 6 5.423392484985e-10 4.356170773983e-10
141 6 -2.642802711562e-10 5.771511506620e-10
142 6 -1.142480680290e-09 -2.309084627586e-10
143 6 -1.605420643042e-10 -4.488873118316e-10
144 6 -2.299148920864e-10 -4.277413682587e-12
145 6 -5.592165573146e-11 4.822668565968e-10
146 6 6.342429905717e-11 -3.232421395608e-10
147 6 3.400708249155e-10 6.960961113494e-10
148 6 9.785347432218e-11 4.480767829099e-10
149 6 4.904345333182e-11 1.593065293958e-10
150 6 -7.623077388867e-10 -6.203935936164e-10
151 6 8.862109062882e-11 2.277666942245e-10
152 6 -4.290090189897e-10 2.794566247492e-11
153 6 2.789293844791e-10 1.619020724149e-11
154 6 -6.977956408924e-10 -5.920331225711e-11
155 6 1.464031106169e-12 5.383930949931e-10
156 6 5.454791707673e-12 6.938118249743e-10
157 6 -9.876246168431e-11 -7.181707095524e-11
158 6 -8.228985912546e-11 -4.551606292512e-10
159 6 4.293293576322e-11 1.140793782547e-10
160 6 -4.282170240187e-10 -1.425416980479e-11
161 6 -1.743313830391e-10 7.329175167765e-10
162 6 4.548404690409e-11 9.764378889007e-11
163 6 1.134914600275e-09 -6.779499271750e-12
164 6 3.818368992777e-10 -3.173398567384e-10
165 6 -3.468645105941e-11 9.800422338491e-11
166 6 -3.573066196668e-10 -8.946008091280e-11
167 6 -5.273148653772e-10 3.110230308784e-10
168 6 -9.467810885856e-11 -3.722869873210e-10
169 6 3.688889510817e-10 -4.214680958002e-10
170 6 2.562175682836e-10 5.201763468301e-11
171 6 4.466988604308e-10 5.705885352786e-10
172 6 -2.930600253200e-10 3.562431475515e-10
173 6 -1.345611750866e-10 -6.189943933768e-10
174 6 1.091443861210e-10 -3.279175091952e-10
175 6 2.307376724697e-10 -1.636982080769e-10
176 6 -4.995252164493e-11 2.330305388557e-10
177 6 3.623371669910e-10 1.755438187474e-10
178 6 5.770818488431e-10 -7.389078510328e-11
179 6 2.340784125303e-10 1.266664816281e-10
7 7 -1.332390664666e-08 -3.870284395104e-08
8 7 6.017745265518e-08 2.064509345647e-09
9 7 1.212638376431e-08 -4.197433637762e-08
10 7 3.931041242198e-09 -7.889728174541e-09
11 7 -4.309815443827e-09 -2.594751005335e-08
12 7 -6.986839154587e-09 -1.288423050168e-08
13 7 -5.651929701553e-09 -7.237174894822e-09
14 7 3.716982891249e-09 5.668707874134e-09
15 7 1.273482583206e-08 9.891698887782e-09
16 7 1.310494680561e-09 -1.308091056425e-08
17 7 -3.455609560112e-09 -1.279137913770e-08
18 7 -1.302600204490e-08 1.116990749031e-08
19 7 2.508912371581e-09 9.132845884671e-09
20 7 -6.690953575615e-09 1.259947914346e-08
21 7 2.409233562353e-09 2.744835537453e-09
22 7 4.912908408693e-09 9.361143418497e-09
23 7 -1.792102609974e-09 -1.581724822956e-09
24 7 -7.411930753934e-09 -4.616258354115e-10
25 7 4.625412704309e-09 -6.096721976460e-09
26 7 -9.542231237455e-09 1.831717067014e-09
27 7 -1.115353822155e-08 -6.020472184267e-10
28 7 -1.441522726296e-09 4.730820105908e-09
29 7 2.523216501477e-09 -2.286673928910e-09
30 7 1.941429109216e-10 -5.641657863138e-09
31 7 -4.508899384532e-09 3.446362457510e-09
32 7 1.596842903419e-09 4.162752668888e-09
33 7 1.888347699783e-09 5.673674433650e-10
34 7 1.296669982484e-09 -6.204848286404e-09
35 7 -3.398496427005e-09 -1.719202168191e-09
36 7 1.283628859458e-09 8.920702639866e-10
37 7 4.439068146754e-11 3.410315645463e-10
38 7 7.257644825916e-11 1.114125215177e-09
39 7 -4.047508796834e-10 -3.294933779105e-09
40 7 2.263235878612e-09 -2.442713123537e-09
41 7 -1.178355519590e-09 -1.656050050006e-09
42 7 1.527286092259e-09 -1.535707642858e-09
43 7 -3.590736053380e-09 9.547472576666e-10
44 7 8.337952810855e-10 7.061325414021e-10
45 7 1.336603836321e-09 -1.944210800546e-10
46 7 -6.169564744932e-10 -8.879202657530e-10
47 7 2.403946328070e-09 3.127240993495e-12
48 7 1.490718854560e-09 1.542818190899e-10
49 7 3.039832896212e-09 2.331058698647e-09
50 7 -2.626031739069e-10 3.030981113519e-10
51 7 -1.066125366344e-09 7.508373243872e-10
52 7 -3.002659164428e-09 -3.352683963699e-09
53 7 5.074963724301e-10 -4.278969419696e-09
54 7 -5.340775171835e-10 -2.204611235650e-09
55 7 1.309505065755e-09 1.675952982308e-09
56 7 4.348419184319e-10 1.323652558831e-09
57 7 -1.092435915640e-10 2.309366522183e-09
58 7 -2.673008405323e-09 2.434939994539e-09
59 7 -6.475746316896e-10 3.175292846630e-10
60 7 4.907305817958e-10 8.007087593671e-10
61 7 3.195708824687e-10 6.663791199386e-10
62 7 -4.067460387097e-10 1.433725720226e-09
63 7 -2.449082493030e-11 9.379569732144e-10
64 7 -2.397173397222e-09 2.005252055659e-10
65 7 -2.863126933759e-09 -1.658727191311e-09
66 7 -1.234999686281e-09 1.813634112610e-09
67 7 -7.870923910812e-10 -1.482198352066e-10
68 7 5.580370433837e-10 -9.079937108235e-10
69 7 -3.302349962452e-10 -6.665133207660e-10
70 7 5.983426875526e-10 -1.829788497054e-09
71 7 1.814123998566e-09 1.200615890833e-09
72 7 -2.335538962949e-09 1.739202440343e-09
73 7 3.539939224663e-10 2.300868499078e-09
74 7 -6.347142306598e-10 -3.178425417676e-10
75 7 1.829442090809e-09 -1.325706325578e-09
76 7 8.982106889807e-10 -2.087848352304e-09
77 7 3.153282435552e-10 8.263405795621e-10
78 7 -2.176834432909e-09 2.547882928403e-10
79 7 6.436067285214e-10 1.440298077521e-10
80 7 -2.537844243022e-10 1.155129767831e-09
81 7 1.325851670059e-09 -9.605616364090e-11
82 7 1.139724116180e-10 -1.026910439531e-09
83 7 -9.177376717048e-10 4.105198198063e-10
84 7 -1.066710144845e-10 -6.194361992759e-11
85 7 -3.158032685241e-10 -1.279890953395e-10
86 7 -1.347676565087e-10 -6.745268134885e-10
87 7 1.309200518531e-09 3.301987395415e-11
88 7 -1.284609085038e-10 -5.183320991803e-10
89 7 9.208023700671e-10 -1.767096645936e-10
90 7 7.200689094018e-10 3.471047360947e-10
91 7 6.312851145020e-10 2.062184194359e-10
92 7 9.638068075982e-10 -8.289166397509e-10
93 7 -4.372145901699e-10 -9.164055058480e-10
94 7 3.847092034804e-10 -3.332812277244e-11
95 7 -6.988658397798e-10 6.087849663897e-10
96 7 -3.097243409588e-10 -2.368883395364e-10
97 7 9.596999070353e-10 -3.357074659780e-12
98 7 -4.558769512118e-11 -5.646639514646e-10
99 7 -6.757925070383e-10 -1.053790181696e-09
100 7 1.045686691783e-09 1.977103004031e-10
101 7 7.255872249633e-11 -9.750040482611e-11
102 7 5.613723858728e-10 -6.265205806039e-10
103 7 -1.768852660938e-09 -1.354081814780e-09
104 7 5.215320184992e-10 -8.763965411841e-10
105 7 -2.422061792961e-10 -8.140643452773e-10
106 7 8.285043135342e-10 -1.205690234996e-10
107 7 4.860489626598e-11 1.724424750617e-10
108 7 8.446014711231e-10 -6.446285031128e-10
109 7 -7.678673016347e-10 -7.937266680324e-10
110 7 -3.332116252492e-10 -6.205062878813e-10
111 7 -5.877272210123e-10 -5.463846840604e-10
112 7 7.572417769736e-10 5.973207183032e-10
113 7 -1.081225040133e-10 -5.154939255817e-10
114 7 4.668221326871e-10 -8.825240533702e-10
115 7 -5.922529466059e-10 -8.923548134510e-10
116 7 8.370736930135e-10 -3.521560681255e-10
117 7 3.752983883726e-10 2.904831353291e-10
118 7 7.258787826690e-10 6.323759926858e-10
119 7 -2.442058118321e-10 -4.625103026929e-10
120 7 -6.380490948651e-10 -2.891871124659e-10
121 7 1.139436258483e-10 -6.313289179563e-10
122 7 6.187923240399e-10 -2.334255449737e-10
123 7 2.688755632506e-10 -7.915499578155e-11
124 7 4.375587188500e-10 8.594025287217e-10
125 7 -6.805426761207e-10 4.121950664589e-10
126 7 -2.904756326259e-10 3.723065964591e-10
127 7 4.099776367325e-10 -9.346241026508e-12
128 7 5.559579238133e-10 3.360084294015e-10
129 7 3.485864300035e-10 -1.341903640768e-09
130 7 3.985597487901e-11 1.884657754470e-10
131 7 3.902434915140e-10 -3.757813308775e-10
132 7 4.295119520466e-10 1.053478158827e-09
133 7 6.650827455124e-12 -4.179884001680e-10
134 7 -3.518062202988e-10 -1.938889916653e-10
135 7 -4.519791601200e-11 -3.700708277562e-10
136 7 -1.217033156582e-10 2.792556391103e-10
137 7 -1.937282000654e-10 -4.372013284131e-10
138 7 -2.798187606035e-11 -3.329858212715e-10
139 7 1.808280727415e-11 -7.511647501985e-10
140 7 1.592890616267e-10 -1.331580874213e-10
141 7 -6.805554276452e-10 4.998263926139e-10
142 7 6.091013597956e-10 9.880949384347e-10
143 7 3.924562551338e-10 -6.504862769010e-10
144 7 5.459092229347e-10 -1.516410428737e-09
145 7 9.322374845298e-11 -4.918650504706e-10
146 7 6.033675508878e-10 -1.073417541086e-10
147 7 1.027601024813e-09 4.573125812769e-10
148 7 -3.016021323775e-11 5.076028046672e-10
149 7 -2.179854823402e-10 1.684579013284e-11
150 7 -5.338049487206e-10 -5.310798188380e-10
151 7 4.536847681589e-10 -1.038332664188e-09
152 7 3.067592115522e-10 -2.522522013967e-10
153 7 -1.249961229701e-10 -2.953752590711e-11
154 7 -5.535872018566e-11 -3.627542473641e-10
155 7 1.582864673750e-10 -3.246098707652e-10
156 7 -1.524058101241e-10 -3.405817058055e-10
157 7 2.708634225731e-10 1.288139433907e-10
158 7 3.404529783687e-10 3.278153742306e-10
159 7 3.267259933462e-11 9.739888795562e-11
160 7 1.122427985763e-10 -5.550253481933e-10
161 7 6.783576482130e-10 -4.849138904431e-10
162 7 6.171567477738e-10 2.198228100770e-11
163 7 8.643686880375e-10 2.148167070380e-10
164 7 -5.064804662456e-10 4.222072754390e-10
165 7 -2.209758143448e-10 1.995706678697e-10
166 7 5.147112784598e-11 -6.217438427676e-11
167 7 3.573909960075e-10 -1.758113309317e-10
168 7 -4.013284321823e-10 -2.774029222533e-10
169 7 -4.011454429518e-10 -6.338022911437e-10
170 7 -2.378877130353e-10 2.438802057166e-10
171 7 5.011617849539e-10 3.192903695912e-10
172 7 2.076435132595e-10 2.573557970411e-10
173 7 4.708246349759e-10 1.390051309678e-11
174 7 -3.011775342333e-10 -7.478050143445e-11
175 7 -4.334975703939e-10 -1.070390021770e-10
176 7 -5.989776323594e-10 -6.875529259870e-10
177 7 5.880558310823e-10 1.730757504078e-10
178 7 4.411118641828e-10 2.984343325339e-10
179 7 1.104605705568e-10 -1.737899066156e-10
8 8 -2.518549113319e-08 -2.796747766778e-08
9 8 4.508402132041e-08 1.503546418500e-08
10 8 1.814751244968e-08 -2.155418699718e-08
11 8 2.082981880235e-08 1.330805547253e-08
12 8 -1.421019265670e-08 8.276788703003e-09
13 8 -1.196965466841e-08 -1.008014103920e-09
14 8 -7.124019722216e-09 6.424256721452e-09
15 8 -1.095541786889e-08 1.671950810380e-08
16 8 -1.728931407299e-08 3.897645218108e-09
17 8 1.217930503732e-08 9.324935145785e-09
18 8 1.534126660147e-08 4.299095126492e-09
19 8 4.757825452170e-09 -1.534706359028e-09
20 8 -1.974688969426e-09 3.681661771430e-10
21 8 -1.600640649573e-08 -2.170377503075e-09
22 8 -9.472561115623e-09 3.190343851011e-09
23 8 6.247756562352e-09 3.137682286388e-09
24 8 1.448062168574e-08 1.435745747490e-10
25 8 1.117889914898e-08 1.636727952284e-09
26 8 8.877696742743e-10 4.848947639644e-09
27 8 -6.704688542185e-09 -8.704082760823e-10
28 8 -9.046221175522e-09 -8.961724065311e-10
29 8 -1.050494050714e-08 2.301582570775e-09
30 8 2.159923281077e-09 7.735941864545e-09
31 8 1.391640748127e-10 1.565712657841e-09
32 8 1.364228321827e-09 3.149873658990e-09
33 8 -4.684347550396e-09 6.042614422669e-09
34 8 -1.231442551021e-09 3.197464804746e-09
35 8 2.050313785536e-09 4.206583568045e-09
36 8 2.486966645850e-09 -5.666406962911e-09
37 8 -2.087755907479e-09 2.475822236100e-09
38 8 3.427989916999e-09 1.572995687558e-09
39 8 -7.232938102089e-10 2.939276418828e-09
40 8 -1.610232045566e-09 -6.714734500431e-11
41 8 -6.052873325687e-09 -1.080669569319e-10
42 8 -2.584411320538e-09 3.483920681522e-09
43 8 4.964196439950e-10 -1.278876997383e-09
44 8 -3.034235103523e-09 -1.423891918949e-10
45 8 -3.676576486563e-09 -1.072722455767e-09
46 8 -4.615844527797e-10 1.728698901420e-09
47 8 1.544249423530e-09 -1.297537841053e-09
48 8 2.892874417407e-09 3.815163798192e-09
49 8 -6.553653982428e-10 1.172980237683e-09
50 8 -4.406881500356e-09 -5.736688889128e-10
51 8 -1.468129753025e-11 -6.196856591431e-10
52 8 -1.908888389420e-09 -4.700944055803e-10
53 8 2.656954358740e-09 8.079625653612e-10
54 8 1.677364261956e-09 7.251470485559e-10
55 8 -3.179319262436e-09 1.757732263763e-09
56 8 -3.021502938223e-09 -2.066419865319e-09
57 8 8.600569654942e-10 5.936386815807e-09
58 8 1.569510347004e-09 1.019313732276e-09
59 8 2.757720437105e-09 1.885841062210e-09
60 8 2.146134420028e-09 -5.100841455634e-10
61 8 5.763893759976e-10 -8.489798144976e-10
62 8 3.319733342569e-10 1.536878153927e-09
63 8 -4.072586694004e-10 3.683799740300e-09
64 8 1.063760695916e-09 -1.216378494121e-10
65 8 6.285106978111e-10 1.432565835190e-09
66 8 1.728754568476e-09 1.318239210013e-10
67 8 1.621239671270e-09 -7.632818766649e-10
68 8 -1.232260641894e-09 1.391225927245e-09
69 8 -1.676707128898e-09 8.057884194927e-11
70 8 1.185529193962e-09 1.304222340433e-11
71 8 1.257812204434e-09 1.077042456162e-09
72 8 -5.798086287810e-10 2.985872219846e-10
73 8 -1.919052929408e-09 -1.349837355961e-09
74 8 -1.409538505979e-09 -3.204220298694e-11
75 8 5.812857293801e-10 7.623083230393e-10
76 8 8.058780596220e-13 -1.286738699513e-10
77 8 1.593512595906e-09 4.779021438969e-10
78 8 6.606733794963e-10 -7.774060040943e-10
79 8 -1.444534844294e-10 1.857432512653e-09
80 8 -1.643085679650e-09 -7.474798486577e-10
81 8 -3.824386875533e-10 6.216523748996e-10
82 8 -1.670793163647e-09 9.098714883225e-11
83 8 5.497583365167e-10 1.183654574094e-09
84 8 -3.201229975270e-11 6.000023913522e-10
85 8 4.641122690317e-10 5.003631898934e-10
86 8 -1.001993039698e-09 8.578115486870e-10
87 8 -1.899144901529e-10 -2.400575659898e-10
88 8 -1.356659117313e-10 -4.028299823641e-11
89 8 -3.965215002322e-10 1.188742429990e-09
90 8 -7.437738734200e-10 7.175020285194e-10
91 8 -8.760826328215e-10 1.079321451036e-09
92 8 -1.333853196098e-10 1.669604962278e-10
93 8 -1.005660186315e-10 1.652631973836e-10
94 8 -3.157969592638e-10 3.495289772846e-10
95 8 2.884371454713e-10 7.371799568987e-10
96 8 -1.090122998303e-09 -2.311746530498e-10
97 8 -1.775602547532e-09 7.867823961303e-10
98 8 -2.239958601433e-10 -4.796776028186e-10
99 8 -6.480302964898e-10 -6.178447317715e-11
100 8 2.113509101962e-09 -2.218850746431e-10
101 8 -5.926316258754e-10 1.311320364953e-09
102 8 5.674969330868e-12 3.367429718358e-10
103 8 -1.000912661664e-09 1.206595245976e-10
104 8 -5.342962835817e-10 -7.279849468364e-10
105 8 -2.655021551164e-10 -5.365208894422e-10
106 8 -5.118358544319e-10 4.373543801779e-10
107 8 5.678104909249e-10 1.230545138044e-10
108 8 9.269666699124e-12 -2.543866882109e-10
109 8 -4.474545004199e-10 -7.130726112712e-10
110 8 -5.747169267275e-10 -7.335415958775e-10
111 8 -1.602589558641e-10 3.586076333598e-10
112 8 4.627922297934e-11 -5.486430135403e-11
113 8 -1.800551769501e-10 -3.035019338740e-10
114 8 -4.045490661499e-10 -1.300357680903e-09
115 8 4.797445569318e-10 -3.293310653153e-10
116 8 7.992318922319e-10 -1.675572930065e-10
117 8 2.515594630908e-11 8.264261514857e-10
118 8 -3.133938209499e-10 4.561974719957e-10
119 8 -5.096183704307e-10 9.542366160357e-10
120 8 -1.220394777754e-09 -6.957405062512e-11
121 8 -5.367577494294e-10 -2.084866595787e-10
122 8 2.129500342794e-10 -5.329461971536e-10
123 8 9.556248359221e-10 -4.900669497107e-10
124 8 -1.429180256898e-10 1.224324847164e-09
125 8 -6.630790313067e-10 7.620164109611e-10
126 8 1.166860514539e-10 6.803631449625e-10
127 8 -2.284397047176e-10 -3.263771861694e-11
128 8 -1.201863782921e-10 -2.500225221187e-10
129 8 -5.849512662521e-11 -2.482513979975e-10
130 8 4.808180831492e-10 -5.553145912622e-13
131 8 -2.805115991475e-10 2.585039492263e-10
132 8 3.144021671120e-11 -4.116915285153e-10
133 8 -1.852030029701e-10 8.945294721437e-11
134 8 9.417721776062e-10 3.192812468890e-10
135 8 -6.655435729860e-10 1.326402920429e-10
136 8 -9.272073833030e-10 -1.505327618664e-10
137 8 -1.012967973840e-09 -4.256411749740e-10
138 8 6.025899114901e-10 -5.231554505169e-11
139 8 2.685762285402e-10 -1.864219128146e-10
140 8 7.486685699462e-10 9.894601685515e-10
141 8 -3.379293763814e-10 4.602132905621e-10
142 8 -1.094027792240e-09 1.646271689919e-11
143 8 -1.544651493594e-10 -2.953523777524e-10
144 8 -3.431453352061e-10 3.002595478118e-10
145 8 -3.432972574731e-10 8.908387710975e-11
146 8 7.085769156044e-10 -2.472438685675e-10
147 8 -3.971126900577e-11 -6.199015513275e-10
148 8 5.069960471913e-11 -2.445205392815e-10
149 8 -5.424867294816e-10 5.109211739490e-10
150 8 -6.329980538903e-10 -2.384283002048e-11
151 8 -6.110050094427e-10 4.185695022890e-10
152 8 3.592153834797e-10 -4.842973070313e-10
153 8 8.527884158420e-10 -3.103645360275e-10
154 8 -2.401326391985e-10 -4.353546850065e-10
155 8 9.057526009187e-11 3.953570926651e-10
156 8 -1.694432654399e-10 5.690116346109e-10
157 8 -2.683303994822e-10 4.638675091325e-11
158 8 -1.489818033628e-10 6.629066120266e-11
159 8 3.920900831181e-10 -7.866075654075e-11
160 8 -3.759353989331e-10 -1.223565264093e-11
161 8 4.221963398948e-10 -3.599989345980e-10
162 8 1.751921597852e-10 -4.558485089918e-10
163 8 4.330904431480e-10 1.221866293415e-10
164 8 -1.364682793509e-10 -2.948477978474e-10
165 8 1.708244967167e-12 -4.781288032251e-10
166 8 1.957169209809e-10 -2.508601864304e-12
167 8 2.085528146187e-10 3.179575066044e-10
168 8 4.568882051013e-10 -2.055795292744e-10
169 8 9.152801875703e-10 -8.045213350046e-10
170 8 5.132600239329e-10 -3.634591321007e-10
171 8 1.935958375947e-10 3.857528390459e-10
172 8 -5.436696746106e-10 5.864275139800e-10
173 8 4.669924265001e-10 3.525686471957e-10
174 8 -2.802557760429e-10 -4.487502902361e-12
175 8 4.201053389583e-10 -1.369736678992e-10
176 8 -1.882248532881e-10 -5.253574725929e-11
177 8 2.220256644468e-11 3.544595274953e-10
178 8 -3.941554070401e-10 1.859163492307e-10
179 8 -6.176667780650e-10 4.251468181093e-10
9 9 -9.410937838868e-09 -1.584380418299e-08
10 9 3.691490350952e-08 3.749068909572e-09
11 9 -1.547773804829e-08 3.511784901459e-08
12 9 1.698493280204e-08 1.824998277315e-08
13 9 9.347040816042e-09 2.789907276859e-08
14 9 1.511650011078e-08 2.143955739839e-09
15 9 8.058311972148e-09 7.056057933988e-09
16 9 -7.616580790126e-09 -2.718156173126e-08
17 9 -8.063352846850e-09 -1.216677180152e-08
18 9 -7.043890361983e-09 1.345417280328e-08
19 9 8.647857341884e-09 4.393265157788e-09
20 9 1.101904326540e-08 -6.033393690494e-09
21 9 5.984271113140e-10 -2.895043045288e-09
22 9 1.576047514190e-09 -2.699296888997e-10
23 9 3.073850407963e-09 -6.910759522966e-09
24 9 -1.407062180250e-09 -3.815560239820e-09
25 9 -1.431484501815e-08 1.345101855860e-08
26 9 -5.691956202428e-09 4.950404049689e-09
27 9 -7.039770733480e-09 8.324444467004e-09
28 9 3.291370661190e-09 -3.191136575080e-09
29 9 -8.911015325493e-10 -3.021988392245e-09
30 9 2.336133118900e-09 -1.207377807636e-08
31 9 1.344696957124e-09 4.855977014216e-09
32 9 2.457631660853e-09 5.160279907149e-09
33 9 9.255159540219e-09 8.297253466999e-09
34 9 1.309981548924e-09 -3.344635162499e-09
35 9 -9.428292559561e-11 -3.082901618631e-09
36 9 -2.184672112733e-10 1.128082817798e-10
37 9 3.586166230138e-09 -2.668680306827e-09
38 9 -2.049747254095e-09 -1.197388760439e-09
39 9 4.492429288611e-09 -2.295717425986e-09
40 9 -6.607314193996e-10 -1.255700852031e-09
41 9 -1.987824320389e-09 -5.945631140335e-10
42 9 -4.565000656403e-09 2.671862044453e-09
43 9 -5.319906060236e-09 -3.402617061615e-09
44 9 2.679998641540e-09 -3.005200370392e-09
45 9 3.024182956186e-09 -5.170510633773e-09
46 9 3.182603090971e-09 3.356447728370e-09
47 9 -4.304776595103e-09 -7.238390650664e-10
48 9 -1.578096298009e-09 4.409878300312e-09
49 9 -1.313999155304e-09 2.469438597664e-09
50 9 -3.607839576506e-09 1.059622998667e-09
51 9 -1.625453054655e-09 -1.018560454509e-09
52 9 -2.759776170486e-09 1.523953458318e-10
53 9 2.716384261815e-09 -2.989374060269e-09
54 9 2.102979633510e-09 2.184122137271e-09
55 9 8.315275262133e-10 1.022190572399e-09
56 9 -1.453244465399e-11 3.864574095312e-09
57 9 -1.090395339668e-09 -3.249055118588e-09
58 9 -3.882523798991e-09 -3.372369258514e-09
59 9 4.418019406797e-10 -2.023312497988e-09
60 9 -5.526143971470e-10 2.384353929160e-10
61 9 4.470547646917e-10 1.370338231440e-09
62 9 2.640324587103e-10 7.820004713270e-10
63 9 2.906378351948e-11 -8.612582397473e-10
64 9 -4.793504208063e-10 -1.054590703563e-09
65 9 1.994252874148e-10 -3.541372908960e-10
66 9 -1.219182814615e-09 3.265561384952e-09
67 9 8.715918064064e-10 1.292777797618e-09
68 9 -4.155831556245e-10 1.056773650545e-09
69 9 5.083336541635e-11 -9.705681542606e-10
70 9 1.755168228013e-10 -1.484205176576e-10
71 9 -2.339613226135e-09 -5.890917566808e-10
72 9 -2.628055845541e-09 1.013519016086e-09
73 9 -8.091073684236e-10 1.620715062965e-09
74 9 7.496094974456e-10 3.159587096647e-10
75 9 7.067722984726e-11 2.693122544985e-10
76 9 -4.536256499060e-10 -1.063951101523e-10
77 9 7.130465721390e-10 3.040013056994e-10
78 9 -7.229093209989e-10 2.132186624011e-09
79 9 -7.056623274870e-10 1.019624894491e-09
80 9 4.186999549055e-10 -8.748018568843e-10
81 9 8.818697727716e-10 -9.525401279582e-11
82 9 1.691614671037e-09 -4.248335834885e-10
83 9 1.796778574136e-09 1.085533741861e-09
84 9 5.391362188293e-11 4.770707558108e-10
85 9 1.110697548210e-09 8.522367012824e-10
86 9 -1.845763946942e-11 6.664522970048e-10
87 9 -4.951892152434e-11 7.433746722078e-10
88 9 5.026236475816e-10 2.860810621029e-10
89 9 -3.061761151496e-10 1.721786984168e-10
90 9 -1.542159951835e-09 3.035909548932e-10
91 9 4.554819161934e-10 1.794149625525e-10
92 9 -1.484398755797e-09 1.549592083979e-11
93 9 8.554204151314e-10 -5.335480908221e-10
94 9 7.523736533939e-11 5.288303915010e-10
95 9 3.675253902497e-10 7.058333990172e-11
96 9 -9.031413206081e-11 8.819236508677e-10
97 9 -7.068455054928e-10 3.741016626640e-10
98 9 -4.976674152214e-10 -1.676894143211e-09
99 9 3.567470281133e-10 -1.383186825142e-09
100 9 4.571893949009e-10 -4.215430680412e-10
101 9 -2.645192037270e-10 1.015528985318e-09
102 9 4.540618359035e-10 1.324611475274e-10
103 9 -7.137820138393e-11 -4.467385745993e-10
104 9 -6.480394263857e-10 -4.651939587148e-10
105 9 -4.006760456419e-10 4.856674100529e-10
106 9 -3.421693856409e-11 -6.655342936797e-10
107 9 -4.842491638119e-10 2.466138900537e-10
108 9 -3.821633481203e-10 -7.442822365290e-10
109 9 -7.362336758626e-11 -3.808533361926e-10
110 9 -1.590694635073e-10 -1.141466950470e-10
111 9 -2.913484568559e-10 -1.041050811777e-10
112 9 -4.868449499287e-10 1.334558107971e-09
113 9 -4.354910267184e-10 -6.827590879917e-10
114 9 1.835661894927e-10 -1.605150331599e-10
115 9 3.138016809922e-11 -6.039670507095e-10
116 9 -1.196086037606e-10 -2.047763030222e-10
117 9 -1.025079082535e-10 -1.009248205656e-10
118 9 4.077960607528e-11 3.786624607150e-10
119 9 -9.253085288746e-10 4.823881499235e-11
120 9 -2.401987350202e-10 -2.969828850504e-10
121 9 8.358886890027e-11 5.119844103761e-10
122 9 7.674244656866e-10 -4.899686910358e-10
123 9 5.447072661593e-10 3.653696940265e-10
124 9 2.211476116133e-10 -8.084404498134e-10
125 9 -7.738351669974e-10 4.723371314007e-11
126 9 -4.241527504701e-10 -1.317262525395e-10
127 9 -1.103329519428e-09 1.047359368731e-09
128 9 -9.618035528951e-11 -1.433998605738e-10
129 9 -2.753811750113e-11 -7.195998364361e-10
130 9 2.482625833706e-10 -3.022049645182e-10
131 9 2.031030903876e-11 -2.977431384698e-10
132 9 8.585583538886e-11 -6.583365555109e-12
133 9 -4.091686474257e-10 -7.105583968303e-10
134 9 6.112469738711e-10 -6.153024255226e-11
135 9 -8.163136914527e-10 2.112332575719e-10
136 9 -3.264985857949e-11 4.464495690873e-10
137 9 -1.146863788613e-10 -9.197745911649e-10
138 9 4.258707242527e-10 7.215762133952e-11
139 9 -2.900635059717e-11 -6.979428495417e-10
140 9 5.956583925646e-11 -7.753463906076e-12
141 9 -8.509674829594e-10 4.034598752154e-11
142 9 -8.201800941132e-10 3.252499602818e-10
143 9 -9.874120720206e-10 2.342951549132e-10
144 9 4.291869463842e-10 -3.713176993277e-10
145 9 -6.929391890629e-10 -5.139796678798e-10
146 9 -5.097497613467e-10 -1.263359644942e-10
147 9 9.998771242984e-12 5.846502593743e-10
148 9 2.826942891712e-10 4.665734288019e-10
149 9 -6.934482507175e-10 -2.380137262988e-11
150 9 -3.918254099333e-10 -4.879278274897e-10
151 9 -1.045055079777e-10 -6.132665394902e-10
152 9 -2.724829489224e-10 2.360928293653e-10
153 9 -9.167849136334e-10 -4.391976049959e-10
154 9 3.338298869830e-10 2.830887779289e-10
155 9 -2.376744761540e-10 -3.504832049702e-10
156 9 3.525045588067e-10 3.917051267288e-11
157 9 -3.231081265571e-10 -1.990650800994e-10
158 9 -2.740734537667e-10 -2.259280560949e-11
159 9 -8.515414103539e-10 2.281973163963e-10
160 9 -2.419699384429e-10 -3.426189307478e-10
161 9 -1.846894715006e-11 -9.684813873705e-11
162 9 8.396660510804e-10 -1.299416949035e-10
163 9 -1.823368438769e-10 1.834359673725e-10
164 9 -8.964852857411e-12 -2.949992869516e-10
165 9 -6.725399921315e-10 -2.640345243136e-10
166 9 -2.449862427182e-10 -4.065688618955e-10
167 9 -4.792191129787e-11 -1.165817747311e-10
168 9 -8.764814617390e-12 -4.213284915508e-10
169 9 5.652076704694e-10 -3.733649797388e-10
170 9 -2.475776817917e-12 -1.677637859436e-10
171 9 1.203784739179e-10 -3.703353182840e-10
172 9 -2.234677736043e-10 -6.875721774624e-10
173 9 -2.501054120853e-10 -3.628455594001e-10
174 9 -5.840133137113e-10 -8.388154675240e-10
175 9 -3.694884848335e-10 -4.834551882191e-10
176 9 5.249987062885e-10 -6.357848683776e-10
177 9 9.687834080165e-10 7.458879283802e-10
178 9 2.301794427226e-10 -3.252300773778e-11
179 9 -4.604457609649e-10 -1.850786615558e-10
10 10 2.705621776387e-08 -1.436619816449e-08
11 10 1.188958660029e-08 1.484876109256e-08
12 10 -5.120071925118e-09 2.258412661808e-09
13 10 3.263110585955e-09 -2.709327078802e-08
14 10 1.963017357867e-08 -5.008168592555e-09
15 10 -5.240111798624e-09 3.674419031327e-09
16 10 2.223225369806e-08 -5.374481560356e-09
17 10 -6.136180025902e-09 -4.704675659620e-09
18 10 -2.634382019327e-09 8.746402521090e-09
19 10 -1.034590058097e-08 6.896998192581e-09
20 10 -1.265916910534e-08 -7.091370724206e-09
21 10 -8.593925571064e-09 -1.296407435418e-09
22 10 -3.120048838679e-09 8.395545635384e-09
23 10 7.849762163657e-09 -1.823171311997e-09
24 10 1.216795367312e-08 6.081797101570e-09
25 10 6.559612480702e-09 -4.370264982793e-09
26 10 -1.291540153709e-08 -5.955176127290e-09
27 10 -7.009445033171e-09 -4.440459342712e-10
28 10 -1.783639331854e-09 1.883866134447e-09
29 10 1.058294334373e-08 -6.219387988837e-09
30 10 2.971353495828e-09 -1.150602234270e-08
31 10 -1.469528703772e-10 -6.234751718952e-09
32 10 -3.987551757492e-10 4.746220940601e-10
33 10 -1.983166590568e-09 -8.299643847349e-10
34 10 -1.018228049540e-08 3.954879269173e-09
35 10 -2.650276946181e-09 1.968959322262e-09
36 10 4.049238103253e-09 2.005667196938e-10
37 10 5.688610085434e-10 -2.306658472554e-09
38 10 -2.067835328170e-09 -3.701910552252e-09
39 10 4.041191309048e-09 -1.002148605226e-10
40 10 -3.197026871269e-09 -2.334876146119e-09
41 10 1.917761516337e-09 1.080841755940e-09
42 10 1.539053940558e-10 6.596324456080e-09
43 10 5.140954391419e-10 1.498755314304e-09
44 10 -5.785087912383e-09 -4.662353642940e-09
45 10 -5.260882038396e-09 -2.863556531422e-09
46 10 -3.423771571667e-09 3.809449669679e-10
47 10 7.056905422572e-10 1.466540313701e-09
48 10 -6.999416542516e-10 2.507825831832e-09
49 10 -4.658850564215e-09 1.668564693993e-10
50 10 -3.558078665986e-09 -3.272581855990e-10
51 10 -2.328543121866e-09 -2.012621442985e-09
52 10 5.101648859902e-10 9.075740836913e-10
53 10 6.037541293858e-09 -1.852958567808e-09
54 10 3.513240024710e-09 -8.846693380871e-10
55 10 8.036302747259e-11 -1.899148175952e-09
56 10 -2.106254940824e-09 1.961068836367e-10
57 10 -2.662506043758e-09 1.395961468930e-09
58 10 -6.102067786535e-10 -1.616024295026e-10
59 10 2.658230563452e-09 -2.139247659804e-09
60 10 -4.283103923787e-10 -2.560532633418e-09
61 10 5.683006589177e-10 -1.480142836251e-09
62 10 -2.154363438179e-09 2.675540835979e-09
63 10 -2.239916725111e-10 1.088533313271e-09
64 10 6.588214284564e-10 1.843317404789e-09
65 10 -2.286165321999e-10 -1.662370083099e-09
66 10 -9.513848383640e-11 -2.601538671947e-10
67 10 1.558238514881e-09 -4.206960191989e-10
68 10 -8.507817998661e-11 -6.023115401593e-10
69 10 2.002176977402e-09 7.963132730123e-10
70 10 -4.129856202773e-10 1.323703860554e-09
71 10 -3.976781504239e-10 -1.974929741932e-10
72 10 9.256281965734e-10 -6.404746838194e-12
73 10 -2.225271780088e-10 -2.829684055270e-09
74 10 7.048053496081e-10 1.333758415891e-09
75 10 -7.835301145721e-10 5.908792451490e-10
76 10 1.781278640228e-09 1.734432279482e-09
77 10 -6.836974833486e-11 4.841193783177e-10
78 10 7.422398929218e-11 1.885686451044e-09
79 10 -9.623285453550e-10 -3.537447143039e-10
80 10 1.144684560513e-09 6.318716112177e-10
81 10 3.586430319332e-10 -2.268898268493e-09
82 10 1.738413891447e-09 -4.203705464653e-10
83 10 1.569823896432e-09 1.549381748000e-11
84 10 -2.643422714645e-10 2.071560640174e-09
85 10 -7.610677297187e-10 -2.055861150688e-10
86 10 -2.091087891239e-09 -6.204038523292e-11
87 10 8.321084631199e-10 -1.973837391793e-09
88 10 6.464501464001e-10 3.341130658031e-10
89 10 -1.440327918386e-10 7.896108480959e-10
90 10 -1.028350083056e-10 3.154183864367e-10
91 10 6.392246345742e-10 4.530123718556e-10
92 10 -2.415461988221e-10 8.654855241994e-10
93 10 4.069474548441e-10 4.636644908418e-10
94 10 3.622982568103e-10 -6.440228560408e-10
95 10 1.305437235807e-09 3.723605679089e-10
96 10 -9.391114141346e-11 1.436648082284e-09
97 10 -6.616498171492e-10 1.535001336780e-09
98 10 7.073071205951e-10 4.348434580000e-10
99 10 8.178522375112e-10 -8.453214040658e-11
100 10 2.172600819707e-09 6.838651806873e-10
101 10 1.252995783081e-10 2.898675233582e-10
102 10 4.122439487847e-10 3.499322074398e-10
103 10 -5.642275664640e-10 1.194260437710e-09
104 10 4.206404257726e-10 -5.713517873363e-11
105 10 -5.559285348055e-10 -8.840242347513e-11
106 10 5.511355943502e-10 -7.513257555300e-11
107 10 -6.257846644808e-11 2.657736681902e-10
108 10 3.296417114038e-10 2.829678280365e-11
109 10 1.025169800146e-09 -8.590076606452e-10
110 10 -3.788371504968e-10 6.452499178948e-10
111 10 9.107187056020e-10 1.221579298022e-09
112 10 -1.120231737056e-10 1.294937354717e-09
113 10 9.879047792079e-11 -6.362690743467e-10
114 10 -3.811046728275e-10 -7.780703805681e-11
115 10 4.656782570773e-10 7.020325385218e-10
116 10 3.478889667155e-12 7.270995083852e-10
117 10 1.399493820546e-09 2.520085224949e-10
118 10 3.913043704945e-10 7.034030583065e-10
119 10 8.919349104829e-10 4.677356648049e-10
120 10 -8.318720015028e-10 -9.031721285764e-11
121 10 -6.302030938532e-10 -7.963497562194e-10
122 10 5.251007816446e-10 -1.003987330590e-10
123 10 4.005546553618e-10 5.969338038412e-10
124 10 2.273072765694e-10 3.359117258055e-10
125 10 1.102095549360e-10 -1.450101032036e-10
126 10 -1.283482199920e-10 8.631751587456e-10
127 10 -3.110011245189e-10 -6.883357559643e-10
128 10 -1.621530190028e-10 7.324832518461e-11
129 10 4.582205809888e-10 -2.492082516819e-11
130 10 1.928026451148e-10 4.677919369012e-10
131 10 -4.887077951366e-10 6.154827021000e-10
132 10 5.652780134567e-10 2.574105188970e-10
133 10 4.672093407910e-10 5.127425171629e-10
134 10 4.882250178211e-10 2.338557194584e-10
135 10 -4.584073336552e-10 1.542945060279e-10
136 10 -4.431047515220e-10 2.062351302212e-10
137 10 -4.431308352564e-10 8.568334008979e-11
138 10 4.061649921599e-10 2.363652854112e-10
139 10 8.182884295452e-10 -1.093914421990e-10
140 10 7.393538875105e-10 1.452822675161e-10
141 10 -5.993909343485e-10 -1.497629739509e-10
142 10 -3.159021690581e-10 2.664108703446e-10
143 10 1.103748041795e-10 5.703062936965e-11
144 10 -1.126723945246e-10 8.327484491180e-10
145 10 -5.054326286879e-10 -3.386510307482e-11
146 10 5.988475811397e-10 9.717750260463e-10
147 10 -2.247487148283e-10 -2.164090628902e-10
148 10 5.462442114179e-11 1.088184095925e-09
149 10 -6.084880430527e-10 3.632567644855e-10
150 10 -1.027442881013e-10 5.015667363347e-10
151 10 -8.317657554391e-10 -1.722584245725e-10
152 10 -2.791343728276e-10 5.643838815167e-10
153 10 3.390309799933e-11 1.531241437246e-11
154 10 2.968238189914e-10 2.593918071570e-11
155 10 3.464479342971e-11 1.298303307282e-10
156 10 -8.364470537460e-11 8.509568592099e-10
157 10 1.838505002234e-10 4.794982371793e-11
158 10 5.574999769304e-11 3.458355059885e-10
159 10 -2.561600517802e-10 -6.126977458930e-10
160 10 -7.136636707864e-10 3.178175217505e-10
161 10 1.774020317932e-10 -6.197532490659e-10
162 10 1.716628158228e-10 3.254521259524e-10
163 10 3.756129767562e-10 3.878835322524e-10
164 10 1.333312622881e-10 8.028875824563e-10
165 10 9.349093180620e-11 3.504201189789e-10
166 10 -5.012991384597e-10 6.377464045897e-10
167 10 -5.045778826098e-10 -5.424729969703e-10
168 10 3.561163969397e-10 -5.283204424295e-10
169 10 8.809757062962e-10 -2.585895876985e-10
170 10 2.878991011544e-10 6.400532799114e-10
171 10 3.035654267964e-10 4.916448952843e-10
172 10 -2.457949379008e-10 4.105325580060e-10
173 10 -3.251265564473e-10 2.159974019574e-11
174 10 1.884700929179e-10 -2.622784650273e-10
175 10 2.103319100821e-12 -8.380328896529e-10
176 10 -1.079118170060e-10 -2.099536988134e-10
177 10 -2.697861796317e-11 1.763098113791e-10
178 10 3.386483711915e-11 1.068973015097e-09
179 10 3.352077805029e-11 -7.058699393193e-11
11 11 -5.163624250127e-09 -1.117005243951e-08
12 11 2.023835420631e-09 2.380861314866e-08
13 11 -6.923219156802e-09 -2.669276548632e-08
14 11 -2.144850838575e-09 -2.790130291050e-08
15 11 2.505607217016e-09 5.457341703083e-09
16 11 1.023080162440e-09 2.781483686572e-09
17 11 -1.816148717757e-09 1.771463682378e-08
18 11 -7.413491286609e-09 6.764282712636e-09
19 11 2.867508350612e-09 1.064588367580e-08
20 11 4.009861635855e-09 -6.858951397060e-09
21 11 1.371590703268e-08 -1.803519590794e-08
22 11 1.886908000253e-09 -3.671791885971e-09
23 11 5.071093329014e-09 8.095725027074e-09
24 11 8.879080200724e-09 -9.280885754553e-10
25 11 -9.706228491115e-10 6.665080002020e-10
26 11 -2.022213013954e-09 -1.248874403843e-09
27 11 -1.328257985334e-09 -8.705173370568e-09
28 11 -3.706191717386e-09 -1.680974722993e-11
29 11 -4.615399568085e-09 6.780904044488e-10
30 11 -7.655816002500e-09 -2.391048360896e-09
31 11 -6.304927603782e-10 9.199119921849e-09
32 11 -4.793059383465e-09 7.772736668053e-10
33 11 1.516942986492e-09 -2.715762978808e-09
34 11 -1.536570665251e-09 -3.884821593156e-09
35 11 3.187061884958e-09 -7.677318115263e-09
36 11 -2.445444917356e-09 3.375135610621e-09
37 11 1.323530212462e-09 6.333349445618e-09
38 11 5.565090634463e-09 4.423019651640e-09
39 11 7.180005091331e-09 -4.328480540994e-09
40 11 7.891940990154e-10 -2.634623918222e-09
41 11 -5.388886649139e-10 -3.758320842915e-09
42 11 -2.530755323085e-09 1.341232010003e-09
43 11 -5.572943936420e-09 9.873520411935e-10
44 11 -1.648500699197e-09 6.154049862154e-10
45 11 1.939903227234e-09 8.760809635811e-10
46 11 -1.839832883605e-09 9.854277067664e-10
47 11 7.505983779622e-10 1.099610831369e-09
48 11 -1.337357827879e-09 3.482207404809e-09
49 11 2.443012235410e-09 1.618157535907e-09
50 11 -1.321083472092e-09 -3.331773253352e-10
51 11 -4.090470995909e-09 4.980704459342e-10
52 11 -2.842749563976e-09 1.946507406731e-09
53 11 4.415029194536e-10 7.218366552859e-11
54 11 4.362348901125e-09 1.263509068876e-10
55 11 2.256265097614e-09 1.923868793906e-09
56 11 -8.695787230537e-10 3.047470753458e-09
57 11 -2.797862379418e-09 -2.867137071344e-09
58 11 -2.595174150783e-09 -2.153309751930e-09
59 11 -6.747028754935e-10 -1.180842232554e-09
60 11 -1.321769686507e-10 3.943282702871e-10
61 11 5.752485978615e-10 1.903479742953e-09
62 11 9.496041739742e-10 1.386856221928e-09
63 11 3.101210310710e-10 2.216035127810e-09
64 11 -1.309357037187e-09 -4.607032574211e-09
65 11 -1.546531528043e-09 -1.689765612357e-10
66 11 -3.201599912703e-09 -5.542548822253e-10
67 11 -1.048865208896e-09 -9.901451327582e-11
68 11 2.559595576539e-09 -2.614198300531e-09
69 11 3.240432123682e-10 1.701978535368e-09
70 11 -1.335885352533e-09 8.446415140134e-10
71 11 -1.986477175730e-09 1.060286120987e-09
72 11 -1.232769788457e-09 -7.714432518820e-10
73 11 -1.953889500671e-09 8.892807621934e-10
74 11 4.289440582385e-10 -1.261968312488e-09
75 11 -2.733242307348e-10 -6.144656006704e-10
76 11 9.581341658699e-10 -1.465582673025e-09
77 11 -3.748021657146e-10 1.235240225903e-09
78 11 -1.858581102584e-09 3.574523356113e-10
79 11 1.766364701098e-10 -9.408505998910e-10
80 11 1.885350654263e-12 -3.646380558591e-10
81 11 1.929222005939e-10 -2.340222436238e-09
82 11 5.895923128619e-10 -6.156386898025e-10
83 11 -9.503038074223e-10 -6.419013944783e-10
84 11 -7.017381988804e-10 1.973517973303e-09
85 11 -1.144765525834e-09 -3.411154126020e-10
86 11 -9.289066020667e-10 -1.000702481878e-11
87 11 -6.067496519402e-10 -9.428852599742e-10
88 11 4.777892372560e-10 5.265029032558e-10
89 11 9.625590615617e-10 -2.192028297747e-10
90 11 -3.859889042803e-10 1.231022262069e-09
91 11 -8.338153567379e-11 6.416724346176e-10
92 11 -6.532346336314e-10 -2.910221998565e-10
93 11 -2.903524910822e-10 -3.323603762257e-10
94 11 -4.747647576763e-10 2.984333562463e-11
95 11 1.191521934799e-09 7.872249989181e-11
96 11 1.696479052009e-10 4.382768540509e-10
97 11 -2.830527836913e-11 -3.178876888753e-10
98 11 -3.594754459667e-10 2.995797257219e-10
99 11 1.040450381491e-09 1.202371902201e-10
100 11 -2.963521316120e-10 7.405892120908e-10
101 11 1.057873672797e-10 1.108715313766e-10
102 11 1.488664978836e-10 4.858345806190e-10
103 11 5.627753778159e-10 3.296889312130e-10
104 11 -1.012462867111e-09 -6.652134745250e-10
105 11 -1.579116478685e-10 -9.268014399514e-10
106 11 -3.621008141379e-10 1.060123522825e-09
107 11 1.736099610059e-10 -5.344446390008e-10
108 11 -8.285636625616e-10 1.913144881553e-10
109 11 3.680141006774e-10 -7.438685628031e-10
110 11 -2.767256556827e-10 7.945832714511e-10
111 11 1.792331011911e-11 6.569835738485e-10
112 11 -1.043218628230e-09 7.850689692524e-10
113 11 -1.033593721387e-09 -9.473640249936e-10
114 11 1.000769523278e-09 4.428878288330e-10
115 11 -5.930742694740e-10 -5.039324552147e-10
116 11 2.326958718701e-10 -1.772195886081e-10
117 11 4.260901213031e-10 1.086215834013e-10
118 11 5.318699657440e-10 6.027832916169e-10
119 11 -1.120071468083e-10 -1.973620779944e-10
120 11 -8.461703135395e-10 -6.745428946731e-10
121 11 1.162992916542e-10 -9.299128419882e-11
122 11 2.109100876583e-10 -9.357644814281e-10
123 11 5.020599729453e-10 5.440981840985e-11
124 11 2.566827039235e-11 -2.353894652536e-10
125 11 9.482859295549e-10 1.026696363743e-09
126 11 -4.276421478032e-10 -4.055558003439e-11
127 11 2.540371158579e-10 -4.310447649819e-10
128 11 -5.628254363704e-10 -1.070069536588e-09
129 11 5.553587419618e-10 6.512527100926e-10
130 11 8.549605955034e-11 -4.097975729486e-10
131 11 -1.614927466185e-11 2.053578863545e-10
132 11 4.041681278674e-10 -6.355059604472e-11
133 11 -5.240959380523e-10 3.413755135763e-10
134 11 -5.851868863717e-11 7.598224572101e-11
135 11 4.587686399765e-10 -2.087699851757e-11
136 11 7.632950890446e-10 -9.783061815926e-11
137 11 3.865798635508e-10 1.331211818727e-10
138 11 -4.254751917809e-10 -8.379211242737e-10
139 11 5.730298717518e-10 -9.048630105849e-11
140 11 -6.735639355391e-10 -5.265288494177e-11
141 11 3.920492699522e-10 6.657252664452e-10
142 11 -2.661500896884e-10 1.871352273267e-10
143 11 -8.493871189878e-11 -7.202083944640e-11
144 11 -1.881074017163e-10 -3.842606458690e-10
145 11 -1.903379111082e-11 -6.688646138105e-10
146 11 1.751479142976e-10 4.127487457529e-10
147 11 -4.028010782712e-10 3.992073779105e-10
148 11 -5.640165348748e-10 2.672242595759e-10
149 11 -9.430249916250e-11 -1.047540349579e-10
150 11 -1.591634978386e-10 6.551630479401e-11
151 11 3.194971217208e-10 3.110698655134e-10
152 11 -2.668807578495e-10 -2.321549098738e-11
153 11 8.219962357104e-11 -3.987256760828e-10
154 11 2.586187619719e-10 2.448547083352e-10
155 11 3.150645390922e-10 2.248326199770e-10
156 11 -2.034174562268e-10 1.610831027292e-10
157 11 -1.427745722772e-10 3.808361379851e-11
158 11 -1.051456936641e-09 1.538173577691e-10
159 11 -7.438553337554e-10 -1.440834812550e-10
160 11 -3.159396523881e-10 -7.111775428903e-10
161 11 -8.912397467085e-11 -2.478706495426e-10
162 11 1.492112175322e-10 1.600768762821e-10
163 11 -1.014504303381e-10 1.911324443314e-11
164 11 -1.615181998764e-10 5.156970359765e-10
165 11 -3.622238622759e-10 3.368949761177e-10
166 11 -1.496942409357e-10 1.220713218210e-10
167 11 -3.060904156585e-10 -3.682985985186e-10
168 11 1.059514036051e-10 -9.138473388669e-10
169 11 8.132827321384e-10 2.637164624970e-10
170 11 -2.229189589974e-10 -5.354923382483e-11
171 11 3.487958913225e-10 2.813574437614e-10
172 11 8.767861443700e-12 3.695970697322e-10
173 11 3.626924355635e-11 7.214599181639e-10
174 11 -7.285012462158e-10 -2.127954076540e-10
175 11 -3.348662171365e-10 -4.899485462810e-10
176 11 5.790778531205e-10 -4.863948808193e-10
177 11 7.179074753282e-10 4.383684883453e-11
178 11 -8.261851699788e-11 2.778773490051e-10
179 11 9.146204595825e-11 7.128942779981e-11
12 12 -3.207443389882e-08 -1.687364394969e-08
13 12 -1.150958704420e-08 2.135739853482e-08
14 12 3.015663936455e-09 -2.630420309614e-08
15 12 -1.288828163497e-08 2.341898995611e-08
16 12 1.585639116819e-08 5.095088530858e-09
17 12 1.035306928429e-08 2.311134442544e-08
18 12 -6.169346950021e-09 -9.128353924575e-09
19 12 1.651137558308e-09 -2.229191740798e-09
20 12 -4.959923194182e-09 -5.308950407324e-09
21 12 3.106175677072e-09 -7.108103328714e-10
22 12 7.311737648773e-09 -5.455097478846e-10
23 12 1.283946849639e-08 5.056109568333e-10
24 12 1.411690629654e-09 -2.801258865406e-09
25 12 -7.300316793468e-09 1.431300120706e-10
26 12 -1.330442063978e-08 -1.089276736846e-08
27 12 -1.336276889539e-08 -3.185117603826e-09
28 12 -7.771924008787e-10 7.987259272683e-09
29 12 -3.353320897454e-10 -3.387894100400e-09
30 12 1.814366663609e-09 -8.186178893548e-09
31 12 -7.509807618707e-09 -7.303278078789e-10
32 12 -1.005389778568e-08 1.164255029216e-08
33 12 -9.470013534271e-10 9.208503169754e-09
34 12 3.956848426421e-09 -3.331637000957e-09
35 12 -1.477857842232e-10 -5.773305990242e-09
36 12 2.738129261100e-09 -5.711987069128e-09
37 12 7.454126039008e-10 -9.888722082490e-10
38 12 -5.161387752951e-09 -2.387389900794e-09
39 12 -2.529067715141e-09 5.482180512515e-09
40 12 3.513855570664e-09 1.544122498566e-09
41 12 9.167099509411e-10 -2.244819079036e-09
42 12 2.667274035733e-09 -2.007640995169e-09
43 12 2.703652653110e-09 -4.590079791703e-10
44 12 7.176901227728e-12 -2.631801122175e-09
45 12 -8.943094462974e-10 -3.076950346662e-09
46 12 -4.796855101468e-10 -5.291850264978e-11
47 12 6.325266854361e-09 6.374631865421e-09
48 12 4.568415294342e-11 4.900642206438e-09
49 12 -4.389131104892e-09 1.101414049348e-10
50 12 -3.094685596994e-09 -8.253162614526e-10
51 12 -3.128346202269e-09 -2.134740250022e-09
52 12 -4.728058572788e-11 -2.780336076914e-10
53 12 1.200448158603e-09 -2.577712364502e-09
54 12 9.894049691944e-10 4.876253893109e-10
55 12 -3.704015815502e-10 2.526453285013e-09
56 12 -9.250025486456e-10 2.639428876234e-09
57 12 1.314427247364e-09 4.148229694770e-09
58 12 -5.147476964875e-10 2.800372143020e-10
59 12 -1.025617708525e-09 -3.236510032420e-09
60 12 1.929814607090e-09 -3.266105385876e-09
61 12 -7.178921876274e-10 -4.364169172912e-09
62 12 2.735218673922e-10 2.493645460213e-09
63 12 1.798506047215e-10 -6.779372530334e-10
64 12 1.954929343133e-09 3.261496898631e-09
65 12 9.385042932536e-10 -1.442793369023e-09
66 12 -2.492575897346e-09 -7.017166918254e-10
67 12 -4.034816786584e-09 -2.825497397299e-09
68 12 -4.279421069641e-10 2.456736950914e-10
69 12 -8.160980642037e-10 -1.370427544090e-09
70 12 1.308243694972e-10 2.607057110612e-09
71 12 -9.278473196382e-10 1.710060602749e-09
72 12 -1.113543428390e-09 1.083656088134e-09
73 12 2.933502905055e-10 -2.157276469891e-09
74 12 -1.150832909304e-09 -9.175909360400e-10
75 12 2.177629965393e-10 -1.193675785481e-09
76 12 8.758020227837e-10 1.298688716172e-10
77 12 4.172432874449e-10 7.207885212647e-10
78 12 1.351599290504e-09 4.634311727526e-10
79 12 1.449386511529e-10 9.607779834489e-10
80 12 -1.045519220120e-09 -1.400003090571e-10
81 12 -8.096404619244e-10 -6.777708553796e-10
82 12 1.396664383672e-10 6.046936986768e-10
83 12 -5.348007506087e-10 1.824176431019e-09
84 12 1.017887481180e-09 1.769992349573e-09
85 12 -1.142962669586e-09 5.704974996818e-10
86 12 -7.020850829246e-10 -7.395134008855e-10
87 12 7.966578650721e-11 7.360501074756e-10
88 12 7.152758070389e-10 -3.901088748231e-10
89 12 3.677374933091e-10 5.336300892528e-10
90 12 5.750891919987e-10 -1.276623240326e-09
91 12 2.974875022981e-11 7.541626717254e-10
92 12 -8.321831744814e-10 -7.451180400425e-11
93 12 -6.002625336579e-10 -9.210731548498e-10
94 12 1.149050600107e-09 2.164551657663e-10
95 12 3.586528231473e-10 -2.978219227034e-10
96 12 -8.718854830711e-11 1.035924188328e-09
97 12 -1.233823512854e-10 -5.072685857738e-10
98 12 -3.760330235659e-10 4.839047713437e-10
99 12 9.845373375148e-11 -6.820833254035e-10
100 12 -7.648648796264e-10 3.705281249858e-10
101 12 4.092490027934e-10 -6.586886979922e-10
102 12 1.259342042515e-09 -8.476189928953e-10
103 12 -2.509721673045e-10 1.847362679613e-10
104 12 4.927617941969e-10 1.337391014684e-10
105 12 1.313612088590e-09 4.267929242551e-10
106 12 4.832439297942e-10 -5.499831754599e-10
107 12 -6.029360353438e-10 -6.411073444826e-10
108 12 -1.099611603007e-09 -6.055850687381e-11
109 12 -7.925583694112e-11 -3.032550243201e-10
110 12 4.060142256238e-10 -1.403162556776e-10
111 12 -2.501944217361e-10 1.742604108198e-10
112 12 -5.403362328250e-10 7.774263222433e-10
113 12 5.576978603975e-10 -7.906485619275e-10
114 12 2.212433089894e-10 -5.037046770023e-10
115 12 -5.818474034718e-10 -1.000339884038e-09
116 12 9.095824917030e-11 5.260235470380e-10
117 12 5.849092341845e-10 7.012857136355e-10
118 12 2.262877821174e-10 1.132952303759e-09
119 12 -5.154998257494e-10 3.657033245657e-10
120 12 2.838729576690e-10 -1.942358536057e-10
121 12 5.725988732828e-10 -6.877481460019e-10
122 12 8.707103800679e-10 -2.286814664150e-10
123 12 4.768132979119e-10 4.869537509909e-11
124 12 1.047604881286e-09 6.891771734108e-11
125 12 9.586419450476e-11 2.843755672961e-10
126 12 -1.372060807730e-09 9.250694731256e-10
127 12 2.817971418042e-10 -6.757175223500e-10
128 12 2.406608262802e-10 -4.104175096220e-10
129 12 4.272576310554e-10 -4.333999442013e-10
130 12 3.120537425873e-10 -3.315085893852e-10
131 12 1.078034789421e-09 -5.956751876955e-11
132 12 1.016844774743e-09 1.657829449766e-10
133 12 3.093767512969e-10 5.580657364665e-10
134 12 1.836909930346e-10 2.306031948689e-10
135 12 5.875414090975e-10 -3.849904590662e-12
136 12 -5.895623574585e-10 -3.371089452191e-10
137 12 1.516574821316e-11 -4.003923491246e-11
138 12 7.134356602435e-11 7.881283037303e-11
139 12 5.579400685170e-10 3.391309796052e-10
140 12 3.596417132504e-10 3.476036660604e-10
141 12 -1.852918478786e-11 -6.104087868971e-11
142 12 5.242019637194e-10 1.443435720399e-10
143 12 -4.949336032755e-10 6.679362213477e-10
144 12 -2.454222641860e-10 2.898814258711e-12
145 12 -6.461056655841e-12 -3.283273210015e-10
146 12 4.776130551371e-10 -1.242120123604e-10
147 12 3.998533959117e-11 -8.674525649214e-11
148 12 1.049546115410e-10 -3.201971982250e-10
149 12 -1.401352848111e-10 7.099601563931e-10
150 12 8.259629094631e-10 4.159497401049e-10
151 12 -3.509309269501e-10 2.601094926100e-10
152 12 6.505678559614e-11 -1.470498775801e-10
153 12 1.402653931505e-10 -2.486276519688e-11
154 12 7.130771589925e-10 -3.049564112192e-10
155 12 4.798260935553e-10 2.711006856611e-10
156 12 3.671054493989e-11 1.858707823267e-10
157 12 7.201010955814e-11 4.268950034794e-10
158 12 9.463854706454e-11 5.375686445725e-10
159 12 -1.466755123949e-10 -2.091695605106e-10
160 12 4.027736739380e-10 -1.253262349618e-10
161 12 4.531293267826e-10 1.638813776561e-12
162 12 1.103675104345e-09 3.269558604213e-12
163 12 -4.037694990767e-11 2.485328074735e-10
164 12 7.743834416004e-10 6.208802091182e-11
165 12 -6.286202398235e-10 9.138671762155e-10
166 12 -1.810114177975e-10 8.802791275823e-11
167 12 -8.714977387173e-10 -1.139238867147e-10
168 12 4.856986670518e-10 -6.793519302341e-10
169 12 -1.023558407166e-10 6.364830269123e-11
170 12 8.283818566583e-10 -4.876540722891e-12
171 12 -9.437663979203e-11 3.616836453671e-10
172 12 2.016248016568e-10 -5.761888252850e-11
173 12 -7.752028239200e-11 -4.295128654038e-11
174 12 -3.922620370117e-10 -2.666524025029e-11
175 12 2.615857212394e-10 -4.413501145533e-10
176 12 1.325630193012e-10 -3.064030257737e-10
177 12 3.588987952569e-10 3.903207595861e-11
178 12 3.168582873246e-10 6.703599278054e-11
179 12 1.851159554522e-10 -1.108682346233e-10
13 13 -2.154137101216e-08 9.158488123183e-10
14 13 1.105419174955e-08 -7.946951753986e-09
15 13 -1.400371818059e-08 -1.084446165132e-08
16 13 1.454341943414e-08 1.682516487833e-08
17 13 2.085056287011e-08 8.672061123147e-09
18 13 1.004565790246e-09 -1.665507239991e-08
19 13 -3.357491371748e-09 -1.410764792860e-08
20 13 1.594731654006e-08 -1.068524912124e-08
21 13 -1.256655886419e-08 -1.604290287269e-09
22 13 -4.364324486307e-09 9.077914259304e-09
23 13 2.649309276364e-10 4.903400945927e-09
24 13 1.309931381326e-09 3.576630298229e-09
25 13 -2.873903265091e-09 -8.349387677751e-09
26 13 -7.513998652299e-09 -9.795094032366e-13
27 13 -3.677783509316e-10 -2.006594583348e-09
28 13 -4.512053823424e-09 2.511215115963e-09
29 13 -3.889243859829e-09 1.267911915523e-09
30 13 2.577735061609e-09 4.849827812478e-09
31 13 1.258518927813e-09 3.289837862668e-09
32 13 -1.115764230372e-09 7.332425126902e-09
33 13 9.400934965065e-10 4.711732999040e-09
34 13 -2.117561990906e-09 4.577041279621e-10
35 13 -3.477583536842e-09 -7.033434282577e-10
36 13 -7.741197147726e-09 1.335658315975e-09
37 13 -2.885889507949e-09 -4.325080439414e-09
38 13 1.497143530346e-09 1.179741975404e-09
39 13 4.577853657619e-09 -5.986610309640e-09
40 13 1.317824573141e-09 -1.590007559048e-09
41 13 -2.929826294882e-09 1.069024155074e-09
42 13 -5.468055541057e-10 3.986467467420e-09
43 13 3.688011580877e-10 1.790357552215e-10
44 13 3.151093076409e-09 -2.453670825136e-09
45 13 -3.509463894918e-11 -5.464663779449e-09
46 13 -3.603173134866e-10 -2.397205361272e-09
47 13 1.948243036089e-09 -4.010337000026e-10
48 13 1.008000197764e-09 3.076509213151e-09
49 13 2.208316887557e-09 1.494456627298e-09
50 13 2.725213214652e-09 2.695637164394e-09
51 13 -1.746727418226e-09 -1.143632092827e-09
52 13 -8.977131917882e-10 1.828119609660e-09
53 13 3.244091631924e-09 1.882716202053e-09
54 13 4.080339805393e-09 1.875088907551e-09
55 13 5.657825406808e-11 -1.026914658745e-09
56 13 -2.305309527103e-10 1.168250623674e-09
57 13 -1.343154632810e-09 -2.398339766847e-09
58 13 -1.057745160713e-09 4.366128851573e-10
59 13 -9.429664304955e-10 -1.337350973511e-09
60 13 2.213950054178e-09 -3.105176721697e-10
61 13 4.919870501780e-10 -4.275108765539e-10
62 13 2.269494585072e-09 -1.259459349384e-09
63 13 -8.054526276568e-10 -1.105546944373e-09
64 13 3.305711731085e-10 -1.256852037843e-09
65 13 -2.608398124084e-09 1.831944152844e-09
66 13 -1.919923138110e-09 1.591857985868e-09
67 13 -5.526248822361e-11 -2.653457429435e-10
68 13 2.111765846562e-10 -1.491218101180e-09
69 13 -9.269217070190e-10 -3.604104503931e-09
70 13 1.284969003120e-09 -6.437304738938e-11
71 13 1.648117843893e-10 -1.426808524250e-09
72 13 2.289807452337e-10 1.492593884997e-09
73 13 1.103188460797e-09 1.447059700812e-09
74 13 1.571675992119e-09 1.055717653692e-09
75 13 5.566765449013e-10 -1.785198340644e-09
76 13 -1.279181119012e-09 6.021108013240e-10
77 13 -1.766537243872e-09 -3.933559398757e-10
78 13 -1.712205679945e-09 -7.741829201775e-10
79 13 -1.860193774893e-09 1.648997599315e-10
80 13 6.032816561740e-11 1.220063430200e-09
81 13 1.694233248142e-11 -1.133893950059e-09
82 13 1.105629870228e-09 -3.958621979374e-10
83 13 -5.768505766903e-10 -5.416991992618e-11
84 13 -6.130293170777e-13 1.186676407521e-09
85 13 -6.618487915025e-10 -5.072343875143e-10
86 13 3.068167702461e-10 -7.918805117939e-11
87 13 -1.403728604761e-09 -9.550242344104e-10
88 13 8.878549326322e-10 1.154888018961e-09
89 13 5.868320464713e-10 -1.042613066525e-10
90 13 -2.081433094775e-10 1.754214781790e-09
91 13 -6.983744441880e-11 2.144261618776e-10
92 13 -1.588913491957e-09 2.359427691811e-10
93 13 -2.201564499184e-10 -4.403743518624e-10
94 13 -5.425215221626e-10 2.286069306673e-09
95 13 -1.222394033622e-09 1.262572489456e-09
96 13 -5.091149980452e-10 9.307788398596e-10
97 13 -5.662650134623e-10 3.422811611947e-10
98 13 -4.876046551610e-10 -1.303807802980e-10
99 13 -1.635566727725e-10 7.551499955118e-10
100 13 -3.648944380051e-10 2.747398205060e-11
101 13 -6.138250840232e-10 7.611199945300e-10
102 13 1.996321464073e-10 7.933812266241e-10
103 13 3.471929384811e-10 1.895300916374e-09
104 13 5.372736531403e-10 -8.274094697388e-11
105 13 1.528878309071e-10 5.564762708287e-10
106 13 -1.514801480224e-09 -1.966228617921e-10
107 13 5.849239474208e-10 -5.190842804246e-10
108 13 3.997629503162e-10 -7.207672335714e-10
109 13 1.032227023662e-09 -2.145624218626e-11
110 13 -6.506373692529e-10 6.409956642283e-10
111 13 -5.608354007818e-10 2.561993806224e-10
112 13 1.120707998858e-12 -9.757034862381e-11
113 13 -1.422804501408e-10 -1.318502721756e-10
114 13 -7.002427085634e-10 1.088244448339e-09
115 13 1.772976363142e-10 -2.765767559460e-10
116 13 3.919755354512e-10 -1.459657691357e-10
117 13 -1.734954268741e-11 3.678355256992e-10
118 13 -3.690315388291e-10 1.027785759407e-09
119 13 -2.728622823735e-11 2.559941121582e-10
120 13 7.351134300767e-10 -6.347726588238e-10
121 13 3.858650290851e-10 -1.758051191418e-10
122 13 -3.218507766188e-10 -6.602687889073e-11
123 13 1.437988583352e-09 -7.204348623344e-10
124 13 4.565960412134e-10 -2.159342216120e-10
125 13 -4.112476588918e-11 5.083716549851e-10
126 13 -6.471006438191e-10 1.275047134200e-10
127 13 -1.135590614183e-10 -4.649341933497e-10
128 13 -1.661338383187e-10 -1.547773217744e-10
129 13 -3.721620741358e-10 2.555624564687e-10
130 13 6.943237873400e-10 1.422570429382e-10
131 13 6.302587695765e-10 -9.811236903834e-10
132 13 -9.337023863473e-10 -3.328670872864e-10
133 13 -8.694010409857e-10 -5.466287102505e-10
134 13 -7.253384138231e-10 1.126991796808e-10
135 13 -4.500201205220e-10 1.609584411116e-10
136 13 -2.506308404284e-10 1.453722661737e-12
137 13 2.688564427297e-10 -1.362655025672e-10
138 13 -1.689747361892e-10 -1.244928855656e-09
139 13 6.225920525231e-11 1.970677942705e-10
140 13 2.363076404190e-10 -9.630101488884e-13
141 13 4.190455129651e-10 2.194796571159e-10
142 13 5.370299366244e-11 5.964470233862e-10
143 13 -3.099294472472e-12 1.950193145707e-10
144 13 -3.855733708852e-11 5.158341044934e-10
145 13 3.017319134131e-10 -6.167454518476e-10
146 13 4.301179244227e-10 6.451648053771e-10
147 13 2.857491626338e-10 -2.549081613338e-10
148 13 3.389996405694e-10 5.744582264741e-10
149 13 2.498674772158e-10 -3.498056477621e-10
150 13 1.042169088474e-11 3.491889729752e-10
151 13 5.801512543945e-12 2.280495939543e-10
152 13 -2.006844256045e-10 1.849381513585e-10
153 13 1.904553346122e-10 -4.871473568262e-10
154 13 -6.150430531628e-11 4.869938721311e-10
155 13 1.942679195899e-10 -4.893099486621e-10
156 13 7.412147507265e-10 1.301621460154e-10
157 13 2.834009201463e-10 1.887709579514e-10
158 13 -3.236798581401e-10 6.852704195550e-10
159 13 -3.455054726545e-10 -2.758787678247e-11
160 13 4.640659717523e-10 -1.778332197004e-10
161 13 5.007575432796e-11 -3.658631866014e-10
162 13 3.038357664936e-10 2.172138227585e-10
163 13 -4.517271980994e-10 -1.817157290859e-10
164 13 1.483396420995e-10 6.605981873971e-10
165 13 -3.820323195649e-10 2.391283741907e-10
166 13 -1.173933734142e-10 6.733454092403e-10
167 13 -1.518889121590e-10 -6.313657526067e-10
168 13 -2.377243176887e-11 7.883355877199e-11
169 13 -7.816864960757e-11 -3.526430260757e-10
170 13 7.687264506904e-11 -3.355330008785e-10
171 13 -4.193605244994e-10 -5.046404409016e-12
172 13 -1.034594512371e-10 4.758457937428e-10
173 13 -6.606590259935e-10 -1.035039598815e-11
174 13 2.385541853225e-11 2.300586635219e-10
175 13 2.884206977949e-11 -4.151775549005e-10
176 13 3.675996940810e-10 2.120008675467e-10
177 13 -2.305085557366e-10 3.803367299176e-11
178 13 1.398269818718e-10 -1.222541172995e-10
179 13 -5.689033741982e-10 2.612878631649e-10
14 14 -8.129463017516e-09 1.083855994748e-09
15 14 1.658968236924e-08 -1.952393553675e-08
16 14 1.309501374624e-09 -1.642538515549e-08
17 14 7.834726935271e-09 1.038733689922e-08
18 14 -2.999559731504e-09 -2.009444440873e-08
19 14 1.253700834454e-09 -9.561723261333e-09
20 14 -5.034576642326e-09 -1.271283656763e-08
21 14 1.055134305400e-08 2.590143482423e-09
22 14 5.889502277797e-10 4.283256459961e-09
23 14 5.826616407395e-09 -1.143624974328e-11
24 14 -5.346927715353e-09 -2.924774012083e-09
25 14 -1.298169745355e-08 4.319650500527e-09
26 14 1.615428331375e-09 5.819735338923e-09
27 14 9.219732285950e-09 5.557676173939e-09
28 14 -1.545576888087e-09 -2.936479229217e-09
29 14 -1.257185053162e-09 -3.266360531643e-09
30 14 3.821423692018e-09 1.180159359705e-09
31 14 -5.503759636727e-09 -1.953870942237e-09
32 14 -2.321537400235e-09 4.995143111435e-09
33 14 1.853187448114e-09 1.034916760764e-08
34 14 2.374163050867e-09 5.068274743345e-09
35 14 -2.550639029089e-09 -3.301186569994e-09
36 14 -5.487456139971e-09 -4.045781040079e-11
37 14 -1.191891958888e-09 1.665233780519e-09
38 14 -2.554212116620e-09 -1.597048253644e-09
39 14 -1.837048657457e-09 1.794699208220e-09
40 14 3.888391863558e-10 2.327258264553e-09
41 14 4.940454490825e-09 -2.459585329787e-09
42 14 -2.173022512180e-09 2.757781233778e-09
43 14 -1.814508307584e-09 1.092293028609e-09
44 14 -1.871802108133e-09 -2.386949583923e-09
45 14 1.005886357513e-09 -7.522324076643e-09
46 14 4.841264770872e-09 -2.225410140144e-09
47 14 3.670309509747e-09 -8.489126376496e-10
48 14 1.018967802725e-09 4.042109334839e-09
49 14 1.620337321283e-10 -2.737543664174e-09
50 14 -8.843967979472e-10 -8.188264232396e-10
51 14 8.076587284324e-10 -2.867653160554e-09
52 14 1.151742376412e-09 -3.243269381116e-10
53 14 4.650592726855e-09 2.160361600343e-10
54 14 1.665865485588e-09 4.440993516442e-10
55 14 -2.919739547067e-11 -1.846706036940e-09
56 14 -3.802433936110e-10 1.334903782780e-09
57 14 -1.026476064623e-09 2.463336172361e-09
58 14 2.509993461016e-09 -5.822814620556e-10
59 14 -5.710764635387e-10 -2.934829941575e-09
60 14 -8.854881980623e-10 3.351672368336e-10
61 14 -2.231477752426e-09 9.722362943987e-10
62 14 -1.551294584874e-10 2.167804304396e-09
63 14 2.962488961155e-12 -7.131505857062e-10
64 14 -7.657249838757e-10 3.266023082281e-10
65 14 -3.025839143249e-09 -4.006776595775e-09
66 14 -8.954732740075e-10 -2.699517913545e-09
67 14 -1.203635356784e-09 1.153712552499e-09
68 14 6.313702481219e-10 1.928683453398e-09
69 14 1.423285135731e-09 8.476313764486e-10
70 14 7.013271215856e-10 -5.473595390903e-10
71 14 -1.785061753925e-11 5.807344016266e-10
72 14 4.649982091398e-10 -1.977415325960e-09
73 14 -1.670019404918e-09 -1.575204448269e-09
74 14 -2.918543754962e-09 -1.741733565779e-10
75 14 -4.944273222859e-10 -4.145951654982e-10
76 14 2.404534050635e-10 1.169473695987e-09
77 14 9.531960344069e-10 -2.051144759785e-10
78 14 -2.739553949077e-10 -1.172777752382e-10
79 14 -1.092797738398e-09 -1.133966872196e-09
80 14 -4.437173091487e-10 -1.433862325959e-09
81 14 -4.150042500796e-10 -4.879756112636e-10
82 14 -3.632970072173e-10 -9.197470255713e-10
83 14 -3.906059387251e-10 9.590956181158e-10
84 14 -1.692459252465e-10 6.382754866033e-10
85 14 7.316337833866e-11 -3.902109447492e-10
86 14 4.366652935942e-10 -1.312913745224e-09
87 14 -9.127305183894e-10 -4.219606743311e-10
88 14 -1.487425723901e-10 -6.590715459310e-10
89 14 -9.391556405552e-10 1.098902490239e-09
90 14 1.241171570325e-09 9.065535353880e-10
91 14 -8.730831991798e-10 8.350586434287e-10
92 14 -6.155170533721e-11 -7.839004738296e-10
93 14 2.813897532530e-10 -1.115581481775e-09
94 14 6.826013064296e-10 4.889866927759e-10
95 14 5.513388562545e-10 -2.726554633322e-10
96 14 6.880826391190e-10 8.651525643362e-11
97 14 -4.371985843120e-10 7.301583086941e-10
98 14 2.555867435076e-10 1.582609770974e-09
99 14 3.262049119025e-10 5.662173422337e-10
100 14 1.011320553860e-09 -1.542422909198e-09
101 14 4.202288274552e-10 -3.715986664109e-10
102 14 -2.088105382997e-10 5.965471330343e-10
103 14 -1.208066546295e-09 -3.370816496248e-10
104 14 -2.048199152552e-10 9.333812331469e-10
105 14 4.040658485178e-10 2.563629505754e-10
106 14 4.059522007456e-10 8.104596233000e-10
107 14 4.704554335908e-10 -1.892485563924e-09
108 14 2.736473034067e-10 -5.141687399972e-10
109 14 -1.580953066335e-10 1.345274717339e-11
110 14 5.075480523719e-10 1.436764593408e-09
111 14 -7.693860484592e-10 -4.293761720699e-10
112 14 -6.464704075808e-10 5.986246795520e-10
113 14 -1.731864889699e-09 1.194998894724e-09
114 14 -4.411015258722e-10 5.794457926156e-10
115 14 -2.165372259317e-10 -5.688153715307e-10
116 14 8.127495101075e-10 -2.938749371866e-11
117 14 7.105972957267e-10 4.697801689402e-10
118 14 -2.344116929526e-10 1.485473565722e-10
119 14 -8.350924094541e-10 7.761921883443e-10
120 14 -1.226089142416e-09 7.860405074420e-10
121 14 6.650354780374e-11 2.763345174707e-10
122 14 -8.027575413454e-11 -3.637491588966e-11
123 14 7.839097424953e-10 2.244618881374e-10
124 14 -5.582861222632e-10 5.624005733221e-11
125 14 6.189108224800e-10 5.305021967130e-10
126 14 -7.468621265020e-10 -4.526956433620e-10
127 14 8.765749122532e-11 -8.457820651760e-11
128 14 -1.070175772782e-10 5.974950087526e-11
129 14 -7.335864070271e-11 -6.981386226781e-10
130 14 6.988017720010e-11 8.461404161107e-13
131 14 -5.665254671257e-11 3.869610416413e-10
132 14 2.695457605988e-10 9.934282489224e-10
133 14 -1.307064608007e-10 -1.623683379317e-10
134 14 -2.679364037174e-10 -3.944054544591e-10
135 14 -2.232850200752e-10 -4.063549684952e-10
136 14 3.856342860684e-11 -3.718257362102e-10
137 14 -1.471626013075e-10 -3.543344825307e-10
138 14 -1.695395565008e-11 2.291127302625e-10
139 14 3.018759210858e-10 -1.720255379912e-10
140 14 6.335723361026e-10 1.767108591926e-10
141 14 4.327682548021e-10 -1.115536706277e-09
142 14 -1.878401941186e-12 3.237339832589e-10
143 14 -1.570234528587e-10 -1.056704278022e-10
144 14 1.714813726089e-10 -4.203045573402e-10
145 14 5.020891526587e-10 -3.933966214606e-10
146 14 6.117619998909e-10 -2.796425807899e-10
147 14 9.922831989134e-10 -3.920597471893e-10
148 14 -9.120075951878e-11 -6.271321701827e-10
149 14 -2.645237342949e-10 -8.646578721228e-11
150 14 2.060440189303e-10 3.077271559405e-10
151 14 5.527804969478e-10 -6.571068066333e-10
152 14 -2.456307636834e-10 -1.276468533878e-11
153 14 -1.828480553341e-10 1.432692663876e-10
154 14 -3.327592678348e-10 2.653586856815e-10
155 14 6.071459537794e-10 -2.001134440460e-10
156 14 4.199669834750e-10 -2.683532591312e-10
157 14 9.088277358026e-10 9.392291050957e-11
158 14 -7.127917656717e-10 1.599375725141e-10
159 14 -5.267583810865e-10 -7.093570270261e-10
160 14 -7.170658289480e-10 1.299176267122e-10
161 14 7.962776417945e-10 -1.261209456505e-10
162 14 2.319916397332e-10 -5.216128577737e-11
163 14 6.329640074317e-10 -7.360522512052e-10
164 14 -1.931602914193e-10 -1.658466289003e-10
165 14 7.173871474673e-10 2.999349891075e-10
166 14 -4.254649905127e-10 -5.069572665059e-10
167 14 3.514712443679e-10 -3.692490613243e-10
168 14 -5.655824821415e-10 -5.702594574701e-10
169 14 8.937465403837e-11 -5.900015894996e-11
170 14 1.783350696680e-10 7.789617015980e-11
171 14 8.459957811753e-10 2.054369010308e-10
172 14 -9.392564445587e-11 2.630347236590e-10
173 14 -2.689917763163e-10 -2.511862320752e-10
174 14 -4.995575513031e-10 -6.512600027724e-10
175 14 2.084975133985e-10 -2.599016621443e-10
176 14 -5.675201352877e-11 -4.665347699491e-10
177 14 1.252247081649e-10 -8.409171245155e-11
178 14 -3.014610068448e-10 2.909906913423e-10
179 14 9.582479376025e-10 4.717130378054e-13
15 15 3.266447785763e-09 -2.527072621214e-09
16 15 -1.077113635211e-08 -1.101261368308e-09
17 15 2.095359910587e-08 1.318015086316e-08
18 15 -2.095561434556e-08 -1.821286848997e-08
19 15 1.816197678388e-10 -8.493646188800e-09
20 15 -4.469090698669e-09 -5.367021753515e-09
21 15 1.385869031061e-08 8.374976690026e-09
22 15 9.756591428196e-09 -2.656791129063e-09
23 15 1.283563011976e-08 4.688997587461e-09
24 15 6.820203677013e-09 -1.344878333131e-08
25 15 -1.194443120088e-09 -5.560038832658e-09
26 15 -1.629573174871e-08 4.777261967484e-09
27 15 -1.982665874249e-09 3.982267008734e-09
28 15 -3.411665636028e-09 -4.904538234989e-10
29 15 -4.762250202403e-10 -5.290444687430e-09
30 15 -5.423629019257e-10 -3.412368858956e-09
31 15 -8.622856109553e-10 1.448302588209e-09
32 15 1.241605899812e-09 -2.565761269699e-09
33 15 -6.298854339622e-11 2.633816328513e-09
34 15 2.785173897071e-09 4.757839942573e-09
35 15 -5.979286012528e-09 3.568841008942e-09
36 15 8.279165668469e-10 4.154387185282e-09
37 15 5.022214454357e-09 -1.450228332965e-10
38 15 6.093104414647e-09 -2.914668036767e-09
39 15 1.800141568840e-09 1.044937197364e-09
40 15 7.974665131018e-10 -2.397257747788e-09
41 15 -6.547641313583e-10 -1.107272141710e-10
42 15 -3.152609643225e-09 4.274547022697e-09
43 15 -1.189582588147e-09 5.247135579038e-09
44 15 2.169073736962e-09 -2.068769384985e-09
45 15 -2.931809733078e-09 -5.563830363911e-10
46 15 -1.191044055875e-09 -3.360708434906e-09
47 15 5.526323364520e-11 -1.649061439164e-09
48 15 3.646625209928e-09 -1.561357851185e-09
49 15 -1.907418026970e-09 -1.819730423831e-09
50 15 -7.862729694649e-10 -8.047875916764e-10
51 15 -8.784876824310e-10 -3.727040095769e-09
52 15 2.147025931463e-09 -1.967901538263e-09
53 15 2.520682759709e-09 1.288465623607e-09
54 15 4.626458106132e-09 -5.089300625375e-10
55 15 2.951678434079e-10 -2.891225986229e-09
56 15 -6.313954939626e-10 2.903717547101e-11
57 15 -5.275040056046e-10 -3.590733429380e-10
58 15 1.450611198315e-09 9.019137836807e-11
59 15 -4.725773122138e-10 -7.391914485371e-10
60 15 -1.010968704525e-09 -3.167708907400e-10
61 15 1.049724954360e-11 -1.102471898382e-09
62 15 -1.911803287256e-09 -1.730995509630e-09
63 15 -1.108386895618e-10 2.374815924004e-09
64 15 6.589037135560e-10 -2.879979037287e-10
65 15 1.678329411915e-10 1.088386217542e-09
66 15 2.609239669819e-10 -1.523407074628e-09
67 15 1.086389416847e-09 7.140963949033e-10
68 15 6.341759419026e-10 -1.403446809916e-10
69 15 -1.015384924171e-09 -1.409212817317e-09
70 15 -8.777421862300e-10 2.051148787249e-09
71 15 1.049478785147e-09 5.650553738575e-10
72 15 2.112740337135e-10 -1.320156726625e-09
73 15 -1.576788298210e-09 -1.331081794286e-09
74 15 1.057740317968e-09 -1.735936741136e-09
75 15 -4.576230700215e-10 -1.567389017787e-09
76 15 5.998555773569e-10 1.535764928827e-10
77 15 -2.593712991489e-09 1.301381406116e-09
78 15 -5.034305326222e-10 1.961524163628e-09
79 15 -2.877712694922e-10 1.070278161428e-09
80 15 -2.900197929544e-10 2.401988725751e-11
81 15 -4.239962910161e-10 -1.844716570763e-09
82 15 5.924478691840e-10 -3.295917603729e-10
83 15 -1.818533743627e-09 -4.170413852381e-10
84 15 -1.136738681691e-09 -1.698392046223e-10
85 15 -6.832348239181e-10 8.582242159386e-10
86 15 -1.062667644563e-09 4.402023951400e-10
87 15 -5.634108140607e-10 -3.516637612459e-10
88 15 -3.775998647511e-10 -1.368656631381e-09
89 15 8.368477386422e-10 2.381164292513e-10
90 15 9.658993434338e-11 8.106528958326e-10
91 15 -1.350436795902e-09 -4.862768470093e-10
92 15 -5.628437295900e-10 -4.355069870224e-10
93 15 6.960000436712e-10 5.874901983340e-10
94 15 5.639250591395e-10 5.708569421117e-10
95 15 8.328155879254e-10 1.557965489881e-10
96 15 1.501095215864e-09 -1.347861766507e-09
97 15 1.971896802611e-10 7.476714200353e-11
98 15 -2.474212911080e-10 -1.021896775684e-09
99 15 -1.625775323567e-09 1.419838078863e-09
100 15 -3.411462028020e-10 2.964060418161e-11
101 15 -2.353125297737e-10 7.206473417899e-10
102 15 4.234209843816e-10 -2.098274716208e-10
103 15 5.720723226993e-10 6.561282652948e-10
104 15 1.795549120767e-10 1.211870852139e-10
105 15 -1.176929385728e-10 6.470027634877e-10
106 15 -1.007475592785e-09 -7.845044353150e-10
107 15 -9.878590703245e-10 -1.288028473556e-10
108 15 1.023148090643e-09 8.269295054831e-10
109 15 5.009365683225e-10 6.849020307805e-10
110 15 6.505247575414e-10 6.868195180399e-11
111 15 4.393980565309e-10 -6.758616736517e-10
112 15 7.676289074931e-10 4.345029914884e-10
113 15 -3.431087163268e-10 -1.459617431851e-09
114 15 -5.038132304552e-10 -4.385999626469e-10
115 15 4.513555940024e-10 -3.498523493597e-10
116 15 1.158765244067e-09 9.525508224820e-10
117 15 4.640689566944e-10 3.507195336609e-10
118 15 8.176199187129e-10 4.507627265266e-10
119 15 -6.034546652315e-11 1.897033837271e-10
120 15 -4.526892710574e-10 7.688366200101e-10
121 15 -1.709126585660e-09 -1.134349195996e-09
122 15 -2.839664464562e-10 -8.557802788201e-10
123 15 -4.256266847523e-11 3.499919847419e-10
124 15 1.146083317275e-09 1.115131151318e-09
125 15 2.269452931955e-10 -2.187671448077e-10
126 15 6.844067279559e-10 -6.584703676107e-10
127 15 -5.369288008444e-10 -1.030667416172e-09
128 15 1.712524284843e-10 -3.088572255814e-10
129 15 -1.129682520536e-09 -4.403128305572e-10
130 15 9.722735243890e-10 3.837453521808e-10
131 15 5.683816885936e-10 -1.575148617948e-10
132 15 3.845884395813e-10 -3.143264154670e-10
133 15 -1.655955099072e-10 3.060077148585e-10
134 15 -5.916576992756e-10 5.127810878265e-10
135 15 -8.805736959610e-11 3.358262036447e-10
136 15 -6.642540282002e-11 -5.767849830863e-11
137 15 -5.064852325792e-10 -3.725982772744e-10
138 15 1.582844791655e-10 -9.561298452684e-12
139 15 -7.630048510609e-10 -1.174167897612e-10
140 15 6.725517999781e-11 7.443011971275e-10
141 15 6.423963047306e-11 4.247293557870e-10
142 15 3.666522909565e-10 -7.386587953304e-11
143 15 1.569464632726e-10 -8.349921540436e-10
144 15 2.976351202759e-10 -1.435870567047e-10
145 15 1.444147974666e-10 2.838404864599e-11
146 15 2.456602126782e-11 -4.077163907928e-12
147 15 -2.795292706381e-10 5.718439827292e-11
148 15 2.360512237655e-10 1.389653293268e-10
149 15 3.592840405736e-10 1.651195331155e-11
150 15 2.394242541428e-10 1.584540912606e-10
151 15 1.766383877958e-10 -1.294205153729e-11
152 15 -4.995388805319e-11 1.150042329652e-10
153 15 7.746751531620e-10 -5.838073686303e-11
154 15 -4.796838556335e-10 6.359645770976e-11
155 15 4.669389248630e-10 -2.341498216511e-10
156 15 -3.485328561761e-11 2.972762221403e-10
157 15 1.537565902962e-10 1.646520863752e-10
158 15 -3.641157530029e-10 1.033878522600e-10
159 15 3.359646681046e-10 -2.203385714288e-10
160 15 5.825182770030e-10 -2.459983850209e-10
161 15 3.593621546052e-10 -3.510102959668e-10
162 15 -4.980915726369e-11 -3.446933000896e-10
163 15 -1.155276287937e-10 2.036283335294e-10
164 15 -1.063480242084e-10 4.127434813673e-10
165 15 -2.329430440663e-10 4.030585150687e-10
166 15 -6.720808653170e-11 1.164026940683e-10
167 15 1.058151843695e-10 -2.265799570760e-10
168 15 8.187933914911e-11 -5.757367317324e-10
169 15 2.012494039633e-10 -2.738527141169e-10
170 15 3.476906865312e-10 -2.226174281854e-10
171 15 9.292192783330e-10 2.558488281563e-11
172 15 -1.365148846441e-10 4.038159190837e-10
173 15 -4.593001792800e-10 4.888543896304e-10
174 15 -5.911871254889e-10 -3.540010964846e-10
175 15 4.542968179914e-10 2.799986927928e-12
176 15 -1.531969858125e-10 -5.115353998175e-10
177 15 -2.958871728602e-10 3.225345207470e-10
178 15 -1.537501208010e-10 -4.066373835087e-10
179 15 -1.928805026297e-10 9.626840068672e-10
16 16 -1.011466180871e-08 -7.740537181728e-09
17 16 -2.684752722736e-08 1.080529693466e-08
18 16 1.205819630479e-08 1.327563015378e-08
19 16 -1.615054198128e-08 -3.226270390174e-09
20 16 -8.227402818329e-11 2.975959860801e-09
21 16 1.176621109609e-08 -6.151730299519e-09
22 16 -6.610210967297e-10 -4.381552169330e-09
23 16 2.359871776155e-09 7.658501469485e-09
24 16 6.460208593620e-09 -4.948768300948e-09
25 16 -3.775161468136e-09 -9.798493243214e-09
26 16 -2.401129051475e-09 1.251368741967e-10
27 16 -3.523229126029e-10 5.323429520602e-09
28 16 3.614654765204e-09 -6.664356078588e-09
29 16 2.641703190976e-09 -6.011581427961e-09
30 16 -1.044729721722e-09 7.334136250203e-09
31 16 -1.632345409564e-09 6.498149438475e-09
32 16 -2.129855993753e-09 3.583080725954e-09
33 16 5.876044282518e-09 2.786106516793e-09
34 16 4.510622976734e-09 -6.892179799083e-10
35 16 5.475617247795e-10 -6.434943715895e-09
36 16 1.134021272926e-09 3.413270949601e-09
37 16 9.746014556302e-10 9.123779856604e-09
38 16 -2.418417250998e-11 4.661913536077e-09
39 16 1.953448792312e-09 -1.271409142456e-09
40 16 -2.044360531131e-09 -1.700706645208e-09
41 16 7.099852090287e-10 -3.283584508325e-09
42 16 1.246534208979e-09 -1.160604369299e-09
43 16 -6.286062986351e-10 -1.626991058329e-09
44 16 -7.377610277806e-10 1.455284267642e-09
45 16 9.934540412629e-10 -3.759753656163e-10
46 16 1.514897255320e-09 4.397605943495e-09
47 16 1.961107203576e-09 6.389793882797e-10
48 16 -1.985372536884e-10 -1.429225263842e-09
49 16 -1.862730810466e-09 -1.851326382984e-09
50 16 3.088895292177e-11 -2.942328941513e-09
51 16 -1.848428186611e-10 -2.129285650110e-09
52 16 -4.170864729357e-10 -1.846347435591e-09
53 16 -1.918659883153e-10 2.654554908739e-09
54 16 -2.442153334344e-09 1.117720398241e-09
55 16 -2.070396514331e-09 -2.381545078039e-09
56 16 -8.893227803238e-10 -4.012223987010e-09
57 16 1.639772227985e-10 -2.746431232189e-09
58 16 2.412052714905e-09 -1.613455172438e-09
59 16 -2.725984467201e-10 -8.219219805146e-10
60 16 -1.459388246138e-09 -9.771425391805e-11
61 16 -1.985588983298e-09 -1.641401668842e-09
62 16 1.110419743416e-09 4.611593727827e-10
63 16 2.611324136117e-09 1.845716029650e-09
64 16 1.506228818859e-10 1.025323081383e-09
65 16 -3.125182208033e-09 -1.257870638375e-09
66 16 -1.263697365848e-09 1.119467501968e-09
67 16 2.978043840155e-10 -6.709020319820e-10
68 16 3.032100429514e-10 -1.825200657627e-09
69 16 -2.596594798368e-09 -2.453177982823e-09
70 16 2.036922802299e-09 -2.182592684222e-09
71 16 -6.067593060055e-10 1.129286192379e-09
72 16 -8.504931815139e-10 6.466385878704e-11
73 16 -2.122153628579e-09 1.228644584979e-09
74 16 -2.537834066439e-10 -1.715486492722e-09
75 16 -4.894860523211e-10 -1.775298159975e-10
76 16 1.119985405327e-09 -1.961360467680e-10
77 16 1.342973292435e-09 9.964960557809e-10
78 16 5.614410944213e-10 -1.485558468878e-09
79 16 -2.599411215978e-09 -8.200910430661e-10
80 16 2.875048597118e-11 -2.575899171844e-10
81 16 1.687519108524e-09 -1.125584645467e-10
82 16 1.344554220227e-09 -1.468715905821e-09
83 16 -1.128026785790e-09 -5.402671864277e-10
84 16 1.631489375677e-10 -7.988426668049e-11
85 16 -1.702977558643e-11 -1.057622450962e-10
86 16 -9.474342854996e-10 3.987415377433e-10
87 16 -1.429212101939e-09 2.218721138474e-10
88 16 -1.423901585966e-09 9.121878368056e-10
89 16 2.961340469772e-10 -1.369714510084e-09
90 16 3.144139134676e-10 8.389169690556e-10
91 16 4.657448551692e-10 -8.290161771692e-10
92 16 1.364690974299e-09 -2.255663080745e-10
93 16 -1.121474625597e-09 1.597806402709e-10
94 16 -6.959300910695e-10 -2.913535178266e-10
95 16 -1.897077510489e-09 -1.208053409972e-11
96 16 3.250462611699e-10 -1.517328790837e-10
97 16 -1.958784045163e-09 -6.058534298286e-10
98 16 -7.040685637102e-11 4.884422215990e-10
99 16 -2.072397409697e-10 -3.124927499350e-10
100 16 7.945727331522e-10 -7.147734788688e-10
101 16 -8.472984074237e-10 3.146750084397e-10
102 16 -3.655376954748e-10 -3.983611606381e-10
103 16 1.476351686941e-10 9.264484171088e-10
104 16 7.660381726238e-11 3.146465782051e-10
105 16 1.724878910475e-11 2.396955612818e-09
106 16 7.793095988520e-12 -5.677763929971e-11
107 16 1.815640461052e-10 2.808131916827e-10
108 16 -8.331895397315e-10 -6.017899183239e-10
109 16 -1.278755167016e-09 -5.452707540018e-10
110 16 -2.443975733435e-10 -5.554285147953e-10
111 16 9.444194891179e-10 5.521582151116e-10
112 16 -4.865007061161e-10 6.574766905465e-10
113 16 -5.889571395066e-10 9.478667611996e-10
114 16 -5.481997092633e-10 -5.947645094188e-10
115 16 6.868192318708e-10 -5.399289692603e-10
116 16 1.536364551931e-10 -7.442839814689e-10
117 16 -1.378509645775e-09 9.625039324646e-11
118 16 -9.589998014524e-10 5.998555141859e-10
119 16 -1.039055815657e-09 9.201111257058e-10
120 16 1.921752421752e-10 8.883151353136e-10
121 16 3.302477808605e-10 1.255337629423e-10
122 16 6.561711649666e-10 -2.389536535006e-10
123 16 -4.923781909462e-10 -5.363539278304e-10
124 16 1.363135592934e-10 -2.613000174822e-10
125 16 -1.069179161010e-09 8.205642402815e-10
126 16 7.087392218169e-10 1.132159498627e-09
127 16 -6.586351997141e-10 1.288561904841e-09
128 16 -4.560258265053e-11 4.179813601169e-10
129 16 -2.562823162752e-10 -5.952489389960e-10
130 16 -4.695765851720e-10 -3.219464151691e-10
131 16 4.388828410447e-10 -1.169518640113e-09
132 16 -3.245522163110e-10 -4.887451651583e-12
133 16 -2.345699786184e-11 1.230412303830e-09
134 16 -3.102862250117e-10 1.093947697063e-09
135 16 4.165748914798e-10 -1.543408397263e-10
136 16 -4.178753705424e-11 -3.554445709777e-10
137 16 9.101681146462e-11 -1.053280404120e-09
138 16 -5.425629203211e-11 -3.232029423129e-11
139 16 3.273600265212e-11 5.082788479204e-11
140 16 2.465213779723e-10 1.292081915956e-09
141 16 3.096610831727e-10 -8.965844442589e-11
142 16 -3.124395800437e-10 3.607403536803e-10
143 16 -1.086748385987e-09 -5.931110596276e-10
144 16 -3.982186507813e-10 -4.775312473319e-10
145 16 -1.912097937625e-10 -4.511854663887e-10
146 16 2.026758200917e-10 -6.167879756415e-10
147 16 1.635920370812e-11 1.408295833601e-10
148 16 -3.474526858980e-12 -1.081230231263e-10
149 16 -5.122748327270e-10 8.065143608091e-12
150 16 -3.872175027978e-10 4.107260330103e-10
151 16 8.014010542513e-10 -4.363420379018e-10
152 16 2.515739969113e-10 -4.402244589226e-10
153 16 -1.286066374926e-10 -6.859827520272e-10
154 16 -2.931383377235e-10 -2.840559930254e-10
155 16 5.933714689933e-10 -2.203498525706e-10
156 16 5.433635303590e-10 -1.330754845474e-10
157 16 -1.854844116993e-10 1.433229768954e-10
158 16 1.975755009986e-11 -3.304844857531e-10
159 16 -3.099851862239e-10 -3.744474561288e-10
160 16 -3.662653456044e-10 -1.252338707091e-10
161 16 -2.720090179601e-10 -3.570726598390e-10
162 16 4.994402715392e-10 -1.168107964733e-10
163 16 5.239967253037e-10 -4.222255268448e-10
164 16 -4.249404782726e-10 2.641517102914e-10
165 16 -3.708431500292e-10 4.155377816467e-10
166 16 -4.129400002376e-10 -4.876243579349e-11
167 16 1.965385296620e-10 -5.649490305466e-10
168 16 1.771966793886e-10 -5.194623359371e-10
169 16 1.205315406695e-10 -2.575592107411e-10
170 16 3.736982846579e-10 -5.705440060508e-11
171 16 6.383485704442e-10 -1.617864106745e-10
172 16 -8.799135987126e-11 3.761539949829e-10
173 16 -3.125257439228e-10 -1.021650553035e-10
174 16 -5.691943069775e-10 -1.723794054460e-10
175 16 -1.938892248400e-10 2.441626552758e-11
176 16 4.304929974765e-10 4.721983640243e-11
177 16 1.874228294111e-10 -1.153567586504e-10
178 16 5.285081062021e-10 -6.708132935883e-11
179 16 2.054426809973e-10 6.393279484044e-10
17 17 -1.120243422570e-08 -1.736755336214e-08
18 17 -1.920850147306e-09 4.247446324220e-09
19 17 1.136677690154e-08 -1.271363240264e-08
20 17 -7.355231801766e-09 1.046724131724e-08
21 17 1.448685408104e-09 -1.800019990209e-09
22 17 2.621536855531e-09 -9.914365558588e-09
23 17 -3.706786724705e-10 -7.999135945714e-09
24 17 -1.086176879384e-08 -9.489272009974e-10
25 17 -5.892669231180e-09 -1.189005581064e-09
26 17 -1.065147166578e-08 2.386325523249e-09
27 17 4.237426584255e-09 3.697088871262e-09
28 17 1.027449175768e-08 -4.060714530516e-09
29 17 -4.057424973800e-10 -3.421588455542e-09
30 17 -5.295383714738e-09 3.538736684846e-09
31 17 -6.039588612359e-09 6.089437794134e-09
32 17 -4.042484436147e-09 4.073563681184e-09
33 17 -1.228757003920e-09 7.880439601222e-11
34 17 1.908821946588e-09 -9.440532575977e-11
35 17 3.074745492740e-09 -7.393589050199e-09
36 17 3.068231878413e-09 -6.514473275507e-09
37 17 6.490576086731e-09 -3.812606739591e-09
38 17 2.085138984554e-09 9.850546377106e-10
39 17 -2.846496539770e-09 -2.200353438358e-09
40 17 -1.231237482540e-10 -2.480228774761e-09
41 17 -3.802574783622e-09 -6.542296261950e-10
42 17 -1.799062987891e-09 -6.573866778323e-09
43 17 2.288234831056e-09 -2.607262956020e-09
44 17 4.226342583914e-09 4.550151881159e-10
45 17 4.257327450086e-09 7.329976094632e-10
46 17 -2.320667411553e-09 1.887564115240e-09
47 17 -4.908814508796e-09 2.291254853627e-09
48 17 -5.435434629142e-10 2.501989294537e-09
49 17 -1.491967128177e-09 1.448506165911e-10
50 17 -1.186285588821e-09 -1.461210324088e-09
51 17 9.940011420554e-10 -2.258207991042e-09
52 17 2.115386289765e-09 -4.025258026413e-11
53 17 -5.553367588693e-10 -1.021204963192e-09
54 17 -8.039625300018e-10 4.412778874080e-09
55 17 -3.341866078893e-09 -8.686962627585e-11
56 17 -3.940793053170e-09 -1.865066540075e-11
57 17 -1.678708928605e-10 -3.814709041101e-09
58 17 1.782939255571e-09 6.524151323290e-10
59 17 8.769263114014e-10 8.788475237949e-10
60 17 -1.470124610084e-09 1.833882543596e-09
61 17 -5.751584189551e-10 -1.215398979891e-09
62 17 2.010332681741e-09 -1.236133941595e-09
63 17 4.557477445887e-10 -1.029605764336e-09
64 17 -6.079620936308e-10 1.945796269549e-09
65 17 -6.055914295491e-10 -1.339487200541e-09
66 17 -5.176164288176e-10 -1.129440939084e-09
67 17 -1.616497296151e-09 -6.068425927561e-11
68 17 4.300090953047e-10 1.693324923914e-09
69 17 6.333957800991e-10 -1.667338443272e-09
70 17 -2.536039176481e-10 1.099615400009e-10
71 17 -4.421615852780e-10 2.589342259886e-09
72 17 2.876189355433e-09 2.511531973245e-09
73 17 -9.181534765588e-10 -3.908387803377e-10
74 17 -1.642676495930e-09 -4.942902749138e-10
75 17 -1.949556992329e-10 -2.582179810188e-10
76 17 1.497782184321e-09 -1.857974480540e-10
77 17 9.339724701729e-10 -6.351448357152e-10
78 17 8.836917964641e-10 -5.199872217409e-10
79 17 -4.677322375284e-10 2.084444074019e-09
80 17 -1.706745719687e-10 -9.212804260541e-10
81 17 -3.668987246894e-10 8.036883180399e-11
82 17 -1.708951217416e-09 7.980865982007e-10
83 17 -2.097423681280e-10 -1.598739498083e-10
84 17 -5.971895233776e-11 -5.695923192937e-10
85 17 -4.707597269320e-10 3.624273789770e-13
86 17 4.460265858181e-10 -5.038906769440e-10
87 17 3.115483801917e-10 -1.319568870549e-09
88 17 -4.844349365182e-10 -5.204621113981e-10
89 17 -4.321705102379e-10 1.137452978966e-09
90 17 -9.097859170233e-10 3.734287599542e-10
91 17 -7.754050212325e-12 -1.451584561973e-09
92 17 -1.840248952158e-10 -3.930607026044e-10
93 17 -7.956291697454e-10 5.449538297735e-10
94 17 -2.265682798392e-10 9.766653411392e-10
95 17 -1.007724324821e-09 -1.788615040448e-10
96 17 -2.606395419229e-10 3.969303364132e-10
97 17 -6.428991016606e-10 -7.356059163915e-10
98 17 -9.479396959794e-10 -3.842492083109e-10
99 17 -4.055290611180e-10 1.020048474302e-09
100 17 -5.537777048782e-10 1.555779053794e-09
101 17 3.250578938009e-10 -9.838804426660e-10
102 17 -6.031567940499e-11 -6.378055117541e-11
103 17 1.672816279607e-10 -1.468260210476e-09
104 17 -1.078618275988e-09 -2.445804206932e-10
105 17 -1.119436906759e-09 -6.502088622840e-10
106 17 -6.600017373549e-10 1.937671170207e-10
107 17 -1.616958277084e-12 -7.197768986293e-10
108 17 2.257685353482e-11 4.742364322445e-10
109 17 6.221265408758e-10 -2.350979320030e-10
110 17 7.604681216376e-10 -3.159958668701e-10
111 17 -4.770538609081e-10 -6.160245940545e-10
112 17 -5.717159694083e-10 -1.947591233029e-10
113 17 -7.397346540305e-10 -5.891900430826e-10
114 17 -7.190558822447e-10 1.818611041325e-10
115 17 -5.558405232619e-10 9.738959710205e-10
116 17 1.110601602707e-10 1.204558488350e-11
117 17 -1.087556819801e-10 -5.446325009235e-11
118 17 2.357191859966e-10 -8.275747995329e-10
119 17 -7.763354929136e-10 -2.482719930916e-10
120 17 -1.328586808882e-09 -4.791912143289e-10
121 17 -5.724810957981e-10 1.036030544609e-09
122 17 -5.753691206658e-10 -1.722815531756e-10
123 17 4.265124628802e-10 1.011548047197e-09
124 17 4.585936124295e-10 3.623878051344e-10
125 17 2.328148641004e-10 3.255024483865e-10
126 17 5.190157526393e-11 -9.133236274450e-10
127 17 -8.400578661642e-10 3.172740948024e-10
128 17 -8.862233523523e-10 8.082910615583e-10
129 17 -2.759823438523e-10 1.544101547706e-09
130 17 3.690039876860e-10 1.580252771090e-10
131 17 -3.952223528946e-10 -3.552342222104e-10
132 17 9.802133212417e-10 -1.243802315524e-09
133 17 -5.642796402575e-10 -4.401570973256e-10
134 17 -2.414508476726e-10 4.966738597279e-10
135 17 -1.245831288308e-09 1.168159141165e-09
136 17 3.411304312888e-11 1.015160575534e-09
137 17 -3.646948980654e-10 -8.254135485001e-10
138 17 6.761226972661e-10 -3.248729098788e-10
139 17 7.996527678680e-10 -4.795742152792e-10
140 17 4.327139968075e-10 2.324932979747e-10
141 17 -3.094795313436e-10 9.895557321086e-10
142 17 -6.541493870351e-10 3.211577841831e-10
143 17 -4.371912671406e-10 1.084265450410e-10
144 17 -4.582529571629e-10 -2.100725874449e-10
145 17 4.501486223248e-10 -3.499200172074e-11
146 17 3.654296917510e-10 -4.457238662557e-11
147 17 5.659282800889e-10 -5.455497911504e-10
148 17 2.236833205318e-10 3.702559365261e-10
149 17 -9.622805405186e-11 2.734337352374e-10
150 17 -3.079544844541e-10 5.206419761235e-10
151 17 -2.876280414552e-10 -1.364278565646e-10
152 17 3.130920091357e-10 -5.008901098904e-10
153 17 -2.016699865919e-10 -3.437292672965e-10
154 17 2.284046812744e-10 -8.297321401997e-10
155 17 -1.285877574438e-10 -3.677470446818e-10
156 17 2.624803418520e-10 -1.314842208838e-10
157 17 -4.608008363304e-10 3.455344153060e-10
158 17 3.410006016334e-10 -2.545840185670e-10
159 17 -5.185229609293e-10 -5.314314427233e-11
160 17 1.037652257846e-10 -3.881878930175e-10
161 17 -2.722616170433e-10 -6.148594045010e-10
162 17 6.608804581450e-10 -1.075940257492e-09
163 17 -3.413330183966e-10 1.039978000371e-10
164 17 1.831196836364e-10 4.343623656445e-10
165 17 -4.068197231667e-10 1.202095449529e-10
166 17 4.731538365690e-11 1.373906748417e-10
167 17 1.396499569881e-10 -6.806290087860e-10
168 17 -1.554968902554e-10 -1.987021727096e-10
169 17 -1.423739433074e-10 -9.642126802260e-10
170 17 8.152942965064e-11 5.875673571013e-10
171 17 3.146740472491e-10 1.375959215881e-10
172 17 -2.148602495458e-10 2.902594493302e-10
173 17 -2.076519970930e-10 -4.292625865793e-10
174 17 -4.411052512676e-10 3.898051377209e-10
175 17 1.808802535910e-10 -4.591960796054e-10
176 17 2.282207171426e-10 -2.181894400450e-10
177 17 1.420708846254e-10 -9.360405947983e-10
178 17 4.227454367702e-10 1.804497994749e-10
179 17 -3.696839179462e-10 1.980083807560e-10
18 18 7.167469558907e-09 -3.297564194591e-09
19 18 1.216621101774e-08 9.149308961197e-10
20 18 -2.350893991675e-09 -2.831236907974e-09
21 18 1.409692026243e-08 -2.795335920014e-09
22 18 -1.147398477696e-09 -4.885686001888e-09
23 18 1.073021940166e-09 -8.006983352392e-09
24 18 3.587234105454e-09 3.579428296542e-09
25 18 4.602602423316e-09 -7.365978499139e-09
26 18 -8.851686839123e-09 -4.878070076309e-09
27 18 3.668770813476e-09 5.259898376943e-09
28 18 3.596463497022e-11 -1.912043924333e-09
29 18 4.368922615122e-09 -3.995030892743e-09
30 18 -7.438355265670e-09 2.780696085160e-09
31 18 -2.238696522407e-09 2.364832254930e-09
32 18 4.760099539619e-09 -4.593740972696e-09
33 18 -3.682526196563e-10 -5.631960687328e-09
34 18 -1.049707278447e-09 -5.570942841672e-09
35 18 -8.971724090136e-10 -4.468955383964e-09
36 18 -2.543416945109e-09 -7.075399795704e-10
37 18 -8.424088629555e-10 1.067362737493e-09
38 18 6.129724133851e-09 3.651001195933e-10
39 18 -1.367941787048e-09 -1.588967669848e-10
40 18 -1.405753299323e-09 5.515863454196e-10
41 18 -1.761533303410e-09 2.311748077177e-09
42 18 -6.417155142776e-09 -1.173239898512e-09
43 18 -4.060282424098e-09 -3.671730019070e-09
44 18 8.126901199012e-10 -3.945309768295e-09
45 18 2.162603087585e-09 -2.508856616584e-09
46 18 1.992868894767e-09 9.094534939531e-10
47 18 -1.486869793500e-09 5.518870526666e-09
48 18 -4.688407350887e-10 -1.787583397344e-09
49 18 -1.751585130017e-09 -3.635648278221e-09
50 18 -1.452027882053e-09 -1.242606637873e-09
51 18 1.737197571529e-09 -4.213440419836e-10
52 18 1.293589847605e-09 -1.196525811136e-09
53 18 1.040585678248e-09 3.577856221022e-09
54 18 -7.107981370535e-10 1.796261345582e-09
55 18 -7.227870026240e-10 4.394203778806e-09
56 18 -2.008850946809e-09 6.255890468357e-10
57 18 -2.405078939621e-09 3.923769758494e-10
58 18 1.670748787500e-09 -2.904578306185e-10
59 18 1.719159579496e-09 -8.105147655152e-10
60 18 -2.970064256499e-10 -1.308277817678e-09
61 18 -3.284589256003e-09 -1.797039526278e-09
62 18 5.194401552794e-10 -4.593030979649e-10
63 18 -1.618496017840e-09 -1.109679271240e-09
64 18 8.744268606713e-11 7.160527218822e-10
65 18 -1.584736524716e-09 2.185564181369e-10
66 18 1.906627287512e-09 -1.630803743409e-09
67 18 -3.674813667521e-10 2.297604574470e-09
68 18 -4.090080352896e-10 -1.828401124185e-10
69 18 -6.310963007656e-10 -5.643039909031e-10
70 18 6.296694948358e-10 3.705383215418e-10
71 18 1.017995697335e-10 1.528590648595e-10
72 18 1.801116073476e-09 -1.221292511300e-10
73 18 9.767851452533e-10 1.085046264987e-09
74 18 -6.937035751380e-10 -3.114745693181e-10
75 18 1.163851836444e-09 -8.925469197640e-10
76 18 7.631820922459e-10 -2.186858363819e-09
77 18 3.578869550695e-10 -7.671178233883e-10
78 18 -1.276484529971e-09 -2.474736230704e-09
79 18 -2.087305158103e-10 -1.381103840928e-09
80 18 1.354846830149e-10 -9.291163847193e-10
81 18 -4.654896676663e-10 1.490931255124e-09
82 18 1.809021626817e-09 -1.022638612126e-09
83 18 -6.557038720538e-10 -1.327179096807e-09
84 18 -1.685938441000e-09 -8.726261301474e-11
85 18 2.657171542008e-10 8.273865851006e-10
86 18 8.859671385725e-10 -1.714123951344e-09
87 18 1.788392640811e-09 1.159422860615e-09
88 18 -9.323162025017e-10 3.128245986979e-10
89 18 -9.384710990906e-10 1.411717297024e-09
90 18 -9.211258043766e-10 -3.853278224546e-10
91 18 6.127704950175e-11 -7.317589377425e-10
92 18 -5.334479940758e-10 -6.974005939464e-10
93 18 5.135968958258e-10 -6.307592219470e-10
94 18 1.683728177297e-10 -5.336531561175e-10
95 18 1.107490268792e-09 8.520791262480e-10
96 18 1.041458514163e-09 5.837038942935e-11
97 18 9.384835951027e-10 -1.892153396999e-10
98 18 2.282927783658e-10 -7.151003005251e-10
99 18 2.959576384558e-10 3.388039921312e-10
100 18 7.962250810161e-10 -5.218236041304e-10
101 18 -6.757712150321e-12 7.086778874223e-10
102 18 -1.056261067038e-10 -5.147154078269e-10
103 18 -1.151680920469e-09 3.331831693508e-11
104 18 3.984139404715e-10 -1.311406611403e-09
105 18 5.229146729448e-10 1.503289113705e-10
106 18 1.129961634034e-09 -3.682915510249e-10
107 18 -3.611171033816e-10 1.075240655925e-09
108 18 -4.153931612204e-10 -4.410877097247e-10
109 18 -7.524336982052e-11 3.293483658933e-10
110 18 -3.085185801350e-10 4.932615274882e-10
111 18 5.597978526267e-10 1.367232216262e-09
112 18 -9.098292933221e-10 -1.773007276397e-10
113 18 -2.556751561481e-10 -9.221119343790e-11
114 18 1.675754103795e-10 -7.723425804237e-11
115 18 1.242220435510e-09 1.256151050600e-09
116 18 4.051852845612e-10 3.221565041879e-10
117 18 1.002298331081e-10 4.923219951246e-10
118 18 -7.161396435725e-10 7.075770491954e-10
119 18 -4.690189185372e-10 8.728473513103e-10
120 18 -4.787708013344e-11 -2.591232436108e-10
121 18 7.901201986554e-10 2.289515448316e-10
122 18 3.606782970028e-10 -8.589604339399e-10
123 18 -4.032307500043e-10 1.343735984148e-10
124 18 4.350454383150e-10 7.360720799113e-10
125 18 -6.622217183668e-10 9.063844874721e-10
126 18 7.517233726525e-10 6.417700589660e-10
127 18 1.003342943056e-10 1.922006738886e-10
128 18 3.776952743259e-10 -3.314717643436e-10
129 18 -1.322324440769e-09 -3.319266303174e-11
130 18 5.236881447600e-11 -4.968860177758e-11
131 18 3.244337542094e-11 7.893359570610e-10
132 18 6.699719005032e-10 5.340190590472e-10
133 18 1.833011392058e-10 5.300109299240e-10
134 18 7.637842981833e-10 1.868745538384e-10
135 18 2.373995522300e-10 1.144720362288e-10
136 18 -3.494141696439e-10 6.518539289852e-13
137 18 -3.876820030959e-10 -3.946835780824e-10
138 18 -3.264142290909e-10 2.820650404831e-11
139 18 9.103471439239e-10 -1.206932029082e-10
140 18 6.324513550844e-10 -2.618936276295e-11
141 18 1.182803797183e-09 1.375459739456e-10
142 18 -5.119222412394e-10 9.058515056741e-11
143 18 -7.129388721906e-10 -6.337953882219e-10
144 18 -2.700461262419e-10 4.952171725183e-10
145 18 7.215036825926e-10 3.523597677119e-10
146 18 6.272417766074e-10 2.466914434507e-10
147 18 4.828337095373e-10 -1.112489699303e-10
148 18 -2.482911461967e-12 2.303107628503e-10
149 18 -1.263645615345e-10 1.135608328571e-10
150 18 -5.663667868277e-10 -2.273065235766e-10
151 18 2.105006884491e-10 2.535927434757e-10
152 18 -3.869259904983e-10 -2.342157169322e-11
153 18 -5.909946319162e-11 -5.789767212297e-11
154 18 4.764682420405e-10 -1.735229571965e-10
155 18 7.579416877900e-10 5.155121300020e-10
156 18 4.997508594567e-10 8.422971853888e-11
157 18 -2.864409202792e-10 -3.191958755420e-10
158 18 -9.215293898708e-11 -3.194565852612e-10
159 18 -5.563899536688e-10 2.255546240653e-10
160 18 -6.253121494205e-10 1.452512573380e-10
161 18 3.267561979691e-11 2.266188616108e-12
162 18 3.273494001493e-10 5.381370847782e-12
163 18 5.637138464050e-10 -3.599922357918e-11
164 18 -2.697927384625e-10 1.758470197491e-10
165 18 -5.264364061988e-10 -4.632244954551e-11
166 18 -8.460436241832e-11 -6.170462282069e-11
167 18 -2.960602607212e-10 -2.104954627020e-10
168 18 -5.239496923305e-10 2.057509540874e-11
169 18 -3.033878669879e-10 -4.425673514712e-10
170 18 3.466321345693e-10 1.895600842620e-10
171 18 3.049850146340e-10 3.181903714960e-10
172 18 2.053648231351e-10 1.630625327259e-10
173 18 -5.358035546629e-11 -3.044566505843e-10
174 18 -3.826899120348e-10 1.804625630966e-10
175 18 -8.055873688455e-10 -3.566973811988e-10
176 18 8.151179748404e-11 -8.754547945516e-11
177 18 5.013653093572e-10 -4.329987131040e-10
178 18 3.686804273294e-10 5.058568186931e-10
179 18 -1.572656397047e-10 1.916609802528e-10
19 19 -4.563883488990e-10 3.950902382997e-10
20 19 -1.635227258165e-09 8.202561958454e-09
21 19 -2.347911097205e-08 5.964215177863e-09
22 19 9.722666024673e-09 -1.122067133939e-08
23 19 -8.965042306122e-09 5.584143522069e-09
24 19 -8.799873083678e-09 -3.147735985485e-09
25 19 9.484750316041e-09 5.008260599130e-09
26 19 -4.523080446414e-10 -5.921991626453e-09
27 19 -3.473269422697e-10 -4.449481879420e-09
28 19 5.764794094681e-09 7.411084442712e-09
29 19 -4.022054022428e-10 -3.131525143864e-09
30 19 -9.656825960607e-09 1.271813633008e-09
31 19 -9.744303990475e-10 7.718636927636e-09
32 19 2.350143193192e-09 1.534473932648e-09
33 19 4.448298810900e-09 1.799660584386e-09
34 19 -2.378392832522e-09 2.688125930301e-09
35 19 9.593859515023e-10 -3.493377936564e-12
36 19 -1.445759961628e-09 -2.270966844018e-09
37 19 -3.130599209098e-10 -1.463344629783e-09
38 19 1.551132711955e-09 -9.742774916835e-10
39 19 1.732008008377e-09 2.251875415621e-09
40 19 -2.779166133431e-09 1.797824067015e-09
41 19 -2.106291670271e-09 2.958336280940e-09
42 19 8.171091005698e-12 -2.384933884690e-09
43 19 -2.817681020764e-09 -6.546275155467e-09
44 19 3.219699642264e-11 -4.908125156717e-09
45 19 -1.979067466955e-09 -2.142904828563e-09
46 19 -3.806108817648e-09 -9.646965526074e-10
47 19 -6.134973135043e-10 1.806265971372e-09
48 19 -3.172592330468e-09 3.611808891522e-09
49 19 -3.227569001140e-10 9.288721073963e-10
50 19 -2.650147733300e-10 1.894989811567e-09
51 19 4.450245912928e-10 -5.963983437435e-10
52 19 2.735376576549e-09 -2.092403577627e-10
53 19 4.378464165923e-10 1.601364061633e-10
54 19 2.188644360369e-09 1.825046834564e-09
55 19 -2.790996083178e-10 -9.113381121364e-11
56 19 -6.016443048701e-10 2.890234741694e-10
57 19 -6.704244144617e-10 2.119380902181e-10
58 19 1.955766084754e-09 3.158815715016e-10
59 19 6.467978791643e-10 -6.950033171569e-10
60 19 1.985436268990e-09 2.047834324865e-09
61 19 5.221458935102e-10 3.376529607215e-09
62 19 -4.650729215615e-10 5.627657974641e-11
63 19 -3.074855530352e-09 -4.332302840255e-10
64 19 -9.956155215247e-10 -9.527092407795e-11
65 19 -2.106109046498e-09 -4.424545090708e-10
66 19 2.101831866045e-10 -3.789707473531e-11
67 19 -5.598342226544e-11 1.039160260407e-09
68 19 1.184149455503e-09 9.940768902690e-10
69 19 1.624526075034e-09 1.841348973145e-09
70 19 -9.667152096345e-10 6.407149963711e-10
71 19 -7.681376937877e-10 -2.863746817844e-10
72 19 1.066683779388e-09 -1.977028210621e-09
73 19 3.546904653224e-10 -1.707998910899e-09
74 19 -9.316295890364e-11 -1.022311207539e-09
75 19 -7.039369053560e-11 9.638840165130e-10
76 19 -2.146865129840e-10 1.172353682064e-09
77 19 -6.247294584045e-10 -3.291650461607e-10
78 19 -3.366181094953e-10 -9.633476745343e-10
79 19 -2.509286141572e-09 -6.821651454140e-10
80 19 -7.832789686027e-10 3.701197687623e-10
81 19 3.722890313919e-11 9.441041220462e-10
82 19 9.010917944165e-10 1.419417398211e-10
83 19 9.558772712692e-10 2.847721233852e-09
84 19 -7.073052785781e-10 7.461875492365e-10
85 19 -2.927321154851e-10 9.370844530170e-10
86 19 8.753024257937e-11 -1.709197839055e-09
87 19 -1.008585751263e-09 -1.037451649753e-09
88 19 -1.011674532936e-09 -3.811671907071e-10
89 19 -1.950703670863e-09 1.070755054499e-09
90 19 -6.235943912833e-11 -5.359485816590e-10
91 19 1.058570891516e-10 -2.807719233101e-10
92 19 1.716862953986e-09 -9.882786997981e-10
93 19 -6.470747069355e-12 -7.303739013894e-10
94 19 -1.138922342783e-09 1.265890760806e-09
95 19 -3.686836072908e-10 5.943789038000e-10
96 19 -1.137556512498e-09 -1.134811349015e-09
97 19 -9.168921626205e-10 -7.773320454899e-10
98 19 -5.222101698532e-10 -1.239982628145e-09
99 19 -6.828719079243e-10 8.915122262634e-11
100 19 9.063661266037e-11 -1.873658013328e-09
101 19 1.004565906542e-09 2.188036897164e-10
102 19 4.428704897799e-10 -1.241056008427e-09
103 19 1.052682279214e-10 8.140057625504e-10
104 19 -6.658537128832e-10 -4.363050733062e-11
105 19 -1.025188388843e-09 -1.156728121498e-10
106 19 -6.266849529973e-10 4.943614836133e-10
107 19 -8.866033653531e-10 -3.803113415971e-10
108 19 -3.748069545057e-10 -1.105731778249e-09
109 19 -5.117455518751e-11 6.510991096506e-10
110 19 6.685967787847e-10 3.675698728959e-10
111 19 -5.660728729850e-10 4.231828012282e-10
112 19 3.380488756524e-10 -2.946037593643e-11
113 19 -1.029751370726e-09 -2.132580171581e-10
114 19 5.817471261169e-10 -1.449925272013e-10
115 19 2.789437558187e-12 3.584698545857e-10
116 19 1.042090186165e-09 2.206227747948e-10
117 19 9.272539127899e-10 8.744676139001e-10
118 19 3.139140657642e-10 -3.053001079694e-10
119 19 -3.525534580252e-10 5.241567091024e-10
120 19 -7.500083323209e-10 -2.365489897939e-10
121 19 -1.187882611464e-10 3.381376405023e-10
122 19 1.041336322787e-09 -6.125218398312e-10
123 19 6.677924471395e-10 7.999365443392e-10
124 19 -2.318516665968e-12 1.137677528932e-09
125 19 -4.931696872885e-10 6.074167213719e-10
126 19 -9.169474135590e-10 -1.409198760085e-10
127 19 -3.973790970880e-10 4.566002729072e-10
128 19 -8.708618466262e-10 2.350851062910e-10
129 19 -4.143751390711e-10 7.253244004541e-10
130 19 3.920019020260e-10 8.745155293393e-11
131 19 8.268807607577e-10 1.394322637907e-10
132 19 6.490922029208e-10 -4.357248592186e-10
133 19 1.275711719111e-10 9.261947507227e-10
134 19 -2.545299669214e-10 1.458944122033e-09
135 19 1.573477729326e-10 2.700355654893e-10
136 19 -3.831160316305e-10 1.553285467768e-11
137 19 1.207708735015e-10 -8.462824805588e-10
138 19 -2.640801661484e-10 -2.694611823194e-10
139 19 4.737308913334e-10 -7.664048283376e-11
140 19 -2.629730350105e-10 4.482521773586e-10
141 19 -1.185241856541e-10 6.564260687056e-10
142 19 8.256946083156e-10 1.834541532622e-10
143 19 3.982648665866e-10 -5.061129394225e-10
144 19 4.841339379689e-11 3.255087542268e-11
145 19 -3.851441687903e-10 5.052224742820e-11
146 19 -1.319353614202e-10 -3.096108256618e-10
147 19 5.135093121671e-11 -2.762296861125e-10
148 19 4.025303018354e-11 1.364876333293e-10
149 19 4.081609840968e-10 3.897285014463e-10
150 19 2.658331955440e-10 -4.920580453907e-13
151 19 -7.094817643114e-11 5.277895916408e-10
152 19 2.329765179985e-10 -1.074275618833e-09
153 19 -2.346256662896e-10 9.072508177630e-11
154 19 -3.219489739833e-11 -6.794706614532e-10
155 19 -1.868606228040e-10 6.281698394046e-10
156 19 -4.253899601209e-10 2.996819470098e-10
157 19 -1.981155931529e-10 4.550321299601e-10
158 19 -7.136627555334e-11 -3.971504677713e-10
159 19 5.833877126623e-10 -1.553325693000e-10
160 19 -1.305210012299e-10 -6.171741184639e-10
161 19 -1.432548656007e-10 -4.500226978573e-10
162 19 -9.179317414965e-11 -6.675268569020e-10
163 19 -3.042647473764e-10 -1.076313515359e-10
164 19 -2.769664314674e-10 -8.098515766577e-11
165 19 -6.875779403961e-10 2.729590293589e-10
166 19 2.519875780663e-10 -1.158444326168e-10
167 19 -8.009428958341e-11 -4.094191067427e-10
168 19 -2.438455921760e-10 -6.599133175560e-10
169 19 -9.135222314236e-11 -6.382934079871e-10
170 19 -1.488697294865e-11 4.058841832866e-10
171 19 1.654054232547e-11 7.723753188580e-10
172 19 -1.277388751625e-10 -1.607327932192e-10
173 19 5.397179322011e-11 2.412968284321e-10
174 19 2.539926947841e-10 -4.960418873331e-10
175 19 -3.957050734018e-10 1.877948739248e-10
176 19 1.545987369951e-13 -7.140302227574e-10
177 19 3.999999288162e-10 -4.743314295711e-10
178 19 -4.296374779425e-11 -1.585007554191e-11
179 19 1.425911177271e-10 4.901338729803e-10
20 20 5.192932307050e-09 -7.837134131838e-09
21 20 -1.497082538036e-08 7.878257233688e-09
22 20 -4.209647057400e-09 1.515717740744e-08
23 20 3.062708870834e-09 -1.950790413636e-08
24 20 -9.856793530786e-09 7.427790470181e-09
25 20 -7.037056847465e-09 -6.576601489638e-09
26 20 9.113794862377e-09 -4.981379183185e-09
27 20 -3.632578558173e-09 2.639709112179e-09
28 20 -1.067060995940e-09 2.030158383279e-09
29 20 4.063205068999e-09 5.147293599055e-09
30 20 -2.076060804081e-09 7.467040412305e-09
31 20 -7.920535643596e-10 1.896082527164e-09
32 20 1.623850899861e-09 -4.693647262131e-10
33 20 -2.339790155715e-09 -5.736509774111e-09
34 20 -4.810631622723e-09 -2.679358777026e-09
35 20 -8.817882089464e-10 -1.624851211451e-09
36 20 4.899700611475e-10 -1.346166064027e-10
37 20 -1.477185026247e-09 7.002899946567e-10
38 20 4.902261919582e-09 -1.400865712938e-09
39 20 1.919386646781e-09 -5.782800481116e-09
40 20 -4.705550075134e-09 4.557572819514e-09
41 20 4.188345997671e-10 1.474822599672e-09
42 20 -2.695790347035e-09 9.262655060552e-10
43 20 -7.434037520148e-09 -2.397773800784e-09
44 20 -3.008230454263e-09 -9.461911719017e-10
45 20 4.754358274647e-09 5.387729704665e-09
46 20 3.681007691483e-10 -2.423802570759e-09
47 20 -4.250537187416e-09 2.025070302711e-09
48 20 -3.941045586036e-09 1.613116998556e-09
49 20 -3.725501307497e-10 -1.136230332462e-09
50 20 -1.943275521942e-09 8.323297669151e-10
51 20 1.427230361832e-09 2.171111413849e-09
52 20 4.509305072730e-09 -5.340073229217e-10
53 20 3.305844522373e-10 -2.666519803658e-09
54 20 -1.621323986321e-09 -8.310154054330e-10
55 20 1.533401703048e-09 2.205153403828e-09
56 20 4.789584884204e-09 3.373276988617e-10
57 20 2.101947332595e-09 8.880025432768e-10
58 20 -5.669866522285e-10 5.271156338955e-10
59 20 8.253849757307e-11 7.542828745285e-10
60 20 7.290208209583e-10 1.914150592628e-09
61 20 3.351314190586e-10 2.571888396678e-09
62 20 -7.355939801266e-10 2.821048373112e-09
63 20 6.551773958069e-10 -6.487169591168e-10
64 20 3.097606523789e-10 -8.645228921640e-10
65 20 -2.569965912478e-10 -5.052578866059e-11
66 20 7.830354573418e-10 8.732125097894e-10
67 20 2.473181382614e-10 -7.374484025706e-11
68 20 1.473713601477e-09 -6.617974390434e-10
69 20 3.247822061547e-09 -1.161610888621e-09
70 20 -2.032614204114e-09 7.078471301435e-10
71 20 -1.117976135912e-09 4.516584437078e-10
72 20 -7.632157742670e-10 3.672020365507e-10
73 20 2.482089999159e-10 -3.857434835605e-09
74 20 -1.950174321672e-10 3.073556646137e-10
75 20 8.205211539495e-10 6.728908964746e-10
76 20 1.608396375823e-09 2.066160040005e-09
77 20 -1.170463329904e-10 -1.207901269461e-09
78 20 5.143895626579e-10 1.902877626717e-09
79 20 4.466039385828e-11 1.055344174981e-09
80 20 8.562284051743e-10 5.675415504894e-10
81 20 -5.368190344392e-10 -1.156708150871e-09
82 20 5.960917077565e-10 -9.342502663426e-10
83 20 -6.822548416103e-10 1.959980129837e-10
84 20 -1.372492056722e-09 -3.340433363400e-11
85 20 -4.602503932233e-11 1.201986992960e-09
86 20 1.980240588963e-09 -3.326502295697e-10
87 20 1.321631842564e-09 6.798166398057e-10
88 20 5.316308329010e-10 1.468345985839e-11
89 20 -1.023990980056e-09 -3.519314048953e-11
90 20 -6.183178683779e-10 4.720068796257e-10
91 20 1.984727249223e-10 1.634430496445e-09
92 20 5.467319413518e-10 1.138338869180e-09
93 20 -1.335495660631e-10 3.804530811530e-10
94 20 -6.533446969228e-10 -3.319804803865e-11
95 20 -8.415626094470e-10 4.024192455552e-10
96 20 -1.443634789601e-09 -5.993386359458e-10
97 20 -1.363905442685e-09 -1.036792653877e-09
98 20 -5.796265297270e-10 -9.580701935813e-10
99 20 5.217760954116e-10 -1.231274099672e-09
100 20 9.528007995055e-10 8.059193448259e-10
101 20 8.116280280009e-11 -3.825422490210e-10
102 20 -1.140541771570e-09 9.818104596590e-10
103 20 -1.202570179448e-10 -8.163158434762e-10
104 20 -7.490003759859e-10 3.717700659023e-10
105 20 1.771471138935e-10 1.724012296417e-10
106 20 -5.574065510861e-10 9.469019040144e-10
107 20 2.189036309045e-11 -6.961687175452e-10
108 20 2.849728506803e-10 -9.659066400951e-10
109 20 2.728920616902e-10 -9.738516010403e-10
110 20 1.306499880471e-10 5.740564274456e-10
111 20 1.045549638916e-10 7.200013778489e-10
112 20 -9.995303051879e-10 3.330892577547e-10
113 20 -5.650599309805e-10 -3.498242110983e-10
114 20 1.341627914987e-10 -7.897433884543e-10
115 20 2.043854316269e-10 -6.329311392138e-10
116 20 -1.693047814172e-10 -7.236276396669e-10
117 20 6.205230609173e-11 -1.236760228251e-10
118 20 -8.377033789744e-10 1.382351262791e-10
119 20 7.984714954945e-11 3.824043995226e-11
120 20 1.090814046164e-09 -3.350449960340e-10
121 20 1.250627642802e-09 -4.290270651340e-10
122 20 -3.869089967329e-10 -1.749388446263e-10
123 20 -9.558200254744e-11 -8.027612582023e-10
124 20 -9.120038950587e-10 -3.080384388694e-10
125 20 4.371525726387e-10 2.129113094619e-10
126 20 3.928135860311e-10 3.013027041857e-10
127 20 2.525365676317e-10 -4.423463750743e-10
128 20 -4.701999246946e-10 -2.100643024666e-10
129 20 6.259013666983e-10 -3.981548396933e-11
130 20 5.178535635833e-10 -3.034390577477e-10
131 20 6.326121118236e-10 3.438092202577e-10
132 20 -2.905997976576e-11 7.189922952417e-10
133 20 3.767628282562e-11 3.245870346011e-11
134 20 -5.105861089493e-10 1.778405255970e-10
135 20 2.770872221314e-10 -2.159339770219e-11
136 20 -3.694398440818e-10 -4.587814441745e-10
137 20 2.483359461724e-11 -1.571204156907e-11
138 20 3.671971600981e-10 -6.786225363759e-10
139 20 8.643086547490e-11 6.870571962441e-10
140 20 9.677203129776e-10 -9.310865467952e-11
141 20 1.549623411088e-10 -9.901019856171e-11
142 20 -3.221071342690e-10 -1.692525440078e-10
143 20 -1.009090259034e-09 5.243172828870e-11
144 20 -4.077951100436e-10 7.374528090237e-11
145 20 2.472968832564e-10 -7.010570507135e-11
146 20 4.542164005895e-10 6.899250556718e-10
147 20 3.896276358490e-10 9.192981328912e-11
148 20 -4.956241364614e-11 -2.304034544953e-10
149 20 6.323781195218e-11 -1.847566742514e-11
150 20 -1.247246264014e-10 3.363169170954e-10
151 20 -4.164409327995e-11 2.079858452156e-10
152 20 -3.462311150714e-11 6.221993781934e-10
153 20 -3.226939822375e-11 -5.233397126489e-10
154 20 -2.166127751980e-11 9.967885669488e-10
155 20 3.750274354607e-10 2.186915103224e-10
156 20 2.424467943997e-10 5.972654727285e-10
157 20 7.070839710072e-11 -4.393261568878e-10
158 20 5.393384731546e-10 4.518208289918e-11
159 20 -3.188669540045e-10 -2.982503913018e-10
160 20 4.274671703116e-10 -3.313510618818e-10
161 20 -2.728041297414e-10 8.836322953065e-11
162 20 8.906353808479e-10 -1.525890576454e-10
163 20 1.288112134282e-11 -3.810569890870e-10
164 20 -1.092385620395e-10 -9.099521557170e-11
165 20 -5.817864920090e-10 -4.217629181803e-11
166 20 2.974317638277e-10 4.459686383172e-11
167 20 1.116835887163e-10 3.171495967345e-10
168 20 2.809551414008e-10 -1.845029555026e-10
169 20 3.657728736946e-10 3.480744962240e-10
170 20 5.971344553203e-10 4.112929603785e-12
171 20 -1.200455233264e-10 -2.510117432024e-10
172 20 7.272302621895e-12 -5.653172380657e-10
173 20 3.488925105190e-11 -2.430789406229e-10
174 20 -5.359632010303e-11 6.925892532009e-11
175 20 1.036141653054e-10 -3.582275049912e-10
176 20 5.126094717788e-10 1.430211875668e-10
177 20 7.905914474353e-10 -3.282264821822e-10
178 20 9.882779448973e-11 1.427354658063e-10
179 20 -2.530428867208e-10 -2.020996046772e-10
21 21 -6.351065834700e-11 -3.334043501585e-09
22 21 -7.398151339278e-09 1.006359053962e-08
23 21 1.002463327010e-08 1.456159332964e-09
24 21 -3.052887030803e-09 6.432186656061e-09
25 21 9.597315364484e-09 -2.002889993539e-09
26 21 -1.643552644943e-09 -5.896779186318e-09
27 21 -4.838247011083e-09 -3.800492416013e-09
28 21 1.043121039285e-09 7.830368036230e-09
29 21 -1.458093448373e-09 -1.105073670680e-09
30 21 -4.991849574329e-09 -4.533193889500e-09
31 21 -2.302231790599e-09 2.646735748784e-09
32 21 3.081967688240e-09 7.619175911889e-09
33 21 2.712777391677e-09 -3.170747506289e-09
34 21 -6.194654972479e-09 -3.512469356764e-09
35 21 3.611239439006e-09 -5.005936965967e-09
36 21 5.612292990650e-09 -1.332485721659e-09
37 21 2.060070227748e-09 3.551045214417e-09
38 21 -1.152625550582e-09 4.454509857761e-09
39 21 -3.460415450002e-09 3.402439256228e-10
40 21 -1.597871888923e-09 1.974949744440e-09
41 21 -9.734451192599e-10 7.910679532413e-10
42 21 1.244183461684e-09 -2.912196735539e-09
43 21 8.898706773741e-10 -2.016183635399e-09
44 21 -4.169625408621e-09 2.902284733589e-10
45 21 -2.259176017723e-09 3.763139763679e-09
46 21 1.091622711878e-09 5.758272433870e-09
47 21 -4.407367215918e-10 2.416283066379e-09
48 21 -1.105152835920e-11 -6.550176433225e-10
49 21 -2.746653431241e-09 -1.944051710819e-09
50 21 -1.794840778791e-09 5.985854948367e-10
51 21 1.986432812464e-09 -5.617854076145e-10
52 21 -9.031751862493e-10 7.771469970694e-10
53 21 -2.085700691870e-09 1.140374767322e-09
54 21 -2.632109612845e-09 3.013267725793e-09
55 21 -8.216811759132e-10 -5.392097438086e-10
56 21 -2.978721335357e-10 -1.499021179069e-09
57 21 2.727112731984e-10 -5.281498471632e-10
58 21 -5.792304698157e-10 8.662094931879e-10
59 21 2.472408377854e-09 -8.047830653698e-10
60 21 1.786482518377e-09 -7.167973591457e-10
61 21 7.228648739674e-10 2.648524315980e-09
62 21 1.980970820801e-09 3.425082285885e-10
63 21 -4.797315818259e-11 -2.326923534734e-09
64 21 2.503087614372e-11 -2.785150387857e-10
65 21 1.442915754747e-09 7.847121874460e-10
66 21 7.567148603199e-10 3.712744925700e-10
67 21 -2.349015917992e-09 -9.852895336544e-10
68 21 -1.803362651980e-09 2.168711274914e-10
69 21 -2.441292911582e-09 1.241863462064e-09
70 21 1.315602368915e-09 4.918569096531e-10
71 21 -5.596732013583e-10 7.471403348372e-10
72 21 1.108151677982e-09 -1.736821502579e-10
73 21 -9.794125589080e-10 1.844196277166e-10
74 21 1.488313948034e-09 -4.325285493531e-10
75 21 -2.219612668467e-09 2.596581853876e-09
76 21 2.408928041783e-10 1.548091022526e-09
77 21 3.249428647775e-10 -5.323921948974e-10
78 21 1.275811622142e-09 -1.022950857005e-09
79 21 -6.799717842869e-10 -3.508488593306e-10
80 21 -2.211743419660e-09 -3.992620395006e-10
81 21 1.692747053158e-10 9.765679338419e-10
82 21 1.189042666282e-09 -1.442275266459e-09
83 21 3.330971201657e-10 -6.674110919653e-10
84 21 6.954741288693e-10 -6.173548319750e-10
85 21 -3.998425141195e-10 1.836752420436e-09
86 21 4.173467253428e-10 9.481645659775e-10
87 21 4.556492616370e-10 1.085033031804e-09
88 21 1.003913564158e-09 1.486452909686e-09
89 21 -7.237787729807e-10 1.431741499897e-09
90 21 -1.654529474403e-09 -9.827441451423e-10
91 21 3.616689997405e-10 -1.388651308495e-09
92 21 -8.396274418396e-11 -2.011383379314e-09
93 21 -3.933586926936e-10 1.381670991303e-09
94 21 -5.342860904362e-10 7.140345086759e-10
95 21 -4.411498043188e-10 1.682316253483e-09
96 21 -3.702074273174e-10 -8.270978493770e-10
97 21 -2.773209880240e-10 -5.976247296039e-10
98 21 -1.125434697959e-10 -5.109723426131e-10
99 21 -5.645202318378e-10 4.946982174973e-10
100 21 -3.323628676736e-10 1.693597195031e-09
101 21 2.651732630378e-10 1.664220622760e-09
102 21 -6.401526452120e-11 -3.843167008661e-10
103 21 -6.326573258429e-10 -7.931469546564e-10
104 21 -1.894513249007e-10 -5.393703580314e-10
105 21 -1.143575925410e-10 -3.952163572370e-10
106 21 1.679875203773e-10 3.200543524052e-11
107 21 9.786343176826e-10 -3.445697146909e-10
108 21 9.544632198116e-10 5.487448438966e-11
109 21 -8.255920100194e-10 -4.847007997906e-10
110 21 7.904071409079e-11 3.597698093424e-11
111 21 -1.089031743752e-09 -8.080880345642e-10
112 21 -3.503410506135e-10 -2.483498977118e-10
113 21 -8.415125927165e-10 -2.903940051597e-10
114 21 -4.833026647759e-10 3.274307001819e-10
115 21 -8.327069452307e-10 9.682097904261e-10
116 21 2.269330605296e-10 2.488946395051e-10
117 21 1.506798469891e-10 2.440645567821e-11
118 21 -1.244994635042e-10 -6.741273346251e-11
119 21 -8.322391111522e-10 -1.322926897929e-10
120 21 -1.021105579708e-09 -3.540448497233e-10
121 21 -8.612174643614e-11 3.165599649333e-10
122 21 3.097352461813e-11 3.943837354003e-11
123 21 -3.095362050691e-11 -1.390834653259e-10
124 21 -3.993380378488e-10 4.209952883903e-11
125 21 -4.320491684124e-10 -6.960331061986e-10
126 21 -3.222096724238e-10 -1.425105713119e-10
127 21 -3.522190962161e-11 4.608487369391e-10
128 21 -6.308053380046e-10 5.481014853951e-11
129 21 -4.231326619015e-10 2.476072005744e-10
130 21 -4.828598622528e-10 4.035084642436e-10
131 21 -1.669241273022e-10 -4.107316633849e-10
132 21 -9.339757467744e-10 -1.857375678107e-10
133 21 -7.000993059058e-10 8.153415573270e-11
134 21 -7.121520208680e-10 2.767251425832e-10
135 21 9.394253328578e-11 7.100908542342e-10
136 21 2.462505224067e-10 -7.972407809430e-10
137 21 -4.950422822938e-10 -7.410562953292e-10
138 21 2.656689036784e-10 -5.654449485878e-10
139 21 -5.950978326408e-11 7.887355406545e-10
140 21 -3.236532043806e-10 1.824919551797e-10
141 21 -8.610248837327e-10 5.771010707118e-10
142 21 -3.214881757721e-10 -1.910550249318e-10
143 21 -2.545868986234e-10 9.359340616194e-11
144 21 -1.728669822087e-10 -6.216972406039e-10
145 21 1.837464704631e-10 -1.822122391567e-10
146 21 2.059373320059e-10 -4.685809610308e-10
147 21 -2.627302703169e-11 3.740238446300e-10
148 21 -8.873152204463e-10 -3.331534021074e-10
149 21 -1.509968515760e-10 6.291127940552e-10
150 21 -2.785980578970e-10 4.753924626366e-10
151 21 1.334193361207e-10 -4.281246062515e-10
152 21 -3.922797678851e-10 -4.037429634192e-10
153 21 -1.331811478374e-10 1.244362523241e-10
154 21 1.828782363744e-10 -1.041460214945e-10
155 21 1.710020622493e-10 4.890881344882e-10
156 21 -3.488618037465e-11 3.471137840839e-10
157 21 1.361443650579e-10 5.014515585389e-10
158 21 1.231970753552e-10 -2.745560145647e-10
159 21 4.010762074190e-10 2.282593298286e-10
160 21 -4.585179926824e-10 -6.405691740136e-10
161 21 -1.437873511284e-10 1.844978090683e-10
162 21 -1.716090587961e-10 4.679688439329e-10
163 21 1.918841692503e-10 7.766664060771e-10
164 21 1.219914980922e-10 5.580598261567e-10
165 21 1.720265980229e-10 3.732046114469e-10
166 21 -7.655799546043e-11 8.010194533936e-11
167 21 -2.868802665839e-10 -7.126011852296e-11
168 21 -1.215500698478e-10 -1.154501044437e-10
169 21 6.483813537930e-10 5.199639264252e-11
170 21 -4.933815732417e-11 4.773580212771e-10
171 21 2.182321189864e-10 3.791833905129e-10
172 21 2.043814974523e-10 4.007202881275e-10
173 21 -1.037427887066e-10 -3.585979015625e-10
174 21 -3.278809339796e-10 3.718791973867e-10
175 21 1.953522810221e-10 -4.711107256807e-11
176 21 -1.042212373198e-10 3.493531194897e-10
177 21 7.662969709773e-11 -3.618320331727e-10
178 21 -3.335571936385e-10 2.265829068066e-10
179 21 -7.868424929074e-11 -1.431496721012e-10
22 22 -4.097126622657e-09 1.973167065020e-09
23 22 -1.316777024952e-08 -6.942444624822e-10
24 22 1.192192402784e-08 -7.156877972109e-09
25 22 -1.458013970444e-08 1.186608548223e-08
26 22 1.430194875153e-08 5.986298470842e-10
27 22 -3.132176285004e-09 -1.757275079501e-09
28 22 -7.275204954046e-09 -2.759340557886e-09
29 22 5.271814721928e-09 6.996051612199e-10
30 22 -4.087828046137e-09 -9.868302424671e-09
31 22 -4.567379986399e-09 -8.589906329037e-09
32 22 -3.314155454898e-09 -4.496736254534e-09
33 22 -3.935615116728e-09 -2.663665134374e-09
34 22 -4.398096918932e-09 4.714680173519e-09
35 22 6.566203585624e-09 1.530066479239e-09
36 22 4.319429999072e-09 3.167648470863e-09
37 22 1.769577803374e-09 2.139546001067e-10
38 22 -4.177234205383e-09 3.363098800489e-09
39 22 -2.174441037412e-09 -1.410663148428e-09
40 22 -9.241959656545e-09 -6.960436449982e-09
41 22 -4.238985567438e-09 4.902005762978e-09
42 22 2.120202360876e-09 -2.560478534081e-09
43 22 6.279393320693e-09 -4.447211261280e-09
44 22 2.860309857498e-09 -8.929332890072e-10
45 22 1.349065190394e-09 1.858002371657e-09
46 22 6.412120041557e-09 2.471591345689e-09
47 22 -5.157786838424e-09 1.826119337651e-09
48 22 -5.480998582024e-09 1.691217931148e-09
49 22 -1.598909511095e-09 7.708879732355e-10
50 22 1.285466712525e-09 1.185266743537e-10
51 22 1.429662183399e-09 -4.609392283504e-10
52 22 6.532541149185e-10 2.908274414576e-09
53 22 -8.155176071396e-10 1.756310350887e-10
54 22 -3.100984251949e-09 1.404183353893e-09
55 22 1.221976012775e-09 1.571100347089e-09
56 22 3.258380680893e-09 7.635640614401e-10
57 22 7.967585566610e-10 -1.947447038724e-09
58 22 1.991822290152e-09 -3.978777743422e-09
59 22 6.113226887846e-11 -3.582405743737e-09
60 22 2.503354517464e-09 9.540980333398e-10
61 22 6.166854629281e-10 7.625833917303e-10
62 22 -3.307899077793e-10 -4.907324705583e-10
63 22 -1.119052286026e-09 -8.477440525534e-10
64 22 1.656774981461e-09 -4.799753472149e-10
65 22 2.350163242301e-09 -1.918402067110e-10
66 22 1.830621885962e-10 1.259423772392e-09
67 22 -2.066159347633e-09 1.769743164454e-09
68 22 -6.738424532293e-10 -3.315461369910e-09
69 22 -7.467290551015e-10 -5.010146075821e-10
70 22 -1.244923356490e-09 4.793004824059e-10
71 22 -3.896653174448e-10 2.791510038019e-09
72 22 1.254391854982e-09 1.882716334452e-09
73 22 1.304219493965e-09 8.096168222507e-10
74 22 7.928809805017e-11 1.195957479806e-10
75 22 -7.419583796031e-10 -3.419792814123e-10
76 22 3.411618160631e-10 -1.024278405735e-10
77 22 -1.652131368668e-09 -9.562776219178e-10
78 22 1.105279400453e-09 -1.014549093038e-10
79 22 8.241324779955e-11 3.313354819605e-10
80 22 2.196247219834e-09 1.606104899309e-09
81 22 3.446522462309e-10 1.470701234320e-09
82 22 -1.855055815675e-10 1.275005826181e-09
83 22 -2.376387218899e-09 -1.165991461843e-09
84 22 8.517907885784e-11 5.499034443450e-10
85 22 4.953457158085e-10 9.978713624710e-10
86 22 1.268553077349e-09 1.055488620661e-09
87 22 9.368261794714e-10 -4.507271234248e-10
88 22 -1.470602568981e-09 -5.455724900067e-12
89 22 2.915729320801e-10 1.611605987239e-10
90 22 -9.257432001904e-10 -1.094771727373e-09
91 22 1.724957576523e-09 -3.585821971689e-10
92 22 1.853796213816e-09 -1.412010759689e-09
93 22 1.626806897481e-09 8.451329201112e-10
94 22 1.932997454103e-10 5.063447426254e-10
95 22 -3.536821628757e-10 2.911845595200e-09
96 22 -9.631568993774e-10 6.398181476827e-10
97 22 -4.002576912023e-10 2.739573698439e-10
98 22 -3.813352518631e-10 -2.017111157262e-09
99 22 4.245236738147e-10 -2.815556199521e-10
100 22 -1.319087363660e-12 4.047219557307e-10
101 22 -1.541743283191e-10 1.089614869771e-09
102 22 -1.384422193863e-09 2.788181440741e-10
103 22 -7.345450495889e-10 2.885829310694e-10
104 22 -1.201969495897e-10 -6.890837597974e-10
105 22 5.559469741934e-10 -9.312244865909e-10
106 22 7.062172749477e-10 -4.873270871587e-10
107 22 5.141575100351e-10 1.203644502566e-10
108 22 -3.830224789427e-10 3.740582550306e-10
109 22 -5.891900572625e-10 -4.575419702670e-10
110 22 -2.223490139519e-10 6.962145080176e-10
111 22 -2.133571340791e-10 2.641057284033e-10
112 22 5.676781299422e-10 2.574676808872e-10
113 22 6.389527204951e-10 -5.953700527727e-10
114 22 1.224301455688e-09 -3.369788097008e-10
115 22 6.807627022818e-10 8.464864484832e-10
116 22 -9.739206945614e-11 4.945691604763e-10
117 22 -1.083191865330e-09 1.155729284799e-09
118 22 -5.500086365470e-10 -4.273524497931e-10
119 22 -6.375912670102e-11 -6.520075130831e-10
120 22 9.197896258672e-10 -6.611045904016e-10
121 22 4.107168671945e-10 8.121064056261e-10
122 22 1.707861143597e-10 8.629905236535e-11
123 22 -3.683239190356e-12 3.601457125452e-10
124 22 -6.880006446373e-10 -3.582884720407e-10
125 22 -1.805885281003e-10 9.893425022704e-10
126 22 4.507417628464e-11 7.483581711255e-13
127 22 -1.105507317893e-10 -1.459745531100e-10
128 22 -3.884126377033e-10 -8.771076976632e-10
129 22 6.956609908606e-10 -6.284070428218e-10
130 22 4.226342643432e-11 -7.164747514985e-11
131 22 1.301204338150e-10 4.987725672775e-10
132 22 -1.741443022321e-10 5.230084272939e-10
133 22 1.725320676884e-10 -4.323258830670e-10
134 22 -2.422783042808e-10 5.417626358862e-11
135 22 -3.967519311576e-10 3.870988468698e-10
136 22 -5.280682685043e-10 3.417580418143e-10
137 22 -7.141930690454e-10 4.439474154755e-10
138 22 9.231918988988e-11 3.443400559074e-10
139 22 -5.593046576973e-11 -2.641609201772e-11
140 22 2.089715076783e-10 6.271740188231e-12
141 22 -2.917617033862e-10 1.830294576120e-10
142 22 -4.899862030070e-10 1.950117315792e-10
143 22 -1.044796598954e-10 -1.713599795723e-10
144 22 -3.444472890233e-10 -5.197152947026e-11
145 22 2.273462214126e-10 1.062607514566e-10
146 22 1.452348366204e-10 -1.144312252625e-10
147 22 -2.315131192065e-10 -3.306746898711e-10
148 22 -3.611296873622e-10 3.243173106959e-10
149 22 -3.618475204679e-10 9.891255602037e-11
150 22 -2.485742105677e-10 2.899450996640e-10
151 22 -4.756975326305e-10 2.333596919778e-10
152 22 -2.801520506421e-10 7.387492693524e-10
153 22 3.834022713649e-10 1.011284871927e-10
154 22 -7.894407079109e-11 1.436832411319e-10
155 22 6.095692168787e-11 1.329362371890e-10
156 22 -2.180848070210e-10 -4.113565103300e-10
157 22 -4.462640549875e-11 1.155846093702e-10
158 22 -6.935055223758e-10 1.655809420863e-10
159 22 -4.952304413084e-10 4.289002064353e-10
160 22 1.154012396246e-10 -4.309103909960e-10
161 22 8.741182078904e-11 3.044614022162e-10
162 22 2.470179131617e-10 -9.463015485831e-11
163 22 6.739310532919e-10 3.367693426637e-10
164 22 -2.007297262726e-10 -8.268125255510e-10
165 22 -3.187689694859e-10 -4.210895083759e-11
166 22 9.596976932116e-11 -7.549759895195e-11
167 22 4.196346640896e-10 -1.043595733570e-10
168 22 2.359856644692e-10 -5.969320739326e-10
169 22 -4.142744234353e-11 1.815238056997e-10
170 22 6.151491213345e-10 -1.552159114470e-10
171 22 3.849627027281e-10 1.836561531778e-10
172 22 5.033931679807e-10 -2.343550548126e-10
173 22 -6.047467993341e-10 6.964283112499e-10
174 22 -1.534502588319e-10 -5.132208477534e-10
175 22 -3.415237037561e-10 -2.355713356909e-10
176 22 -2.544547714087e-10 -4.767840664563e-10
177 22 4.661197175009e-11 5.572586287208e-10
178 22 1.937142367592e-10 -6.269695804971e-10
179 22 3.167338179116e-10 7.240685556974e-11
23 23 3.230800177319e-09 3.493645965343e-09
24 23 -1.948486614397e-09 -2.111335065105e-09
25 23 -1.559891881150e-09 -4.312844604307e-09
26 23 2.492973553785e-09 1.447352168897e-08
27 23 -1.087758706656e-08 -7.231230121959e-09
28 23 2.776994905790e-09 5.461723941258e-09
29 23 -4.334776176693e-09 4.585742662318e-09
30 23 7.736294552053e-09 -9.256562030844e-09
31 23 3.716073088435e-09 2.678707191269e-09
32 23 1.257928224502e-09 2.417516318895e-10
33 23 1.431126026922e-09 -2.282030721183e-09
34 23 -3.412471051777e-09 -6.390303755653e-09
35 23 -1.280070720894e-10 1.058781108906e-09
36 23 4.294573131339e-09 4.078310016457e-09
37 23 -3.235583892965e-09 -5.859709381091e-10
38 23 -2.248911461931e-09 3.436150034204e-09
39 23 -3.535128403696e-09 2.324511548412e-09
40 23 3.162961147409e-09 -6.149700731231e-09
41 23 5.543631381555e-10 -5.339712280066e-09
42 23 3.361528596598e-10 -1.032484883796e-09
43 23 2.731843120064e-09 4.447887797985e-10
44 23 -1.177093479679e-09 7.141967139564e-09
45 23 4.450127362362e-11 3.852064816261e-09
46 23 5.039344576097e-09 1.170490435580e-09
47 23 3.498397048006e-09 -1.890721205960e-09
48 23 -1.392280343681e-10 -3.191479814856e-09
49 23 -6.684997437406e-10 -1.613407372013e-10
50 23 -1.773261250455e-09 -3.495576202084e-09
51 23 1.680329625772e-09 3.835714880763e-09
52 23 5.929786478817e-09 1.442330596971e-09
53 23 2.603085482549e-09 -1.084264359331e-09
54 23 -2.864092511946e-09 -1.067179240379e-09
55 23 -6.679908337468e-10 1.998698577614e-09
56 23 1.191421115454e-10 6.640499204564e-10
57 23 1.811247582366e-10 -1.617631566425e-09
58 23 -1.101018677492e-09 2.681151524932e-10
59 23 5.265034107927e-10 2.488014521664e-09
60 23 4.621431856728e-09 -1.704519596541e-09
61 23 -1.322027347883e-10 1.304689695878e-10
62 23 -9.596128866912e-10 -6.951697770541e-11
63 23 -1.399277142016e-09 -1.190221918283e-09
64 23 -2.276927891736e-09 -6.003247665224e-10
65 23 1.379159923788e-09 2.286707857325e-09
66 23 1.046417471087e-09 2.957468449349e-09
67 23 1.879493115561e-09 -1.160997932981e-09
68 23 -1.849956682819e-09 -4.823552232147e-11
69 23 5.229280181777e-10 7.312698826589e-10
70 23 1.360683840384e-09 7.646972527478e-10
71 23 -6.575908394574e-10 -1.280589808669e-09
72 23 -6.459256095997e-10 -1.089335973896e-10
73 23 5.004692062528e-10 -6.032622755978e-11
74 23 -8.980774249888e-10 6.424676753102e-10
75 23 1.321582927162e-10 1.378538779926e-09
76 23 1.234066007092e-09 8.209441502925e-10
77 23 2.432408282864e-09 -1.843473612557e-09
78 23 -6.426739999244e-10 -2.466415176342e-09
79 23 -7.164797667644e-12 1.151753749149e-10
80 23 -5.341994220507e-10 1.774504114099e-09
81 23 -6.155854897356e-10 2.228717145320e-09
82 23 5.247982297343e-10 2.470041522972e-09
83 23 -9.846434183743e-10 -1.421813702618e-09
84 23 4.557090276250e-10 -2.266078712374e-09
85 23 -6.549032763024e-10 -2.030499493020e-09
86 23 1.316405097669e-09 4.425966994523e-10
87 23 1.226132475552e-09 -5.068147789528e-10
88 23 2.433428375871e-09 1.418011875839e-09
89 23 -1.051461360208e-09 3.771128928294e-10
90 23 3.739854589707e-10 8.834439718348e-10
91 23 2.817319545579e-10 -7.932441104066e-10
92 23 9.914773218142e-10 -3.483052055583e-10
93 23 1.501777025745e-11 -1.094317263845e-09
94 23 3.914934939447e-10 2.619422356256e-10
95 23 -8.964120038282e-10 2.399373208687e-10
96 23 -1.098568175836e-09 6.639508720574e-11
97 23 -4.717907162455e-10 -1.361114265589e-09
98 23 3.683350694920e-11 1.837894555759e-11
99 23 1.421822586446e-09 7.513426160100e-10
100 23 -2.932806302687e-10 6.952906396648e-10
101 23 1.237470238241e-09 9.804226187407e-10
102 23 3.855407936589e-10 -4.673089338883e-10
103 23 -5.888760072068e-11 1.254965133934e-09
104 23 -8.472158711242e-10 -1.062355690926e-09
105 23 -6.182278718595e-10 -7.453373282406e-10
106 23 -1.477237396839e-10 -4.357533858626e-10
107 23 1.199275467536e-09 3.643809025304e-10
108 23 2.795480144056e-10 -8.122437439684e-11
109 23 -2.144472703544e-10 1.038859423973e-09
110 23 -1.308443594134e-09 -4.411739562305e-11
111 23 -1.544061622213e-10 5.772795752783e-10
112 23 -4.127674812871e-10 -6.419512010798e-10
113 23 -2.125521193161e-10 -1.108128784499e-10
114 23 1.488673206961e-10 -1.353542482541e-09
115 23 4.921500528710e-10 6.263998536686e-10
116 23 3.065262738489e-10 4.721498849338e-10
117 23 3.642290669251e-10 1.038540416075e-09
118 23 -7.113716220003e-10 -5.024590995939e-10
119 23 1.948279315871e-10 -7.179971216967e-11
120 23 -2.368133404558e-10 -7.340609058793e-10
121 23 4.218742105102e-10 -5.446123224135e-11
122 23 7.940044114995e-10 4.574361946308e-10
123 23 3.322651552681e-10 6.832867326974e-10
124 23 -5.258090429863e-10 2.386108574700e-10
125 23 -2.954034904199e-10 -3.559825737567e-10
126 23 -7.137097332003e-10 -5.888564619361e-10
127 23 -1.049546828589e-09 -6.088532374847e-10
128 23 1.007000620797e-10 -7.308842671089e-10
129 23 1.996260832684e-10 9.016737662643e-11
130 23 5.240928511913e-10 6.246589011305e-10
131 23 1.343531468669e-10 4.843319808815e-10
132 23 1.811716969649e-10 1.985083534659e-10
133 23 -8.309021563962e-10 5.461482914230e-11
134 23 -1.682206311970e-10 -4.123684403311e-11
135 23 -6.342278711771e-10 1.374262128369e-10
136 23 6.602249004579e-10 -5.132508121807e-10
137 23 4.185808487464e-10 -5.447916514503e-10
138 23 6.623989485531e-10 5.546887489802e-10
139 23 6.103403894529e-11 6.801173252866e-10
140 23 6.502530086864e-10 6.686895565121e-10
141 23 4.544378177076e-10 -1.615755368622e-10
142 23 3.115602782618e-11 -1.940927264849e-11
143 23 2.210696869678e-10 -2.897487459495e-11
144 23 -3.425728628028e-10 -2.987066826994e-10
145 23 -2.936015477948e-10 3.335440284379e-11
146 23 -2.786541683655e-10 1.725038612944e-10
147 23 1.331534951380e-10 1.071145552212e-10
148 23 5.800848429742e-11 3.687799493254e-10
149 23 3.884052813266e-10 2.196813703675e-10
150 23 -5.181724847716e-10 5.856934898002e-10
151 23 6.112442952160e-10 1.662924656534e-10
152 23 -3.360502281283e-10 3.151003899656e-10
153 23 -2.283300240405e-10 2.404010916339e-10
154 23 -2.137050143999e-10 5.493864797910e-10
155 23 -4.006487419800e-11 5.489523127493e-10
156 23 3.809039258311e-11 1.449777241084e-10
157 23 7.490996258184e-11 5.955390665903e-10
158 23 8.722681943134e-11 7.871557393548e-10
159 23 2.398700518275e-10 2.173920103250e-10
160 23 -2.590790090018e-10 -3.082152682692e-10
161 23 2.680657855310e-10 6.442614825750e-11
162 23 -5.517580873992e-10 9.281443653019e-10
163 23 2.325713265286e-10 1.829602019893e-10
164 23 3.118015743739e-11 2.797451213159e-10
165 23 2.846518287654e-10 -3.206096330428e-10
166 23 -8.911035603808e-11 2.048173404855e-10
167 23 -7.960762247629e-10 -2.651148670933e-10
168 23 8.488401529795e-11 2.036943319381e-10
169 23 -2.417634486154e-10 -2.310349704570e-10
170 23 2.331115111199e-10 1.261350628426e-10
171 23 -6.228693902328e-10 3.054809229008e-10
172 23 2.887028955939e-10 8.676517265834e-11
173 23 -2.195344514215e-10 -1.910265333418e-10
174 23 1.620915942122e-10 -7.944874493602e-11
175 23 -2.965715050237e-10 1.004869936271e-10
176 23 4.263336802214e-10 3.469028115520e-10
177 23 1.388043714567e-10 1.466624402135e-10
178 23 4.648301402843e-11 1.215674756446e-10
179 23 4.840741488463e-10 -2.482124811060e-11
24 24 7.023733997294e-09 1.894522949556e-09
25 24 -9.189032594589e-10 -2.157503491664e-09
26 24 4.550925532328e-09 1.354970379258e-08
27 24 1.729744844622e-09 -7.185694996703e-09
28 24 -6.683345181227e-09 -1.600680797653e-08
29 24 -5.096890823979e-09 7.640304380628e-10
30 24 -3.014480455390e-09 4.933056456551e-10
31 24 -6.887830186734e-10 -5.004120297027e-09
32 24 -1.146245847058e-10 4.463587297573e-10
33 24 5.353569957957e-09 -2.256229371203e-09
34 24 3.301279622281e-09 -3.546530251797e-09
35 24 4.125164067000e-09 -7.888589801666e-10
36 24 2.484121345515e-09 6.975967443738e-10
37 24 -6.055340160006e-09 -8.187786209915e-09
38 24 -7.984754042105e-09 -4.583730157819e-10
39 24 -5.125451536437e-09 4.978223164713e-09
40 24 1.450115722209e-09 3.303819411017e-09
41 24 3.211340604354e-09 -3.896654620905e-09
42 24 3.438185791984e-09 3.350574036173e-09
43 24 2.747051768585e-09 -2.980714842146e-10
44 24 -2.318467618296e-09 -4.473866087612e-09
45 24 -6.095514465661e-09 6.256407835217e-10
46 24 -2.199653896126e-09 1.598809256293e-09
47 24 1.070950362451e-09 -2.789553715589e-09
48 24 -2.680554678486e-09 -2.136844643879e-09
49 24 2.221237223363e-09 -2.025094773507e-09
50 24 4.071407395296e-09 -5.293356471151e-10
51 24 2.064025690242e-09 -2.542384013680e-09
52 24 1.778323484159e-10 -6.163596789181e-10
53 24 -2.914718521053e-09 2.608796546708e-09
54 24 -7.820285834367e-10 1.288317120225e-09
55 24 1.464758665383e-09 1.596472502298e-09
56 24 2.123267252027e-09 1.047388432436e-09
57 24 1.088963419270e-10 -2.814515888198e-09
58 24 -1.421628732165e-09 -2.236175378417e-10
59 24 -2.266037931493e-09 1.308127716837e-09
60 24 -2.526315520158e-09 1.636715832106e-09
61 24 1.739394430555e-09 2.615597986036e-09
62 24 1.248977551580e-09 2.244399232306e-10
63 24 1.943081658323e-10 -2.866889758159e-09
64 24 -2.226510976519e-09 -1.955204485303e-09
65 24 -1.512677593593e-09 -2.454743165833e-10
66 24 2.258887488416e-10 -2.601469700839e-10
67 24 9.314908265606e-10 -1.560650996856e-09
68 24 9.204679158222e-10 1.350381361521e-09
69 24 -8.813466722716e-10 2.770923930529e-09
70 24 -8.616833375914e-10 1.684218502648e-09
71 24 -6.730514352278e-10 -3.294584357950e-10
72 24 -1.100888016152e-11 5.232399413415e-10
73 24 1.417121850669e-09 -3.736207790349e-10
74 24 4.306682008957e-11 6.429040178833e-10
75 24 -1.325297712722e-09 1.558997456492e-10
76 24 -7.741844417126e-10 2.241785183030e-09
77 24 -1.484649757247e-09 8.990533144379e-10
78 24 -7.726091434107e-10 2.999512636234e-11
79 24 3.519443617128e-10 -2.884798448129e-10
80 24 2.286537234509e-09 -1.410489659517e-09
81 24 8.846437427030e-10 -1.156948954342e-09
82 24 1.516612168397e-10 -1.701742651514e-10
83 24 -9.052522022717e-10 1.552399808801e-09
84 24 -9.558184580929e-10 1.443554838729e-09
85 24 1.366303932190e-09 1.681036664054e-09
86 24 2.522655142527e-09 -1.990595618252e-10
87 24 2.068763570481e-09 -4.475185304024e-10
88 24 -5.700598797931e-10 -2.952940557978e-09
89 24 -1.999633090740e-09 -1.409908148728e-10
90 24 -2.240973291892e-10 -7.416978754248e-10
91 24 -9.648601610130e-10 3.483357004210e-10
92 24 -9.994561611591e-10 3.251767353064e-10
93 24 4.379496197240e-10 -8.743856691360e-10
94 24 1.298418570103e-09 -5.879119218726e-10
95 24 -4.713470322359e-10 2.858874749291e-10
96 24 -1.380220057732e-09 5.828286270793e-10
97 24 1.620119884057e-11 3.810693362686e-11
98 24 9.902953442527e-11 -1.660030419119e-09
99 24 8.545227165522e-10 5.180550113151e-10
100 24 2.607924991965e-10 1.103871841189e-09
101 24 6.343269986174e-10 1.231256105311e-09
102 24 -6.440848626447e-10 6.558970795799e-10
103 24 7.542175773762e-10 2.300402950247e-10
104 24 -1.358660895254e-09 2.905253410005e-10
105 24 5.665026396241e-10 -9.233520802313e-10
106 24 -6.819024338301e-10 1.973841431558e-10
107 24 4.261831110006e-10 -7.879512598467e-10
108 24 3.593354210307e-10 9.339339126051e-10
109 24 7.773277594787e-10 5.979550301644e-10
110 24 -1.339368805268e-09 1.474142709912e-09
111 24 -1.182118896712e-09 -1.045039513888e-10
112 24 -1.352710183125e-09 5.645821970429e-10
113 24 5.603548978054e-10 -1.404410358191e-09
114 24 4.283177711799e-10 -8.185967813532e-10
115 24 9.837037472437e-10 -7.546854134991e-10
116 24 7.579641231168e-11 7.199129002755e-10
117 24 -1.006252064260e-09 8.433387450498e-10
118 24 -3.319076202201e-10 7.754395854158e-10
119 24 -2.891345666390e-11 -1.598451459760e-10
120 24 7.030546136400e-10 -5.200655347069e-10
121 24 1.618607326652e-10 -4.868042709062e-10
122 24 2.028003270111e-10 -1.371458258686e-09
123 24 9.472456792088e-11 -9.763532609948e-11
124 24 2.750592639380e-11 -6.213597831416e-10
125 24 -6.427612366991e-10 1.893826087168e-09
126 24 -3.249733987168e-10 6.101511331751e-11
127 24 4.194588883293e-10 5.882352891093e-10
128 24 8.061591531632e-10 -1.838081628563e-09
129 24 6.314717867130e-10 1.463752405133e-10
130 24 -2.389410513749e-10 -6.674633591904e-10
131 24 -5.890150149906e-10 -9.167842313306e-11
132 24 -3.023809560952e-10 3.628782101022e-11
133 24 2.276655237180e-10 -8.815119762696e-11
134 24 2.862619964608e-10 -4.734746200459e-10
135 24 3.975282066710e-10 -9.128699327270e-10
136 24 5.518645623617e-10 -1.401886041473e-10
137 24 2.744729060316e-10 -2.557331060382e-10
138 24 -6.652794539773e-11 1.114694813268e-09
139 24 7.163965060479e-10 -2.186465132102e-10
140 24 -1.022420254545e-10 7.038645248343e-10
141 24 1.083373862308e-10 1.684741025587e-10
142 24 -3.892261117104e-10 2.864724280870e-10
143 24 -4.768577237878e-10 -2.507199051555e-10
144 24 -4.075736450397e-10 2.002940165437e-10
145 24 2.868595243350e-10 -3.344055210658e-10
146 24 7.020426347266e-11 2.738472448173e-10
147 24 1.069641369117e-10 1.046840397723e-10
148 24 -2.994940857153e-10 9.600657877574e-10
149 24 3.368891457413e-11 8.017221552886e-11
150 24 4.013895282546e-10 1.475038161063e-10
151 24 -6.896494108143e-10 -9.655888290678e-11
152 24 -6.079850487292e-10 1.608375263243e-11
153 24 5.072249410986e-11 1.192792061351e-10
154 24 2.176982336736e-10 -1.346261117151e-10
155 24 6.097577906729e-10 5.943142964387e-11
156 24 3.430885763425e-10 -4.224998477433e-10
157 24 6.187927383340e-10 4.696258300601e-10
158 24 -5.334841490081e-10 -9.010671765361e-11
159 24 -1.506764718088e-10 6.918662269674e-10
160 24 2.477223027519e-10 6.250335890317e-11
161 24 3.302056244947e-10 1.447795093030e-10
162 24 1.162205135569e-10 -3.497713468147e-12
163 24 -3.357041983356e-10 2.209763775043e-10
164 24 -4.183534124113e-10 -4.874831373462e-10
165 24 -1.336050574000e-10 1.754419647064e-11
166 24 -2.952736726367e-10 3.848859627294e-10
167 24 1.313475836610e-10 6.005432840103e-10
168 24 8.929507264781e-12 4.845629324670e-10
169 24 -1.488274625801e-10 1.017696316031e-10
170 24 -4.960378040268e-10 1.042653310707e-10
171 24 -2.063605647350e-10 2.228654235297e-11
172 24 -2.261278673911e-10 5.555455234892e-10
173 24 3.917231530267e-11 2.133536460712e-10
174 24 1.726120830097e-10 4.616369335610e-10
175 24 6.536014460870e-10 1.263426968711e-10
176 24 -2.163355613956e-12 -2.119833186411e-10
177 24 -3.516859089420e-10 2.618384986705e-10
178 24 -3.493136633386e-10 1.228827704469e-10
179 24 -1.958915836512e-10 -2.583414780604e-10
25 25 3.975306082805e-09 -2.551234912954e-10
26 25 -1.680777510405e-09 -9.589447174720e-09
27 25 3.721709891660e-09 1.418276604418e-08
28 25 2.787273143019e-09 -1.768432704756e-08
29 25 4.850657533538e-09 5.964769392864e-09
30 25 5.365414113374e-09 -1.563121851532e-08
31 25 -6.554919101582e-09 -2.280522380601e-09
32 25 -1.331287310668e-08 -3.137222708320e-09
33 25 4.289965453323e-09 -4.278480997688e-09
34 25 2.434465889662e-09 -9.350724264941e-09
35 25 5.102575483022e-09 3.301088360174e-10
36 25 1.318736505810e-09 5.275364977949e-09
37 25 6.220898662678e-09 -4.398585112259e-09
38 25 -4.154558403714e-09 1.362084646354e-09
39 25 -1.380286728472e-09 -2.794329407743e-10
40 25 1.613129905271e-09 -1.428423220957e-09
41 25 -1.560934271731e-09 -3.449958354917e-09
42 25 9.664936144720e-11 1.707312075731e-09
43 25 1.940069963269e-09 2.661902866847e-09
44 25 -1.344874023859e-09 4.187237520828e-12
45 25 4.617542204471e-09 1.065775514293e-09
46 25 4.549121452296e-09 -2.714059189198e-09
47 25 2.998282172423e-09 -6.070839917709e-09
48 25 -3.792365450831e-09 -1.115664835050e-09
49 25 -6.176438688276e-09 4.952369258681e-09
50 25 4.027428239877e-09 1.306992210206e-09
51 25 2.527180426881e-09 -8.032455249720e-10
52 25 3.790996938317e-09 -1.411325768939e-09
53 25 3.981004898858e-10 -3.989284954832e-09
54 25 -3.100726612338e-09 -3.598159433250e-09
55 25 -2.930515076961e-09 1.416149704701e-10
56 25 -7.323905412430e-10 2.066911739437e-09
57 25 4.754411453101e-09 -4.729008905229e-10
58 25 9.103594688610e-11 4.399922364681e-11
59 25 2.800160397123e-10 -4.319427027652e-10
60 25 1.377487279035e-09 -8.142888330025e-11
61 25 6.558923562070e-10 -2.538970739888e-09
62 25 -9.839465389204e-10 -5.902753237738e-10
63 25 -1.437778867888e-09 2.484665547294e-09
64 25 -1.083938414176e-10 -4.629188386847e-10
65 25 -3.558621195273e-10 -5.540560206859e-11
66 25 1.804933076754e-09 2.997490038177e-10
67 25 2.386954230954e-09 1.426502860201e-09
68 25 -4.655726340980e-10 2.587610036170e-09
69 25 -2.001332021658e-09 8.658213845667e-10
70 25 -1.571084484924e-09 -2.697675060464e-10
71 25 -4.213425705630e-10 -4.896344746004e-10
72 25 2.997744919875e-10 -5.198961783250e-10
73 25 -1.640191029754e-09 -4.868230109003e-11
74 25 3.878955554722e-10 1.016716613814e-10
75 25 -7.949855261821e-10 3.908125811033e-10
76 25 1.430554919353e-09 -3.894398484540e-10
77 25 -4.314439434248e-10 -5.918732284707e-10
78 25 -1.182315972900e-09 -3.727883141212e-10
79 25 -7.270437134776e-10 1.120270915912e-10
80 25 1.815831303166e-10 5.792216183184e-10
81 25 1.775260874422e-09 2.426543795263e-10
82 25 2.419161529498e-09 1.755104276994e-10
83 25 1.255697778019e-09 -3.622375350976e-10
84 25 3.127387299483e-10 -1.177799907699e-09
85 25 -2.617158918034e-09 2.144368277826e-10
86 25 9.218800603621e-10 -3.704295556851e-10
87 25 3.148686113153e-11 1.410381230353e-09
88 25 8.594021277024e-10 1.001419642047e-09
89 25 -3.717156319742e-10 -6.357127890695e-10
90 25 9.798868516172e-10 -2.444371903445e-09
91 25 -1.450523287277e-10 -2.709866506557e-10
92 25 6.118226453442e-11 -2.977978521741e-10
93 25 -1.132706619689e-09 3.892111987490e-10
94 25 7.214041845158e-11 1.811097126556e-09
95 25 -6.070242889766e-10 1.337048529444e-09
96 25 9.520464893475e-11 -7.752492556011e-10
97 25 -5.370717112115e-10 -1.554353662340e-09
98 25 -6.542923635766e-10 -9.943582352704e-10
99 25 -1.089057955953e-09 2.559326308322e-12
100 25 5.553469674948e-10 -1.481930621089e-10
101 25 6.559950138411e-10 1.002069021352e-09
102 25 -9.339769089612e-11 1.972394362098e-09
103 25 5.127577259616e-10 1.373464343506e-09
104 25 7.519438963601e-11 -1.504293079909e-10
105 25 3.489002440652e-10 -6.239014084965e-11
106 25 -9.902524467749e-11 -3.151859713793e-10
107 25 6.836001751782e-10 2.922956576220e-10
108 25 6.143243840026e-10 1.188352556826e-10
109 25 -5.389233212949e-11 7.709969768861e-10
110 25 -8.905798291731e-10 4.193922232139e-10
111 25 -6.152166941884e-11 5.004045008474e-10
112 25 -5.097408727382e-10 -3.821173033112e-10
113 25 2.532742931082e-10 5.373501523375e-10
114 25 -3.507300391374e-10 4.771049426424e-10
115 25 -3.064168941097e-10 6.862593608483e-10
116 25 -4.873899854316e-10 1.075787697482e-09
117 25 5.120662290930e-10 1.046925465228e-09
118 25 -7.254582947007e-10 9.116908387452e-10
119 25 -4.083900744382e-10 -4.973070083257e-10
120 25 -1.503265500726e-09 -5.324712806287e-10
121 25 1.537244094070e-10 -2.159504937290e-10
122 25 1.619555811093e-10 1.107938127655e-09
123 25 1.052464842396e-09 4.726974433863e-10
124 25 -7.880625132992e-11 5.223906436825e-10
125 25 6.259828132255e-10 -1.082112153317e-09
126 25 -1.277578060537e-09 -6.847530477324e-10
127 25 -3.704068608151e-10 -7.433236168869e-10
128 25 -9.060579782735e-10 6.020704129493e-10
129 25 1.518553978263e-10 1.914601613118e-10
130 25 -5.903643168023e-10 9.247562123240e-11
131 25 -2.477019140440e-10 -6.934054981565e-10
132 25 -3.319143107433e-10 -3.002462870545e-10
133 25 -3.657275180207e-10 4.474309541736e-10
134 25 -6.511913193449e-10 -2.661453263552e-10
135 25 -2.748322589254e-10 -2.953598756910e-10
136 25 2.466874365589e-10 -3.241370238683e-10
137 25 1.492075929754e-10 -6.718551960554e-10
138 25 -6.243213114487e-10 -5.891118944070e-10
139 25 -9.117232861690e-10 -3.159841201098e-10
140 25 -2.974419199894e-10 1.926118026709e-10
141 25 -5.948777412640e-10 -1.171859031826e-09
142 25 -5.926674195025e-11 2.945973639187e-10
143 25 2.722247005642e-10 -3.243073465568e-10
144 25 2.740142324106e-10 -3.107830980792e-11
145 25 4.414147495108e-10 -2.870894288647e-10
146 25 -3.717563054264e-10 4.580719215082e-10
147 25 1.470911453877e-11 1.678634500603e-10
148 25 -6.161518263071e-10 3.951478988624e-10
149 25 2.065987574987e-10 3.445876086544e-11
150 25 -3.737983131083e-10 -3.289628751064e-10
151 25 4.201836723329e-10 -3.184463293645e-11
152 25 -1.785565393690e-10 -2.317937047490e-10
153 25 5.051537913370e-11 -2.476274523664e-10
154 25 -4.070936933425e-11 -5.008020981429e-11
155 25 -2.858608997969e-10 4.944323148827e-11
156 25 -4.650302387519e-10 1.532015335600e-10
157 25 -5.146343044745e-10 -7.727461651681e-11
158 25 2.825798932075e-11 -4.121565361365e-10
159 25 -1.622073427901e-10 -6.129662311696e-10
160 25 -5.201520982765e-11 -5.155163939044e-10
161 25 -2.561198668683e-10 -1.002691971325e-10
162 25 -6.081238421717e-10 4.065236450890e-11
163 25 4.044400407570e-10 4.371348331592e-10
164 25 3.556618666066e-10 -2.013739951615e-10
165 25 1.818779682784e-10 -3.283796018208e-10
166 25 -1.077175423418e-10 -5.793749892592e-10
167 25 -9.855649734546e-11 5.499437106634e-11
168 25 -4.912760811953e-10 4.981055578602e-10
169 25 1.513051097035e-10 1.120713534062e-09
170 25 1.098198364258e-10 -3.932071924521e-11
171 25 -7.095613460737e-11 -1.271645336718e-10
172 25 -1.939009211388e-10 -3.081575503202e-10
173 25 3.786311268383e-10 2.898594744272e-10
174 25 -3.883704566105e-11 1.711882322667e-10
175 25 1.444944525893e-10 3.954335809905e-10
176 25 -1.184575017065e-10 3.879725690181e-11
177 25 1.939970745875e-10 3.366201811213e-10
178 25 -1.174228991169e-10 -2.468077339022e-10
179 25 2.139499087220e-10 -1.860222601523e-10
26 26 -6.012645565167e-09 3.246305958152e-09
27 26 -5.799953105400e-09 -1.344810949241e-08
28 26 7.285078210205e-09 1.734411355045e-09
29 26 -5.844028558812e-09 -8.608776467740e-09
30 26 2.799803687153e-09 1.580614913588e-08
31 26 -1.286819110273e-09 2.571732249679e-09
32 26 2.303012321343e-09 -3.053735398482e-09
33 26 1.617415179818e-09 8.204097914413e-09
34 26 7.755819466352e-11 -7.542574868263e-09
35 26 -4.215550882695e-09 8.140229618871e-09
36 26 -4.013621213391e-09 6.711395032750e-09
37 26 2.464146015221e-09 2.626520145761e-09
38 26 3.427103917481e-10 2.919731381237e-09
39 26 -9.704199611518e-10 9.617298434626e-09
40 26 4.221951577583e-09 1.227675773026e-09
41 26 2.953445264248e-09 -7.300217698334e-09
42 26 -8.082822060122e-10 -6.612683093554e-09
43 26 -2.925465010483e-09 6.989505515703e-11
44 26 -1.004315925027e-09 -6.878155646821e-10
45 26 -2.147989470085e-09 4.532082067989e-09
46 26 2.414488266697e-09 7.919726210787e-09
47 26 2.007209571956e-09 5.025477480682e-10
48 26 -9.429289489673e-10 -3.642909052639e-09
49 26 -2.232785497442e-09 -2.717940607758e-09
50 26 -3.827164628600e-09 -1.137717524248e-09
51 26 -1.339390477530e-09 -2.310402842474e-09
52 26 -9.208013944820e-10 -3.109316388269e-10
53 26 -1.121148286312e-09 -4.988918873982e-10
54 26 1.387191260304e-09 -3.101270435524e-09
55 26 2.292262895976e-10 9.484893898299e-10
56 26 2.371581199901e-09 -2.516348702239e-09
57 26 -9.351803414307e-10 -4.103906060416e-09
58 26 -2.591935111459e-09 -2.305838788596e-10
59 26 -5.461264587358e-10 7.087115076271e-09
60 26 1.571194010673e-09 4.042378372264e-09
61 26 8.706955177271e-10 -2.825918463953e-09
62 26 1.366496750598e-09 -8.257872913900e-10
63 26 9.905056461396e-10 -1.612693544309e-09
64 26 -1.445396923447e-09 -1.711079036307e-09
65 26 -3.077408968583e-09 1.028541584882e-10
66 26 5.230044192677e-10 1.308644832671e-09
67 26 1.115371519282e-09 1.376618634843e-09
68 26 -7.420638006218e-10 1.770254854809e-09
69 26 -4.239926811600e-09 1.759547179726e-09
70 26 -1.693013912192e-09 1.222215007447e-09
71 26 2.662059350624e-09 -2.126791366389e-09
72 26 2.155197853153e-09 -8.446883491179e-10
73 26 1.854214529318e-09 6.318461869599e-10
74 26 7.284301923846e-11 1.480861793537e-10
75 26 -1.217044080837e-09 1.786205058697e-09
76 26 4.304442723412e-10 2.941748963211e-09
77 26 5.910901699974e-10 9.703354621294e-10
78 26 7.509842605292e-10 -1.058629403108e-09
79 26 8.236828321819e-10 -1.585205285953e-09
80 26 7.170549634652e-10 -1.383117835874e-09
81 26 -3.533046225941e-10 -7.191090046058e-10
82 26 -1.823975708191e-09 -4.211895110507e-11
83 26 -6.794205009375e-10 1.475592580644e-10
84 26 -8.766553855063e-10 -1.119514231025e-09
85 26 2.228758390823e-09 -1.363870077368e-09
86 26 6.451786637836e-10 3.260736386348e-10
87 26 7.479004588584e-10 -1.213597826614e-09
88 26 -1.966040774741e-09 -2.184740685988e-10
89 26 -7.466692711567e-10 -2.692565399364e-10
90 26 -1.168686844341e-10 1.556432730031e-09
91 26 1.285373806861e-09 2.167859193487e-10
92 26 3.531713439113e-10 -1.460171878797e-09
93 26 1.283457696557e-09 -9.702135706942e-10
94 26 -1.935326014877e-10 -5.905896685202e-10
95 26 -1.842746286925e-09 9.443263388499e-10
96 26 -1.058233781104e-09 9.382633836734e-11
97 26 -3.108632742701e-10 8.306111735195e-10
98 26 1.169537706995e-09 3.655331609663e-10
99 26 1.344470813649e-09 8.653177242580e-10
100 26 2.154471783400e-10 -3.837363625991e-10
101 26 -3.591729797563e-10 1.293912036735e-09
102 26 -1.151692094410e-10 8.767158133321e-10
103 26 -6.277506826238e-10 3.122844694709e-11
104 26 -2.341095342733e-10 -4.289918693250e-10
105 26 8.645804836208e-10 -4.805805376997e-10
106 26 4.179438601937e-10 -8.610030107598e-10
107 26 6.546431634926e-10 -5.673526378677e-10
108 26 7.804405379279e-10 -7.917353875877e-11
109 26 6.423343511500e-10 3.272480686844e-10
110 26 2.201970750457e-10 4.796614255385e-10
111 26 -1.328488075821e-09 1.394957998010e-11
112 26 1.955181594945e-10 3.829365087561e-10
113 26 3.568053759160e-10 -2.590064674964e-10
114 26 1.021373919523e-09 7.949312685657e-11
115 26 -6.206440593492e-11 1.345013389436e-11
116 26 -8.540157338414e-11 4.935805189915e-10
117 26 -5.651330420018e-10 2.901466884456e-10
118 26 4.502357910560e-11 7.235509797476e-10
119 26 4.773110940493e-10 4.641817192358e-11
120 26 1.308069545315e-09 4.240690877666e-10
121 26 1.639168409429e-10 -3.444508260312e-10
122 26 3.553036252296e-10 4.368962498201e-10
123 26 3.178087673168e-10 5.240715829277e-10
124 26 -1.826660442671e-10 -5.693874693724e-11
125 26 -1.086858745102e-09 3.057483331573e-10
126 26 -3.503139119577e-10 2.192089239141e-10
127 26 3.024935791459e-10 -3.384202377431e-10
128 26 4.788330094424e-10 -2.516684142528e-10
129 26 5.100571972057e-10 1.237732672683e-10
130 26 2.576904383526e-10 5.959412418776e-10
131 26 6.395409887043e-10 8.611614621041e-10
132 26 -5.213782262318e-10 8.510088095838e-10
133 26 2.896097778826e-10 6.532454873137e-10
134 26 -6.513438235959e-10 -1.869654136073e-10
135 26 4.898822602756e-10 -5.338034682363e-10
136 26 -6.929781871297e-10 -6.345412792625e-10
137 26 -1.726403220458e-10 8.179622446899e-10
138 26 -1.958518049843e-10 3.238386903540e-10
139 26 3.005523548437e-10 7.209295169871e-10
140 26 -4.538938900029e-10 -6.060253145399e-10
141 26 -3.843085823617e-10 2.238906098080e-10
142 26 -1.035528154521e-09 -2.469347505891e-10
143 26 -4.679884783793e-11 8.689680805576e-10
144 26 2.567587765899e-10 1.318332260093e-10
145 26 6.394709311927e-10 2.527408026315e-10
146 26 -1.654947670615e-10 -3.788338744016e-11
147 26 9.701961127603e-11 -9.862445484825e-11
148 26 -8.156234615047e-10 -3.125668107155e-10
149 26 1.981081030461e-10 3.470146321064e-10
150 26 8.066348206438e-11 2.292660371751e-10
151 26 2.543628536226e-10 -3.775521407042e-10
152 26 -8.788960894341e-10 -8.781650284390e-14
153 26 3.054474326094e-11 1.618922221803e-10
154 26 3.501739782419e-11 2.882943690186e-10
155 26 5.279367649256e-10 -7.455444563633e-10
156 26 -7.954057753897e-10 -2.944295219422e-11
157 26 -6.147824855234e-10 3.422933584628e-10
158 26 -1.087422158813e-09 5.160942869014e-10
159 26 1.566972058934e-10 9.653001530537e-11
160 26 3.018337006062e-10 2.140224784446e-10
161 26 7.028744062350e-10 -1.997303949843e-10
162 26 2.109797262051e-10 3.651831794994e-10
163 26 -7.262835192159e-10 1.862697451887e-10
164 26 -6.928382261046e-10 2.940411458090e-10
165 26 -8.159747904557e-10 -5.897456301412e-10
166 26 -3.071264181359e-10 -1.481012514740e-10
167 26 8.745427956600e-11 1.649440634156e-10
168 26 5.571373537655e-10 3.184854357843e-10
169 26 -1.668223718446e-10 -2.832378864245e-10
170 26 -1.779064992770e-10 2.760034570189e-10
171 26 -2.825206127539e-10 -3.900186430068e-10
172 26 1.440763153207e-10 6.080104096623e-10
173 26 -6.579728970654e-11 -1.529728731809e-10
174 26 -4.238273541608e-11 1.086545665494e-10
175 26 3.025682155461e-11 -4.475011143044e-10
176 26 -4.043983272292e-10 -9.760226003532e-11
177 26 -5.739390028753e-10 5.455801837475e-11
178 26 -2.900701079004e-10 7.262263632907e-10
179 26 4.368273117638e-10 3.179906352959e-10
27 27 1.084744779366e-09 -3.640881169802e-10
28 27 -2.934952604673e-09 1.929177343431e-10
29 27 -9.950566546727e-10 -1.634166991989e-09
30 27 -2.508116958055e-10 9.100865848219e-09
31 27 4.251869041691e-09 3.057419705634e-09
32 27 -8.373948532522e-09 -3.860716203710e-09
33 27 2.145610867956e-09 -2.834843670630e-09
34 27 8.271871339217e-09 -2.390921075638e-09
35 27 -1.069112061219e-09 -8.622716264299e-09
36 27 -8.838780006891e-09 8.011462849666e-09
37 27 -9.638606726804e-10 1.655840905909e-09
38 27 -1.175947017358e-09 -1.136334253296e-09
39 27 -4.213330138481e-09 -3.813291225011e-09
40 27 4.024501917714e-10 2.288613437984e-09
41 27 2.328904625058e-09 -1.552874552762e-09
42 27 2.538443048783e-09 -1.147056503169e-09
43 27 1.016178405775e-09 9.247666346830e-10
44 27 4.001864974449e-09 1.585645599210e-10
45 27 -4.575921527402e-09 -2.035069566410e-09
46 27 -1.772810938469e-09 -4.009152835279e-11
47 27 -4.106802929054e-09 8.667086290691e-10
48 27 -6.154359912820e-09 2.283770108801e-09
49 27 -1.999644018591e-09 -3.058436088944e-10
50 27 2.614125214693e-09 2.258190977385e-09
51 27 6.672658057080e-09 -4.228723108963e-09
52 27 1.030731540800e-09 -2.334295897851e-09
53 27 -1.036520548848e-09 -7.875716512448e-10
54 27 -2.350724730674e-09 2.286748843760e-09
55 27 -3.247305994186e-09 1.928247098628e-09
56 27 -6.061434856123e-10 3.094065324738e-10
57 27 1.351327691568e-09 -1.042044615070e-09
58 27 -1.438850105096e-09 -5.196193534401e-09
59 27 -4.577993098867e-10 -1.767725998357e-09
60 27 -2.162912712212e-09 1.467994203575e-09
61 27 -2.596942403156e-09 1.166058960400e-09
62 27 -8.830369948442e-11 1.121855887536e-09
63 27 -7.775577899008e-10 1.061719964573e-09
64 27 9.204163465143e-10 4.944010004762e-10
65 27 2.039265617271e-10 -8.461366323371e-10
66 27 7.536363495354e-10 -1.518723275537e-09
67 27 3.139106324377e-10 -8.628141044587e-10
68 27 -1.622794866420e-09 4.682602981455e-10
69 27 -1.244677275593e-09 2.802917605524e-09
70 27 -2.894451612006e-10 1.016815260570e-09
71 27 1.427080900137e-09 -7.815942605118e-10
72 27 1.245407112973e-09 1.596929705843e-10
73 27 1.884055118682e-09 1.828704859174e-09
74 27 -2.480994609957e-11 8.045920511004e-10
75 27 -8.043497998313e-10 1.361854758236e-10
76 27 -9.706060432301e-10 -1.378498208819e-09
77 27 6.808616846022e-11 -1.482610027713e-09
78 27 1.397422524503e-10 -1.382966766999e-10
79 27 -1.842208123145e-09 5.464412907338e-10
80 27 -2.851915295539e-10 1.851330330817e-09
81 27 1.128474871557e-09 6.857249823629e-10
82 27 -1.018022284616e-10 -4.128231063285e-10
83 27 -1.959743628690e-09 -2.084525356026e-09
84 27 -1.659833338265e-09 -8.710041860239e-10
85 27 -7.512186754597e-10 -5.287831127406e-10
86 27 1.662530923634e-09 1.654486729068e-09
87 27 1.685224415506e-09 2.130997776577e-09
88 27 1.277388570158e-09 5.359223859941e-10
89 27 -1.288474537146e-10 -1.444512825974e-09
90 27 -1.322139938253e-10 -1.164852866659e-09
91 27 -1.384652105370e-09 -1.506649036105e-09
92 27 -8.989127506710e-10 -5.397573193427e-10
93 27 1.132527660768e-09 3.488610830549e-10
94 27 2.358808223808e-10 1.087720423510e-09
95 27 -6.154580250225e-11 3.689412613503e-10
96 27 -2.733796453809e-11 -5.483189578774e-10
97 27 -1.203996070222e-09 -4.730787598984e-10
98 27 -6.760616835795e-10 1.179939651808e-09
99 27 -1.954807242987e-10 9.128983658402e-11
100 27 2.852907282652e-10 5.912281863531e-10
101 27 4.388457831535e-11 3.600165541161e-10
102 27 2.093491144356e-10 4.150484643171e-10
103 27 -8.357488670992e-10 -3.625502143587e-10
104 27 6.404820097791e-10 -4.625212358822e-11
105 27 -3.157583889572e-10 -3.869508895559e-10
106 27 5.670434051455e-10 -6.502818561949e-10
107 27 7.561969745309e-10 8.602408728366e-10
108 27 7.270759859643e-10 1.361720677107e-09
109 27 2.975680539358e-10 1.075411952705e-09
110 27 -6.111741352807e-10 -5.031932925007e-10
111 27 -2.673321912021e-10 -2.089211406308e-10
112 27 -7.438441046514e-10 -1.154607259140e-09
113 27 5.036211448589e-11 -7.477437409626e-10
114 27 -1.197780961630e-10 -7.226997396659e-10
115 27 8.938694336843e-10 -5.529395446320e-10
116 27 -1.360457120314e-10 8.041531388473e-10
117 27 2.334044004281e-10 1.451942816739e-09
118 27 8.530466229378e-11 8.791010804741e-10
119 27 5.200046632816e-10 -9.222761315531e-10
120 27 -3.589292852244e-10 -6.426349309967e-10
121 27 -3.912710017727e-10 8.745331782006e-11
122 27 3.239186496696e-10 8.870539552060e-10
123 27 3.143889045706e-10 1.250174607419e-09
124 27 3.622272795814e-10 4.214648897755e-10
125 27 -5.554910745025e-10 -7.750214770523e-11
126 27 -1.942701775255e-10 -2.492362452009e-10
127 27 -1.068025299231e-10 -3.752121091124e-10
128 27 4.853440938257e-10 3.096627152454e-10
129 27 7.847567290515e-10 1.646263969477e-10
130 27 2.135875259874e-10 -7.381054530999e-11
131 27 -3.883984665091e-10 4.021606346236e-10
132 27 -1.831307872185e-10 5.430755346733e-11
133 27 -3.548518825938e-11 5.620845833795e-10
134 27 1.365794879544e-10 -8.864481645377e-10
135 27 2.065559436330e-10 -4.822646127317e-10
136 27 5.551277708300e-10 -5.663356439413e-10
137 27 2.817193282591e-10 2.616354675541e-10
138 27 3.397359474995e-10 1.967453386186e-10
139 27 -3.007233345018e-10 7.050611294045e-10
140 27 -1.352911090068e-10 2.361454226872e-10
141 27 -2.564170801972e-10 -3.078790165090e-10
142 27 -2.914773521621e-11 -7.319656748976e-10
143 27 -4.823258465206e-10 -7.353917074388e-10
144 27 8.107187793250e-11 -2.634442025205e-10
145 27 -4.346714177068e-10 3.845743702305e-10
146 27 -4.739548570645e-10 1.818777837411e-10
147 27 -2.278254522533e-10 1.835424303072e-10
148 27 4.143958384147e-10 -6.880586023342e-11
149 27 -7.005561912454e-11 1.168288237910e-10
150 27 -2.525822989906e-10 -2.334202295560e-10
151 27 -4.127178757790e-10 -2.537180459434e-10
152 27 -9.236193434705e-10 3.598027164554e-10
153 27 -3.536018818733e-11 7.354823091429e-11
154 27 5.306462259947e-10 1.901383489426e-10
155 27 4.110559914798e-10 -1.485158610559e-12
156 27 2.130899610547e-10 2.680057026143e-10
157 27 -8.068705694414e-11 1.364460330799e-10
158 27 2.379171987879e-10 4.957136197829e-10
159 27 -7.219963543715e-11 -3.222165738272e-10
160 27 1.698926709353e-10 1.874756181545e-10
161 27 -4.034470811597e-10 -6.094647067643e-10
162 27 -9.468936237345e-10 3.036612692234e-10
163 27 -1.270686798184e-10 2.880952562538e-10
164 27 1.553293830630e-10 1.848185904884e-10
165 27 -1.047615027726e-10 -1.313434895846e-10
166 27 -3.017069579503e-11 2.436652652362e-10
167 27 2.767051990778e-10 1.451074518648e-10
168 27 -3.060716348782e-10 5.817086111660e-10
169 27 7.005366273291e-11 1.285013311650e-10
170 27 9.395193493612e-11 -2.582329468815e-10
171 27 -2.211318666083e-10 -7.619214747859e-10
172 27 -8.895346027168e-10 -6.075128589462e-10
173 27 -1.704603677901e-10 9.500458949170e-11
174 27 -2.550293716174e-10 -1.079805965592e-10
175 27 1.960188348188e-10 4.250745537147e-10
176 27 -1.234153079303e-10 4.724428207556e-10
177 27 -4.489268984725e-11 -9.552346199304e-11
178 27 -1.350440369002e-10 -5.280611579604e-10
179 27 -7.671051158544e-11 -4.522548330474e-10
28 28 8.070493266831e-09 1.257289332539e-09
29 28 1.149174955908e-09 3.116643906872e-09
30 28 -4.847956544072e-09 -4.556264690356e-09
31 28 7.405410004089e-09 7.207599685631e-09
32 28 1.376469551698e-09 -9.487349814291e-09
33 28 4.542960094222e-09 -4.768950609621e-10
34 28 -3.810682489643e-10 -4.980436822582e-09
35 28 3.898829850295e-09 -7.319033918901e-09
36 28 -4.348829825527e-09 -8.022024843185e-09
37 28 3.255459108741e-09 -2.049259614693e-09
38 28 -4.989808171324e-09 -2.915198505171e-09
39 28 5.283965986722e-10 -6.890116186497e-09
40 28 -2.924544639240e-10 2.582647774393e-09
41 28 8.147387638040e-10 -5.159029138435e-09
42 28 -2.471710659582e-09 5.171900115725e-09
43 28 -5.680728745689e-10 4.431023546827e-09
44 28 3.424181338615e-09 5.451709146023e-09
45 28 4.953727846191e-09 2.360749913042e-09
46 28 -2.441061441635e-10 -1.118646784019e-09
47 28 6.714838469104e-10 -4.720598163523e-09
48 28 -4.636227484613e-10 -7.733654595277e-09
49 28 -3.410711281756e-09 -4.100323291136e-09
50 28 -1.134612833051e-09 4.592335890118e-09
51 28 1.112720043182e-09 2.159408214928e-09
52 28 -5.794211800274e-10 1.810763023254e-09
53 28 1.424111305569e-09 4.305585649555e-09
54 28 1.343276540261e-09 -3.028163931982e-10
55 28 -3.126742865608e-09 -9.240634195883e-10
56 28 -3.025425374790e-09 9.764129636006e-11
57 28 -1.527888816579e-09 -1.835953986625e-09
58 28 -1.565615324289e-10 -1.563629203389e-09
59 28 -1.011736079719e-09 2.001457076880e-09
60 28 -5.435550580074e-10 1.020965781976e-09
61 28 5.254140201115e-09 -7.828929893283e-10
62 28 1.947478105356e-10 -1.289150678677e-09
63 28 -1.935619046372e-09 1.373506447845e-09
64 28 1.684358042515e-10 3.454204748376e-09
65 28 9.500260281556e-11 2.739944871454e-10
66 28 9.885386979691e-10 -1.789697242022e-09
67 28 8.299429902348e-10 2.184252460937e-10
68 28 2.393016332334e-11 7.814039373464e-10
69 28 -5.860150447575e-10 -1.925083118378e-10
70 28 -2.040498115944e-09 5.060819015577e-10
71 28 2.053214721449e-10 6.229320140588e-10
72 28 1.583639437658e-09 -3.447804828506e-10
73 28 5.238365015657e-10 1.106064841394e-09
74 28 -2.976311598810e-10 1.855519289145e-09
75 28 -5.459786231031e-10 -1.167255286964e-10
76 28 -3.703286846751e-10 -5.249622942223e-10
77 28 9.155375886231e-10 -1.577325486676e-09
78 28 2.168362729495e-09 -9.545206181967e-10
79 28 -4.802541509238e-10 -9.060675556739e-11
80 28 -6.601852958474e-10 5.922980095065e-10
81 28 -4.377994397575e-10 7.871612827993e-10
82 28 -1.150301402491e-09 1.954615917594e-09
83 28 -2.130521038593e-11 1.163592974132e-09
84 28 7.824077445814e-10 -7.947810547487e-10
85 28 1.217220237291e-09 -1.723289195645e-09
86 28 5.194734954240e-10 -1.624934786029e-09
87 28 -6.930639444139e-10 -1.010784072179e-09
88 28 -1.674710750571e-09 7.957525912774e-10
89 28 -2.123865798470e-09 1.454124310134e-09
90 28 -5.976205438420e-10 2.285988592899e-09
91 28 -1.257228964343e-09 -5.350998892031e-10
92 28 1.630574810970e-09 -2.741501554132e-09
93 28 -1.314363358896e-09 -2.192005255641e-09
94 28 -3.028335984099e-10 2.336355250818e-10
95 28 -1.738319359715e-09 1.468164673364e-09
96 28 2.391167070315e-10 1.144519199994e-09
97 28 2.879162209715e-10 1.671620216404e-09
98 28 6.814868790973e-10 -8.001713556304e-10
99 28 -8.719596469032e-11 -8.393333683888e-10
100 28 1.460141907499e-09 -5.476571954088e-10
101 28 -2.031098884783e-10 6.621939164180e-10
102 28 7.713469455461e-10 7.613472469423e-10
103 28 1.872528889240e-10 2.075057533454e-09
104 28 4.070134539082e-10 7.224761607281e-10
105 28 -5.153703667802e-10 6.636335205357e-10
106 28 -4.769417946595e-10 -3.387672090112e-10
107 28 4.815841125151e-10 -6.705712225697e-11
108 28 1.313105545129e-09 -7.397310366443e-10
109 28 4.084699555122e-10 -3.455563566088e-10
110 28 -1.254463937799e-09 -8.543885828848e-10
111 28 -1.188743122814e-09 -2.372076311445e-10
112 28 -5.798618981549e-10 -3.697220670394e-11
113 28 7.158535928049e-10 -1.781033754941e-10
114 28 5.397707890293e-10 3.583607353869e-10
115 28 1.160791478023e-09 -6.674688890825e-10
116 28 -6.864452366780e-10 3.131182996700e-10
117 28 -1.209326214700e-09 2.687460696303e-10
118 28 -6.474492222555e-10 1.139833919206e-10
119 28 6.308157566924e-10 1.749098084724e-10
120 28 1.060900766849e-10 -6.693602455778e-11
121 28 5.796512894854e-10 -8.583087770417e-10
122 28 3.746722214769e-10 -4.136415886771e-11
123 28 5.086248478109e-10 3.059447143310e-10
124 28 4.291739025635e-10 1.161781456867e-09
125 28 2.091467623980e-10 -1.316885888222e-10
126 28 2.490248729468e-11 2.767514592737e-10
127 28 2.968511064197e-10 -4.446808849122e-10
128 28 7.789255055901e-10 1.523257471880e-11
129 28 2.662968275843e-10 -1.825769279848e-10
130 28 -1.059864006420e-10 8.367699631802e-10
131 28 -3.798478551698e-11 -5.548620931602e-10
132 28 1.467016386503e-10 -1.664521808652e-10
133 28 1.040063491018e-10 -3.673175306561e-10
134 28 8.098542472579e-11 3.747239625330e-10
135 28 2.869857651516e-10 -5.388950418766e-10
136 28 8.282210119258e-10 7.161207005973e-10
137 28 1.082304555568e-10 -3.806992047804e-10
138 28 3.925610483701e-10 5.671658942291e-10
139 28 6.646630283451e-10 2.484227532559e-10
140 28 -3.340481674923e-10 -1.256995598615e-10
141 28 -6.420396719721e-10 -2.885002595021e-10
142 28 -5.752805293669e-10 -1.197087142121e-10
143 28 6.638635638012e-10 6.198216837320e-10
144 28 9.129204325472e-10 6.255656118887e-10
145 28 2.052459653156e-10 2.523234168047e-10
146 28 -2.877785046979e-10 1.516067396310e-10
147 28 -3.654252215833e-10 -3.152915549011e-10
148 28 -3.660631347590e-10 7.146498235839e-11
149 28 -2.747324901948e-10 -2.655832202893e-10
150 28 3.124552756928e-10 8.356569969791e-10
151 28 -4.317351221205e-11 -1.563015109218e-10
152 28 4.592892879685e-12 2.158220784714e-10
153 28 1.560045557268e-10 -2.133983251950e-10
154 28 6.154308909434e-10 3.850765140042e-10
155 28 5.815359630047e-10 -5.203583707763e-10
156 28 4.314114909843e-10 4.318730675713e-10
157 28 -7.779440686594e-10 -4.349450432763e-10
158 28 -4.062775029452e-11 -9.069331589235e-11
159 28 2.639539762467e-10 -5.247122634831e-10
160 28 4.484252808450e-10 2.430548498985e-10
161 28 1.686248604895e-10 -4.978688475205e-10
162 28 1.914644138252e-11 5.032516802607e-10
163 28 -2.456577727795e-10 -6.833753162502e-11
164 28 5.658419452440e-10 1.568433945402e-10
165 28 1.873393011890e-10 -4.448710505269e-11
166 28 3.315946561142e-10 2.917146161497e-11
167 28 -1.641986898979e-10 -5.792847386228e-11
168 28 7.694237745000e-11 2.153088092584e-10
169 28 -5.388654083431e-10 9.333102062469e-11
170 28 -4.328931100419e-10 -2.674287738397e-10
171 28 -9.004094971963e-11 -1.397790787885e-10
172 28 -1.495108615308e-11 -2.971652597628e-11
173 28 7.778723993004e-10 1.868066069835e-10
174 28 8.953151256352e-10 1.396206049050e-10
175 28 7.198584547851e-10 1.020658724826e-11
176 28 -3.287906775877e-10 4.569462198114e-10
177 28 -4.522435893957e-10 1.636933585453e-10
178 28 -2.551967140720e-10 5.400841280045e-10
179 28 2.865254151709e-10 -4.035246109547e-10
29 29 8.928479251554e-09 -6.993570609601e-09
30 29 5.476930106029e-09 4.458126552454e-09
31 29 -1.781816532426e-09 -4.098590403569e-09
32 29 6.722301535444e-09 -3.228730822706e-09
33 29 -1.543604789420e-08 -3.084260836192e-09
34 29 4.589522164810e-09 5.478666315250e-09
35 29 1.456180248687e-10 6.669588136726e-09
36 29 -4.359135225879e-09 -1.157897142810e-09
37 29 3.603972917518e-09 5.409795808901e-09
38 29 3.235060639596e-09 -2.320713293096e-09
39 29 -3.636841012850e-09 -6.877758773481e-09
40 29 1.027013906941e-10 2.423924779051e-09
41 29 7.952751784245e-10 3.666461469113e-09
42 29 -2.468104041623e-09 -3.651976438646e-09
43 29 1.984266590754e-10 1.703778855200e-09
44 29 -1.241235515847e-09 3.083614002978e-09
45 29 4.056881492241e-10 -3.338383320344e-09
46 29 -9.170053287591e-10 -1.200428305096e-09
47 29 2.027951696050e-10 2.847130804434e-10
48 29 4.598893358470e-09 -1.683397951834e-09
49 29 1.489486940111e-09 6.643762872976e-10
50 29 1.671739624255e-09 -1.511387299342e-09
51 29 -1.932579427703e-09 5.624594756804e-10
52 29 -4.140447095793e-09 -3.381106219603e-09
53 29 -2.640271493938e-09 -2.940201971568e-09
54 29 -1.807420677622e-09 3.409713818937e-09
55 29 7.597139481912e-10 3.915133661226e-10
56 29 2.724739851522e-09 -1.351779069341e-09
57 29 1.626963966455e-10 -1.059860669213e-09
58 29 1.059706119034e-09 -3.568688389543e-09
59 29 -1.963922195466e-09 -5.714889294861e-10
60 29 3.207139066771e-10 2.095142526136e-09
61 29 8.194463177158e-11 6.334187729425e-10
62 29 1.656950421192e-10 1.588981920529e-09
63 29 7.456211567549e-10 6.586510888916e-10
64 29 1.589918524696e-09 -1.586700195965e-09
65 29 -4.501711768706e-10 -2.325740442714e-09
66 29 -1.681609266994e-09 2.331246313265e-10
67 29 -6.438494590194e-10 4.455235913232e-10
68 29 1.592193475785e-10 -4.047134805255e-10
69 29 -2.058003428673e-09 2.545705917725e-10
70 29 3.350387524190e-10 2.387312600770e-09
71 29 4.483667098427e-10 1.132620893163e-09
72 29 -1.636963534743e-09 -1.618967843730e-09
73 29 -1.509840719888e-09 1.347610445035e-09
74 29 1.888261015943e-09 2.331908231524e-09
75 29 -4.913539220921e-10 -1.063581878461e-09
76 29 -3.725600329731e-10 -8.253246321312e-10
77 29 1.128524664813e-09 2.622927771588e-10
78 29 1.147280075254e-10 7.873942680061e-10
79 29 -2.316301371268e-10 1.071366515221e-09
80 29 -8.640662471992e-12 4.595139458978e-10
81 29 -2.103414496035e-10 -6.974384059797e-10
82 29 -7.394889950824e-10 -2.809354006324e-10
83 29 -1.983349651114e-09 5.749571089923e-10
84 29 1.817846664130e-11 1.377756593447e-09
85 29 -1.954694265983e-09 6.137554164969e-10
86 29 3.407223064334e-10 -8.221395302395e-11
87 29 7.886126253428e-10 3.216220552421e-11
88 29 8.584112113114e-10 9.056342248385e-10
89 29 -1.536117046190e-09 -1.942832555021e-11
90 29 -7.940348645084e-10 1.086010766377e-10
91 29 -8.305180492156e-10 1.935498381232e-10
92 29 -7.389696127212e-10 1.528831669699e-09
93 29 7.626967507261e-10 1.394659631432e-09
94 29 4.360245937427e-10 5.725447505038e-11
95 29 8.125698649549e-10 -1.583335391726e-09
96 29 -7.587830590354e-11 -1.452771228395e-09
97 29 -2.373397202988e-10 8.393441190163e-11
98 29 -1.837893374772e-09 8.296435606089e-10
99 29 -2.875656940188e-10 5.256336752687e-10
100 29 4.949604535629e-10 1.875645990996e-10
101 29 3.644696253641e-10 -2.058094824724e-10
102 29 -7.587468713060e-11 -1.170179668509e-10
103 29 4.371652050452e-10 -4.533040310428e-10
104 29 -3.630794801848e-10 -4.621374219816e-10
105 29 9.238109402873e-10 -1.047549073871e-09
106 29 -6.093945555371e-11 -1.164096270597e-09
107 29 6.519850071540e-10 5.881344826951e-10
108 29 1.179802939382e-10 9.973669143228e-10
109 29 8.626754808209e-10 3.825759458971e-10
110 29 3.815571914488e-10 -4.052913884438e-10
111 29 1.571858153284e-10 -7.566620347101e-10
112 29 -1.064517172157e-09 1.640890660817e-10
113 29 -6.000248589318e-10 -5.973550500275e-10
114 29 8.071370026803e-11 -1.057548710391e-10
115 29 3.780456784072e-10 3.983742334607e-10
116 29 -6.431440199192e-10 8.334522410249e-10
117 29 -8.873219166625e-10 4.940453831338e-11
118 29 1.992353069040e-10 -1.227264391284e-09
119 29 -3.887113364272e-10 -8.254783532291e-10
120 29 7.337573051184e-11 -1.465269559527e-09
121 29 -3.323095438936e-10 3.321626842195e-10
122 29 1.844806222715e-10 1.364333964344e-09
123 29 3.132008171949e-10 8.291654324973e-10
124 29 4.588965550732e-10 -3.902270980673e-10
125 29 -4.494344705070e-10 -1.497202916250e-09
126 29 -8.680485596068e-10 -7.232478522986e-10
127 29 1.316443992151e-10 1.581114284861e-10
128 29 2.485860410073e-10 -1.455938397989e-11
129 29 3.308969271110e-10 4.763000343250e-10
130 29 1.568972810624e-10 -2.251907198656e-10
131 29 -8.272467029367e-11 9.317111375701e-12
132 29 4.786229697527e-12 7.007332951467e-10
133 29 -4.969379280267e-10 3.764282643128e-10
134 29 2.929468535888e-11 8.379640012177e-10
135 29 -1.721634838516e-10 -1.486089451184e-09
136 29 -2.606160623726e-10 4.908511741279e-11
137 29 -1.309383134088e-10 -1.059319803952e-10
138 29 -1.178520468630e-10 5.926242141302e-10
139 29 2.182466740520e-10 2.586638543295e-10
140 29 -4.469626069029e-10 6.939083757198e-10
141 29 6.263093690052e-10 -6.856482178070e-10
142 29 1.780181876909e-10 -2.302465787503e-10
143 29 -3.681488639941e-10 -2.745565277508e-10
144 29 -4.779678567555e-10 2.587832616700e-10
145 29 -5.013318403726e-10 -2.034085717520e-10
146 29 -6.996011294370e-10 -2.911067647584e-10
147 29 -6.793513250477e-11 6.043192661026e-11
148 29 -3.821378756231e-10 1.957638635752e-10
149 29 -2.197300959662e-10 -6.185335486325e-11
150 29 -2.888057103866e-10 -3.649074488868e-10
151 29 -8.416461308823e-11 3.953143950184e-10
152 29 -5.199822237085e-10 3.139147073283e-11
153 29 -2.575519303431e-10 2.968646363340e-10
154 29 1.194067360186e-10 2.648325723363e-10
155 29 4.460906772941e-10 -1.431532359026e-10
156 29 -4.807927314338e-10 -4.546319601292e-10
157 29 -5.710836099951e-10 -3.493473529915e-10
158 29 -2.011036363097e-10 -6.977833807826e-10
159 29 4.316405066130e-10 -3.906621335359e-10
160 29 3.166641263567e-10 -3.507893974092e-10
161 29 1.795267011729e-10 3.312453831328e-10
162 29 -2.774774076646e-10 -4.628279304448e-10
163 29 -3.900290819200e-10 8.011412914765e-11
164 29 -5.337789225644e-10 -7.070924454069e-10
165 29 -4.554065284091e-11 -4.633350248394e-10
166 29 -1.034928811726e-11 -5.189623404072e-10
167 29 -1.929237078877e-10 -9.647428055871e-11
168 29 -1.171580526722e-10 3.067782591926e-10
169 29 3.523329069090e-10 6.690844508085e-10
170 29 -8.130839476528e-11 2.194874356668e-11
171 29 5.344471684087e-11 -1.625836785775e-10
172 29 -1.355066292664e-10 -2.487432606542e-10
173 29 1.268701821743e-10 4.365766245451e-10
174 29 2.236456875174e-10 4.011109128902e-10
175 29 4.450631584379e-11 -6.170509443201e-11
176 29 -2.567780429657e-10 -2.389365933534e-10
177 29 -7.445359902110e-10 -9.229885716987e-10
178 29 -1.539368773553e-10 -1.006886181493e-10
179 29 -3.540009765716e-10 -3.019786817707e-10
30 30 1.997164853856e-09 1.874693547397e-09
31 30 2.311562610730e-09 -3.215499270967e-09
32 30 3.705539236696e-10 4.782821492901e-09
33 30 3.272338237685e-10 -6.355200582651e-09
34 30 -1.554248137324e-08 1.639168576501e-09
35 30 -2.034666033515e-10 -1.920561850767e-09
36 30 -4.366639107602e-09 4.205483959260e-09
37 30 -1.277455208480e-09 5.748319239748e-09
38 30 4.766210002714e-09 4.294124328562e-09
39 30 -2.143384315941e-09 -5.522814638313e-09
40 30 8.090925930800e-11 -3.425613466615e-09
41 30 2.977830050638e-09 -1.172000820460e-09
42 30 2.293115628638e-09 -1.036343776138e-11
43 30 -1.702040332108e-09 -4.892112403522e-09
44 30 8.067328463236e-09 2.534173289402e-09
45 30 -4.732821208606e-10 -2.314716019557e-09
46 30 -2.776030226686e-09 -3.468606947141e-09
47 30 -1.588304069263e-09 1.609965890994e-10
48 30 2.316147894814e-09 -1.036331876144e-09
49 30 -4.655948487752e-10 4.959549932749e-09
50 30 8.015077631990e-10 6.703236088478e-09
51 30 2.552534318954e-09 3.018184649192e-09
52 30 -6.851515900374e-10 -4.796587887616e-10
53 30 -3.576906621430e-09 -2.095760500387e-09
54 30 2.985362222329e-09 3.476180531048e-09
55 30 1.548744252791e-09 -2.131440637310e-09
56 30 -2.782717001138e-09 -4.022075295796e-10
57 30 1.359006050716e-09 2.639607611334e-09
58 30 2.321300131751e-09 2.062188373589e-09
59 30 -2.386403810283e-09 -9.276668865383e-10
60 30 -1.862981991069e-09 -2.781183683988e-09
61 30 4.290631038178e-10 7.594683925117e-10
62 30 -2.392061795836e-09 1.398698635566e-10
63 30 -1.924499661166e-09 3.594875622219e-10
64 30 -2.067199044268e-09 9.505240456630e-10
65 30 1.831996607090e-09 6.817180460591e-10
66 30 8.279543108904e-10 9.432176792876e-11
67 30 -6.588490333651e-10 -6.861632863663e-10
68 30 1.249100187910e-10 7.031278313441e-10
69 30 -2.222518108308e-10 2.525906503737e-10
70 30 1.448053852768e-09 1.038387297960e-09
71 30 2.379992129473e-10 9.723280532982e-11
72 30 6.390063974658e-10 7.537082415545e-10
73 30 1.504680785229e-09 1.286690635305e-10
74 30 1.048646167233e-09 6.611551967819e-10
75 30 3.977295811070e-10 8.903638252252e-10
76 30 -1.272890935149e-09 3.803414184993e-10
77 30 -8.496736440033e-11 4.139159136012e-10
78 30 -5.893734021688e-10 -8.727134202745e-10
79 30 -7.345333704165e-11 -1.951139682859e-09
80 30 -1.407689535145e-09 -3.943335331014e-10
81 30 -7.671875929231e-10 5.720939144398e-10
82 30 1.388619744303e-10 -1.530098794933e-09
83 30 -3.983020946977e-10 -1.353573716823e-10
84 30 1.180467213430e-09 6.731058848791e-10
85 30 5.164082246119e-10 4.782286756715e-10
86 30 -2.332134360024e-09 -8.435122986436e-10
87 30 -1.100596664877e-09 -7.394585000338e-10
88 30 1.522146381863e-09 4.860862243113e-10
89 30 1.096664314478e-09 3.056707535742e-10
90 30 7.132238105859e-10 -1.791524086174e-10
91 30 1.528057336354e-09 -7.198294044508e-10
92 30 7.284649038454e-10 -1.041132054436e-09
93 30 -1.462790049709e-09 8.002643476242e-10
94 30 -1.210128608855e-09 1.547071904826e-09
95 30 -7.248172145879e-10 5.700804618011e-10
96 30 5.928985228037e-10 -9.923210449301e-11
97 30 5.828530470624e-10 -7.727020471455e-10
98 30 1.162656912171e-09 -2.074259191437e-10
99 30 1.298369793859e-10 -9.392968550662e-10
100 30 -1.308599671744e-09 4.430036885725e-11
101 30 -1.036411463311e-10 -7.955425817193e-11
102 30 -6.307255507644e-10 7.842770881858e-10
103 30 8.313628372444e-10 2.591058065860e-10
104 30 2.531495759286e-10 2.689961844041e-10
105 30 2.045006189860e-10 -8.707110642473e-10
106 30 8.628506403252e-11 -8.883438378240e-10
107 30 4.315529029482e-10 -8.632251411781e-11
108 30 -2.794415520241e-10 7.722404854101e-10
109 30 -6.333034329596e-10 5.864439739295e-11
110 30 -1.181824261446e-09 1.742000257354e-10
111 30 -1.728280149306e-09 -6.591577571208e-10
112 30 -7.643366479459e-10 -3.953588541030e-10
113 30 1.260857708063e-09 -7.309624365399e-10
114 30 8.585327126328e-10 -9.339294956707e-10
115 30 1.178274594148e-09 1.339042722788e-10
116 30 -1.161082482267e-09 3.638609877633e-10
117 30 -9.482579987284e-10 9.228360749335e-10
118 30 -5.562535620832e-11 6.697774577780e-10
119 30 6.165264832767e-10 -2.145737980799e-10
120 30 3.895175924421e-11 -4.149073232527e-10
121 30 8.435761360978e-11 -1.052407045686e-09
122 30 -1.047653555906e-09 -2.220199511365e-10
123 30 1.943900509922e-10 4.593682932165e-11
124 30 -4.934470131177e-10 2.946969559044e-10
125 30 4.379428949607e-10 -5.957870864334e-10
126 30 -6.350048776460e-10 -4.554929580493e-10
127 30 4.264880186485e-10 -2.428957205325e-11
128 30 6.043321643399e-10 5.767396408146e-10
129 30 5.302167927774e-10 5.757073781171e-10
130 30 4.987403825739e-10 5.734518683808e-10
131 30 -6.201761372942e-10 -5.727925631832e-10
132 30 -1.739543362596e-10 4.189384850266e-10
133 30 1.931156260406e-11 -1.077875444760e-10
134 30 5.542188756636e-10 2.595483872387e-10
135 30 5.858134933896e-10 -1.117955308638e-10
136 30 5.615223866481e-10 5.566877012996e-10
137 30 4.103999254232e-10 2.243546746198e-10
138 30 9.496265087282e-10 -2.536837573924e-11
139 30 -8.347835572836e-12 4.728643699855e-11
140 30 -1.435843516945e-10 -4.787494969965e-11
141 30 -6.647364508407e-10 -1.515911468300e-10
142 30 -4.107633537951e-10 -1.097858038811e-10
143 30 4.139721930224e-10 1.269626784870e-10
144 30 3.326554631269e-10 5.649836368986e-10
145 30 3.401206301057e-10 4.031049782291e-12
146 30 -6.819830792286e-10 -1.269624482896e-10
147 30 -2.168842127228e-10 4.471801940364e-10
148 30 -5.880390978713e-10 7.521661757782e-10
149 30 3.930256314287e-10 4.262819152262e-10
150 30 3.432748748650e-11 6.380580621527e-10
151 30 5.165196586990e-11 5.846985784006e-11
152 30 -1.993355386161e-10 -3.587386395874e-10
153 30 -5.282300162578e-10 1.822743757302e-10
154 30 -5.836079930577e-11 1.978937395186e-10
155 30 3.176684134536e-10 5.832214365260e-10
156 30 -6.371397132337e-10 7.881270099845e-10
157 30 -1.436827208559e-10 3.899965797704e-10
158 30 -5.657167695859e-10 -1.648626599745e-11
159 30 3.200684146808e-10 -3.152471170634e-10
160 30 5.627366884199e-11 -2.014674931643e-11
161 30 3.223836084127e-10 -7.241488506764e-11
162 30 -8.694522439373e-10 3.605001534384e-10
163 30 -1.115625936995e-09 -1.249990359090e-10
164 30 -6.844258365383e-11 2.738002245833e-10
165 30 5.529708939048e-11 -8.035955223527e-10
166 30 -9.085512034107e-11 -2.083744724190e-10
167 30 3.541465435881e-10 1.014853550452e-10
168 30 5.038654735944e-10 5.714956952876e-10
169 30 -2.534044233992e-10 3.338161023566e-10
170 30 -2.218195501251e-10 1.510365634790e-10
171 30 -5.776678299641e-10 6.657883104713e-10
172 30 -3.320809462010e-10 1.686663425475e-10
173 30 -2.037395139514e-10 -2.490483019177e-10
174 30 -8.529829169656e-11 1.721969558158e-10
175 30 -4.311711400119e-11 -7.621176312087e-11
176 30 -2.702703146526e-10 -2.247172790566e-10
177 30 3.279392214776e-11 3.437351884510e-10
178 30 2.790987498836e-10 5.556658701960e-10
179 30 2.926110120035e-10 5.265725876003e-10
31 31 -3.051888983742e-09 3.511655657274e-09
32 31 -2.424449511167e-09 -5.337584692597e-09
33 31 -5.222849296517e-10 3.950284700959e-09
34 31 -6.325305308569e-09 -1.991887095498e-09
35 31 7.142513851389e-09 4.133065193649e-09
36 31 -3.778395674332e-09 -2.272642187840e-09
37 31 2.923613724623e-09 -4.168192643897e-09
38 31 5.321359476303e-10 -2.070855000569e-09
39 31 3.295258779566e-10 -6.846251919921e-09
40 31 -6.230439211947e-09 1.765282628008e-10
41 31 4.663638343591e-09 -1.415969974648e-10
42 31 2.792378934188e-09 9.209101852439e-10
43 31 -4.970255226449e-09 -3.341437272629e-09
44 31 3.272875521455e-10 2.757084753932e-09
45 31 -5.658382322611e-10 -9.345882061003e-10
46 31 -9.009605951080e-10 2.182404202091e-09
47 31 -5.276304366652e-10 -9.106059977510e-10
48 31 -7.230337326140e-10 1.933702823976e-09
49 31 -1.727736491497e-09 -2.984661585057e-09
50 31 -4.535442317540e-10 1.707232943952e-09
51 31 3.178386671311e-10 -5.445390296494e-11
52 31 -9.550490782773e-10 -2.255564050041e-09
53 31 -3.473811063454e-09 2.399952993375e-09
54 31 -8.089112598793e-11 2.071197286662e-09
55 31 1.464287827676e-09 -3.836134286470e-11
56 31 -7.608475950319e-10 -1.779929702848e-09
57 31 -1.946370077603e-09 -3.255683256046e-09
58 31 -1.404618174866e-09 4.297033645363e-10
59 31 -5.215650907578e-10 -4.610982000903e-10
60 31 1.852213458469e-09 -1.981650075233e-10
61 31 1.537347107037e-09 5.122721459828e-10
62 31 5.710364288038e-10 -2.225635043073e-09
63 31 2.501636833369e-11 -5.940719892510e-10
64 31 1.636002957554e-09 1.825982346342e-10
65 31 3.114800113238e-09 -1.216742137077e-09
66 31 -2.312961033843e-09 3.877161854563e-10
67 31 -1.121327899063e-09 1.518167960083e-09
68 31 2.289020786194e-09 -2.171822817365e-10
69 31 1.115347690539e-09 -2.620560672485e-10
70 31 3.040036449813e-10 -5.674095728273e-10
71 31 5.648801407808e-10 3.438687475480e-10
72 31 2.048581179022e-09 -5.545860864691e-10
73 31 1.694431248455e-09 -2.205236367344e-10
74 31 -2.078879614433e-10 1.636423664100e-09
75 31 1.788930737157e-10 2.098029487236e-09
76 31 -7.593755709920e-10 -8.619962640436e-10
77 31 -2.154576916809e-09 4.146584147064e-10
78 31 -1.581529048466e-09 -3.144438914203e-10
79 31 2.014970179185e-10 -4.156202881755e-10
80 31 8.927673640952e-10 1.205984389438e-09
81 31 1.639238615741e-09 3.990031779262e-11
82 31 8.689741668121e-10 1.252703156863e-10
83 31 1.659785492749e-10 -1.535437573043e-11
84 31 -5.021213359634e-10 1.696223867978e-09
85 31 -1.660273283895e-09 2.104068490562e-10
86 31 -8.171547551414e-10 1.075939078203e-09
87 31 9.269620268766e-10 7.799060162717e-10
88 31 3.487705698027e-10 -1.022933434987e-09
89 31 4.254588048002e-11 1.812008802613e-10
90 31 7.911592640739e-10 1.280810668033e-10
91 31 5.444094459703e-10 2.563902488805e-10
92 31 -2.668067230048e-10 9.175135988557e-10
93 31 -4.894072228181e-11 8.310594184679e-10
94 31 9.812794946422e-10 8.525497424056e-11
95 31 -2.088708797680e-10 -1.665950566922e-09
96 31 1.011520746788e-10 -4.634495548447e-10
97 31 -6.829256263442e-10 7.105192846892e-11
98 31 1.974868749868e-09 4.458421200224e-10
99 31 5.368137951106e-10 1.130617416801e-09
100 31 1.296219782465e-09 2.632721771742e-10
101 31 -1.113691568072e-09 -4.232292930424e-10
102 31 -1.579914287775e-09 -9.323742902913e-10
103 31 -1.653583179694e-09 5.101445610443e-10
104 31 2.178764511586e-10 -5.909661173416e-10
105 31 1.861878070093e-10 -9.471570821812e-10
106 31 5.470977753236e-10 -1.445858722012e-09
107 31 -9.636078490556e-11 1.021059184065e-09
108 31 -6.257812823909e-11 3.836809111213e-10
109 31 -2.961043606002e-10 2.278624365555e-10
110 31 -6.485213574113e-10 -5.147130498137e-10
111 31 -1.204839399270e-09 -1.834034662451e-10
112 31 -6.521781474854e-10 -9.377494228722e-10
113 31 3.686942899096e-10 -2.177625516927e-10
114 31 1.520238326571e-09 4.011790896784e-11
115 31 6.430859608355e-10 1.230912327308e-09
116 31 3.612773637094e-10 3.108589225246e-10
117 31 -1.519184793746e-09 7.953140140854e-11
118 31 -1.105433454948e-09 -6.575380184839e-10
119 31 -4.553461087183e-10 -6.533136127823e-10
120 31 4.374182634706e-10 -1.533058117414e-09
121 31 6.485289652279e-10 8.275215388751e-10
122 31 5.285074576438e-11 8.047626123118e-10
123 31 6.094003690895e-10 1.808802178736e-09
124 31 -2.556088784026e-10 -1.056508675531e-10
125 31 -2.480438683429e-10 -4.143262395261e-10
126 31 -5.906574228294e-10 -9.586802924074e-10
127 31 -4.822312692483e-10 4.517936431130e-11
128 31 6.877540470213e-11 3.522582443829e-10
129 31 8.556590552740e-10 -1.431663281185e-11
130 31 1.216150567622e-10 5.547500954369e-10
131 31 2.687721379949e-10 -1.215125698963e-11
132 31 -2.581348667212e-10 -2.647555406833e-12
133 31 -5.871264730153e-10 -2.274645020023e-10
134 31 3.698740795565e-11 -4.490501991983e-10
135 31 5.603326758843e-10 -6.303790590766e-10
136 31 -1.420332751057e-11 -4.559616541458e-12
137 31 1.949972317612e-10 1.358359466364e-10
138 31 -2.708594059014e-10 7.028069560219e-10
139 31 -1.660353604259e-10 6.554641384193e-10
140 31 1.326614242039e-10 -4.954885658529e-10
141 31 -2.556638770535e-10 -7.019548596637e-10
142 31 -3.239186150932e-10 2.606502324060e-10
143 31 -1.960493257108e-10 2.250283173541e-10
144 31 5.779673175018e-11 5.292293770538e-10
145 31 4.208346357001e-10 2.668308216780e-10
146 31 5.291354979509e-10 2.522215275668e-10
147 31 -1.918249051334e-12 1.369693217994e-10
148 31 -5.250568227469e-10 -2.446904475860e-10
149 31 -6.997749214906e-10 4.144733623455e-11
150 31 -6.524664263559e-10 -3.102596717994e-10
151 31 -6.968745170160e-10 1.378158252792e-10
152 31 -1.719705655223e-11 -3.089005067198e-10
153 31 3.943429312489e-10 -2.099249552198e-10
154 31 6.630864462341e-10 2.844266246503e-10
155 31 3.193116596181e-10 6.275306842739e-10
156 31 -5.243262606140e-12 1.269708634969e-10
157 31 -2.894164651598e-10 1.965488010453e-10
158 31 -1.576831645993e-10 3.974027768488e-10
159 31 -1.058392985585e-10 -5.357034848870e-10
160 31 3.673729761036e-10 -2.659096423583e-10
161 31 2.118997308632e-10 -4.520481256860e-10
162 31 5.244604466739e-10 5.327762080826e-10
163 31 -3.322700994605e-10 3.595933414721e-10
164 31 1.038506708797e-10 5.128517651725e-10
165 31 -6.810804762217e-10 -4.015053230578e-10
166 31 3.523644627143e-10 2.261717396404e-12
167 31 -1.700679238756e-10 3.138959309162e-10
168 31 3.203150037613e-10 -2.074668673739e-10
169 31 -6.095252930385e-10 2.818964221305e-10
170 31 3.499142666815e-10 6.032211322900e-11
171 31 -2.424659832942e-10 -1.327878513664e-10
172 31 1.294417560533e-10 -3.486131120321e-10
173 31 -1.187375956833e-10 6.837451000971e-10
174 31 5.836291240627e-10 6.524503253113e-10
175 31 7.745288101188e-10 5.386229218956e-10
176 31 3.452253040401e-10 3.463004115985e-10
177 31 -4.581480569738e-13 5.063364023353e-10
178 31 -2.245220265178e-10 -1.912089150263e-11
179 31 9.098420505123e-11 2.164474999690e-10
32 32 3.609052503268e-09 6.068603322152e-09
33 32 -2.004014634754e-09 -6.287041407062e-09
34 32 2.787779744870e-09 -1.015936150530e-09
35 32 3.575557402901e-10 -7.523843869100e-09
36 32 1.587312378982e-08 -9.792011891430e-10
37 32 -5.291575309952e-09 1.487621556260e-09
38 32 -1.479566243708e-09 1.023359170257e-09
39 32 3.576967984329e-09 3.454857660282e-12
40 32 -3.569569915710e-09 -5.274794248432e-09
41 32 -4.145326818247e-09 5.512666417976e-09
42 32 4.796083359788e-09 3.983109660157e-09
43 32 -4.078505622320e-09 1.509671407354e-09
44 32 -1.976010524201e-09 -2.844440134672e-09
45 32 -6.599108314560e-10 -1.849008599095e-09
46 32 -2.657835556882e-09 -2.792859981005e-09
47 32 1.494790542944e-11 8.736426541833e-10
48 32 3.821236571988e-09 2.414615040856e-09
49 32 2.722147866424e-09 -2.407710981019e-09
50 32 -1.098791977599e-10 4.674289634288e-10
51 32 1.213763978419e-09 1.473957030507e-09
52 32 3.881720398915e-09 -3.229564468176e-09
53 32 3.756294377374e-10 -2.762309205545e-09
54 32 -2.930770421475e-09 -2.565423960196e-09
55 32 2.258078232145e-09 -1.394008239861e-10
56 32 2.889784089730e-09 -1.485871864080e-09
57 32 -6.074243938352e-10 8.772129392849e-10
58 32 4.118010110160e-10 2.265050192659e-09
59 32 -3.913672577304e-10 9.812703816887e-10
60 32 6.096268585668e-10 -4.766591331659e-12
61 32 -1.103439571146e-11 3.199631487826e-09
62 32 -2.296434128700e-09 4.496624801931e-10
63 32 -3.966448977571e-09 1.590923148509e-09
64 32 1.758372012327e-09 8.500292101226e-10
65 32 4.689332770079e-10 6.857896158125e-10
66 32 -1.323609497067e-10 8.530417169515e-10
67 32 -1.457460228769e-09 -8.560570875397e-10
68 32 -1.868866410755e-09 1.100869510415e-09
69 32 3.187617762422e-10 -7.982682233550e-10
70 32 -1.217759355158e-09 4.060903815323e-10
71 32 3.943486679626e-10 -2.014962644361e-09
72 32 -5.571308128775e-10 -7.836574535550e-10
73 32 -5.823944720184e-10 6.009103850632e-10
74 32 2.610346800233e-09 1.149097190311e-09
75 32 1.276706631364e-09 7.686914233144e-10
76 32 -3.356502064434e-10 -1.415052920169e-10
77 32 -2.197219200646e-09 -2.057702808838e-10
78 32 1.421029779868e-09 -9.421545340776e-11
79 32 2.925473931785e-10 -1.485155413762e-09
80 32 -6.456197054327e-10 1.045778485809e-10
81 32 -1.479613935940e-09 4.824237244328e-10
82 32 5.846168016815e-10 1.343005250565e-09
83 32 3.316122406241e-10 -5.036141437849e-10
84 32 -3.420666808662e-11 -3.004274714070e-10
85 32 -9.059994348116e-10 -2.280514364721e-10
86 32 -1.053802307461e-09 -6.576288108844e-10
87 32 -1.846245431143e-09 1.401299009944e-10
88 32 -1.160750276709e-09 2.426088058315e-10
89 32 -3.977800672979e-10 1.007717440460e-09
90 32 9.125755439055e-10 -2.895188670934e-10
91 32 3.269116836138e-10 -4.438273075545e-10
92 32 1.257667891926e-09 -9.935409904371e-10
93 32 -8.222953105312e-10 -2.204680956288e-10
94 32 1.756105917127e-11 5.361967822435e-10
95 32 -6.451279981255e-10 4.931285285025e-10
96 32 -7.728342894602e-11 -1.003109846783e-10
97 32 -1.277843596663e-10 -1.057298889173e-09
98 32 1.504507471520e-10 -6.493105781568e-10
99 32 7.222466858358e-10 8.009368331019e-10
100 32 -3.527518674115e-10 1.163321818081e-10
101 32 -1.655155838195e-10 6.759270538876e-10
102 32 -5.083599640268e-10 4.245721664899e-10
103 32 4.298247662550e-10 5.573400544009e-11
104 32 -4.476332371817e-10 -4.129052193626e-10
105 32 -4.886803595227e-10 -2.236588752442e-09
106 32 -4.457711424045e-10 3.325827068346e-10
107 32 6.854913406505e-10 -1.443988909040e-10
108 32 1.171877166882e-10 1.812999984924e-09
109 32 2.257812425662e-10 7.190109797065e-10
110 32 -1.685866285876e-09 3.475824228783e-10
111 32 -1.306706251281e-09 -1.661312732793e-09
112 32 -1.022961703455e-09 -3.044557350229e-10
113 32 5.716828473865e-10 1.034158426887e-10
114 32 1.269074563812e-09 -2.168981088621e-10
115 32 5.631986541432e-10 -7.510668709986e-10
116 32 -8.756775158895e-10 6.540615044937e-10
117 32 -4.439123139069e-10 7.662969305521e-10
118 32 -9.415844540045e-10 5.417959256190e-10
119 32 5.783627571369e-10 -1.480729994209e-09
120 32 -4.997245178372e-10 -5.336943010247e-10
121 32 1.077857232031e-09 -1.034542105904e-09
122 32 -4.656448625873e-10 8.824976135950e-10
123 32 -4.326621075247e-10 1.187607041811e-09
124 32 -3.018279027303e-10 8.131222450925e-10
125 32 -6.606027872358e-10 -4.970724571792e-10
126 32 -6.345024690536e-10 -6.618649979288e-10
127 32 1.199851323879e-10 -9.695317096140e-10
128 32 -4.205158957489e-10 -3.171310618089e-10
129 32 2.169163290036e-10 -4.798388747279e-10
130 32 -2.368913116721e-10 8.133918367738e-10
131 32 2.730895722134e-11 2.213284554807e-10
132 32 1.085174862637e-11 3.515016456718e-10
133 32 -2.403584258306e-10 4.275249068727e-10
134 32 2.036197308445e-10 -6.114886849105e-10
135 32 2.797345819473e-10 1.194741256006e-10
136 32 1.771480387222e-10 -9.501405595414e-10
137 32 -2.960274248682e-10 -3.683662702529e-11
138 32 1.278431415412e-09 -6.346081332507e-12
139 32 -2.149341814005e-10 7.593000484505e-10
140 32 3.316384843675e-10 1.150310543106e-11
141 32 -3.271197310942e-10 2.141707696617e-10
142 32 1.024405581263e-09 -5.462068024856e-10
143 32 1.909727946793e-10 8.351536663185e-11
144 32 8.406144586215e-12 -4.019036172187e-10
145 32 -9.979974033174e-11 1.795393408220e-11
146 32 3.246892933558e-10 -5.128316277119e-11
147 32 -2.089860226256e-10 2.864981842329e-10
148 32 2.212577560065e-10 2.440843852131e-10
149 32 2.631108903180e-10 2.190457056083e-10
150 32 1.152817805993e-10 6.229790226219e-10
151 32 -1.171122155242e-10 2.413679399110e-10
152 32 1.376644458672e-10 1.590464617437e-10
153 32 4.138756509042e-10 1.710031203090e-11
154 32 4.174445254271e-11 3.640989779081e-10
155 32 4.910090796732e-10 5.874674563819e-10
156 32 -1.145565351840e-10 -1.070005098947e-10
157 32 -4.189393397683e-10 -5.631910272546e-11
158 32 -2.715274504421e-11 9.324836494859e-11
159 32 1.272417408766e-10 -3.922706734503e-11
160 32 1.084403013043e-10 3.326407750504e-10
161 32 5.046899387357e-10 -6.409472918834e-11
162 32 5.489218498216e-10 9.068494378214e-10
163 32 1.329947339344e-10 4.241694617355e-11
164 32 -2.401951773782e-11 8.647685433553e-10
165 32 -5.289731391664e-10 1.095928892625e-10
166 32 4.107386294810e-10 -3.749860079707e-10
167 32 -6.325636280411e-10 -3.408495896914e-10
168 32 2.884784202389e-11 5.082157300575e-10
169 32 6.278776460092e-11 1.848277872845e-10
170 32 4.595776977168e-10 2.051888759336e-10
171 32 -8.430596087284e-11 -3.394082059445e-11
172 32 5.419505743198e-10 4.702106032601e-10
173 32 1.595942389512e-10 -2.029508643950e-10
174 32 -1.479087250656e-10 -3.331827094705e-10
175 32 -3.363653481117e-10 8.143377254516e-11
176 32 6.721307296407e-11 3.681121649938e-10
177 32 1.083798826080e-10 3.612188038862e-10
178 32 5.937492163294e-11 -3.509170437680e-10
179 32 1.224118341340e-10 -2.452854552252e-10
33 33 -1.025080879331e-09 3.162101722535e-09
34 33 2.763092309902e-09 4.974307735846e-10
35 33 -3.207732705486e-09 1.747256380108e-09
36 33 3.115326106586e-09 -1.161374573399e-10
37 33 4.608429428791e-09 -1.063307686066e-08
38 33 -8.750027810240e-10 9.286650875996e-09
39 33 -2.080827828942e-09 -1.560317722827e-09
40 33 2.143272612158e-09 6.192534148608e-09
41 33 -1.196707428378e-09 6.011205325866e-09
42 33 6.869035392539e-09 9.448599797518e-10
43 33 2.256149928196e-09 8.787612472021e-10
44 33 -2.585980916060e-09 -9.448193682314e-10
45 33 1.575708949809e-10 -9.977417221320e-10
46 33 8.866459034367e-09 -4.777319401706e-09
47 33 -3.098902590114e-09 5.363791113271e-10
48 33 4.551148090578e-09 1.685678986346e-09
49 33 7.527035318425e-11 -1.682840717152e-09
50 33 -1.197105326117e-09 -9.302276389940e-11
51 33 -2.081451508702e-09 4.535833931595e-09
52 33 5.659624980102e-10 1.528017294496e-09
53 33 -1.750354856998e-09 8.099547573977e-10
54 33 -8.144048206256e-10 8.825358701890e-10
55 33 3.412731079797e-09 6.783218509366e-10
56 33 2.352426377296e-09 -7.038672107029e-10
57 33 -1.203805874603e-09 2.118340334733e-09
58 33 -1.482557608469e-11 3.063721168070e-09
59 33 1.490477313862e-09 -1.113446828049e-10
60 33 -1.645867421818e-09 1.644769897654e-09
61 33 -2.446812030650e-09 2.819838203412e-10
62 33 2.014463349195e-10 3.538940436635e-10
63 33 -1.928521580987e-09 -2.356210971129e-09
64 33 -6.467860475079e-10 -2.710621971280e-09
65 33 -3.850292321307e-10 -4.739628605445e-10
66 33 -4.475310628841e-10 -2.301640932700e-09
67 33 -7.875858301326e-10 -4.821237667690e-10
68 33 1.387723640827e-09 1.452739868986e-09
69 33 2.922968349406e-09 -9.088945911404e-11
70 33 8.790768228683e-10 -1.095174726914e-10
71 33 -1.149979550576e-09 6.120224051032e-10
72 33 -1.941421012338e-09 1.065395165307e-09
73 33 7.184400690780e-11 1.023816892337e-10
74 33 8.728556108921e-10 -1.187761414886e-09
75 33 1.292511418175e-09 -8.974754264252e-10
76 33 3.039862405662e-10 -3.814869679692e-10
77 33 -3.765411815867e-10 -9.372659687415e-10
78 33 8.079631959877e-10 1.021379647335e-09
79 33 2.093304056903e-09 1.420515370181e-09
80 33 3.116212229917e-12 -3.288565441028e-10
81 33 -9.776121612903e-10 -3.141787669132e-10
82 33 -2.502195988651e-09 -7.842802652246e-10
83 33 -2.181777240545e-09 -9.452867548277e-10
84 33 -1.345572032647e-09 -2.347440843979e-10
85 33 1.721214596366e-09 6.944696296291e-10
86 33 2.014135289121e-09 2.770885342965e-10
87 33 -7.571315558924e-11 1.295224548576e-09
88 33 -7.714926657638e-10 -3.126423947271e-10
89 33 -2.029262727581e-10 -1.293548719256e-09
90 33 -1.150490871306e-09 -4.270495895698e-10
91 33 1.576853170438e-10 -1.703143763852e-10
92 33 -2.632245023552e-10 -6.850509116032e-10
93 33 1.027673584094e-09 -8.388223982788e-10
94 33 3.886142014156e-10 -2.995915005904e-10
95 33 1.187504597425e-09 4.634861783994e-10
96 33 -1.435957559649e-09 -4.065100814635e-10
97 33 -1.162140708332e-09 -6.460077203048e-10
98 33 -7.682709039089e-10 -5.692786768516e-10
99 33 1.050272909863e-09 9.176943494118e-11
100 33 1.334429525262e-09 -4.561693074293e-11
101 33 1.550383588508e-10 -9.103906180974e-12
102 33 -1.378125999203e-10 -6.171733292906e-10
103 33 -9.898787794757e-11 2.428421237123e-10
104 33 -8.704451067896e-10 2.676700638445e-10
105 33 -7.840260295918e-10 -1.924226523728e-10
106 33 -2.786068856404e-10 -2.946343476437e-10
107 33 -1.112065159019e-10 3.885599102867e-11
108 33 3.675566482171e-10 5.797156393091e-10
109 33 1.350349277736e-09 1.143421750926e-09
110 33 3.204997688652e-10 -2.992981583209e-10
111 33 -6.102999585203e-10 -3.887112323881e-10
112 33 -3.937071210391e-10 -4.792330622512e-10
113 33 -6.398395347103e-10 -5.408818957090e-10
114 33 5.895810849886e-10 4.634542165913e-10
115 33 -4.549402509731e-10 7.769716774189e-10
116 33 -3.673293445175e-10 1.288015876803e-09
117 33 -7.763602010693e-10 7.142087801523e-10
118 33 -6.825704186407e-10 3.207601379750e-10
119 33 -4.643608628052e-10 -1.716444077055e-10
120 33 4.373470814073e-10 -9.701846048003e-10
121 33 -4.688696463001e-11 2.617817197237e-10
122 33 -1.550426667028e-10 3.605997817571e-10
123 33 -2.460717208491e-10 8.286340542221e-10
124 33 5.001623758813e-10 7.628763461960e-11
125 33 -4.337305535515e-11 -3.940017499899e-10
126 33 -3.424831323104e-10 5.894815775815e-10
127 33 -4.467562020067e-10 3.309991152441e-10
128 33 -8.599541846031e-10 9.094426832794e-10
129 33 1.190446362418e-09 -6.017057493713e-10
130 33 2.551970630987e-10 -2.360017091570e-10
131 33 -1.361214161960e-12 -2.008050786341e-10
132 33 -1.336453893663e-09 7.725028625040e-10
133 33 -1.012313376250e-09 -1.387839188614e-10
134 33 -3.132604975383e-10 3.536218638298e-10
135 33 5.283340224503e-10 -7.587112779412e-10
136 33 1.070823942464e-10 -1.650822163998e-10
137 33 -2.621205083276e-11 -4.494835822963e-10
138 33 -1.784329537531e-10 1.317432417542e-09
139 33 -3.372810027753e-11 -2.090115206586e-10
140 33 -1.018395041458e-09 1.470270528837e-10
141 33 1.748992674363e-10 -4.153266427267e-10
142 33 -1.490228344285e-10 -3.344231058542e-10
143 33 -6.110656043340e-10 -9.906450947694e-10
144 33 1.975250609074e-10 -4.516025154683e-10
145 33 -6.280733422036e-11 -7.392037716127e-10
146 33 4.742106596592e-10 -1.135271727158e-10
147 33 -8.669800326198e-10 -2.193955249560e-10
148 33 1.750221586634e-10 5.555767330701e-10
149 33 -2.373062632104e-10 -3.749634187866e-10
150 33 3.731234256682e-10 7.510757546619e-12
151 33 -5.504796655906e-10 1.017625226938e-10
152 33 -6.522234046960e-11 -4.427882042236e-10
153 33 -2.888184817619e-10 -6.411878922004e-10
154 33 -2.837350371555e-10 -3.847464289603e-10
155 33 -3.736511482223e-10 -4.495716487708e-10
156 33 9.615296687983e-11 -1.498583546657e-10
157 33 -2.622702654798e-10 6.308674153713e-11
158 33 1.465326241497e-11 2.619404487595e-10
159 33 -2.844263832354e-10 -2.425468290319e-10
160 33 -1.468308442953e-10 1.091591428125e-10
161 33 3.724067814917e-10 -4.049797076274e-10
162 33 -1.880935679000e-11 2.676599889134e-11
163 33 -5.789254213336e-12 -1.762101716906e-10
164 33 -1.344836286788e-10 -5.588958197607e-11
165 33 5.196009364402e-10 -4.551792220762e-10
166 33 -6.192057531672e-11 1.699108711112e-12
167 33 1.117729621713e-10 6.723729478965e-11
168 33 7.765994765090e-11 6.588746355623e-10
169 33 -4.579747840797e-11 -1.245122670037e-10
170 33 -4.395256527075e-10 1.642570075969e-10
171 33 3.888521532732e-10 -2.046669946810e-10
172 33 1.250343694508e-10 1.809464836675e-10
173 33 9.133820260777e-11 -5.109298919379e-10
174 33 -4.668191932942e-11 -9.187248076181e-10
175 33 3.984031407097e-10 -4.199993821145e-10
176 33 -1.750481301777e-10 -4.653980242354e-10
177 33 -5.399131692110e-10 1.021391223353e-10
178 33 -3.005653742257e-10 6.352219449127e-10
179 33 1.799254824415e-10 -4.094798792184e-11
34 34 -3.987824547584e-09 -3.412317925784e-09
35 34 4.948738025578e-09 4.950338560959e-09
36 34 -9.975643591668e-09 2.267072321897e-09
37 34 -2.164592641436e-09 -4.182930160267e-10
38 34 -8.379974959445e-09 3.671420785488e-09
39 34 4.322402688184e-09 7.013556742568e-10
40 34 -2.047995656380e-09 2.466105472835e-09
41 34 -3.482003094690e-09 8.637986688994e-10
42 34 -1.814497138727e-09 9.355639788414e-09
43 34 1.278140481743e-09 -2.247026645737e-09
44 34 -5.145682511825e-10 2.609094042039e-09
45 34 -2.130297603479e-09 2.990519224883e-09
46 34 6.697112968000e-10 -1.720366757763e-09
47 34 2.386895812625e-09 2.147244240683e-09
48 34 1.917424946076e-09 4.291367124469e-09
49 34 2.818840619518e-09 6.144014686965e-10
50 34 -4.317474759949e-10 9.145015377312e-10
51 34 -5.424581613225e-09 7.644664515457e-10
52 34 1.042218467753e-09 1.989426724613e-09
53 34 -4.908860810283e-09 -2.597162533014e-09
54 34 -2.667521182047e-09 -1.219873019699e-09
55 34 3.790310490699e-10 1.614818498341e-09
56 34 3.494890310572e-09 4.716070611324e-10
57 34 -1.701727514136e-10 1.059483420397e-09
58 34 -1.140566499494e-09 6.900949824966e-10
59 34 1.616719151517e-09 -6.670574182119e-10
60 34 1.471441107948e-09 -3.562227840898e-10
61 34 1.040177774202e-10 -6.892239528755e-10
62 34 2.423559561184e-10 -3.259048613977e-10
63 34 2.726609462680e-10 8.562935498229e-10
64 34 1.004388245700e-09 1.026059799659e-09
65 34 2.282761243384e-09 -1.266546633302e-09
66 34 -1.271752985798e-09 -2.669263290598e-09
67 34 7.916925092671e-11 9.939692806057e-10
68 34 -9.107801514765e-10 2.344575050822e-09
69 34 2.174773598868e-10 1.666243841520e-09
70 34 5.567222780485e-11 3.914165488752e-10
71 34 -5.358665624169e-11 1.906509521346e-09
72 34 1.302301342477e-09 3.273020266813e-10
73 34 3.293163305593e-10 -2.968949197544e-09
74 34 9.114292797684e-11 -2.259185059595e-09
75 34 5.667522379181e-10 -5.164706829560e-10
76 34 1.475852932570e-09 -1.501616530490e-09
77 34 -1.617187148399e-09 -8.013363584453e-10
78 34 8.449790566664e-11 2.300288091186e-10
79 34 6.399821735619e-10 9.112390965365e-10
80 34 1.096289111859e-10 -9.939181023183e-10
81 34 -1.373461655538e-09 8.533471627859e-10
82 34 -1.062042333854e-09 1.008384244493e-09
83 34 8.909920699265e-10 -7.688457941057e-10
84 34 1.652296790156e-10 -1.782417292793e-09
85 34 -1.946935661786e-10 -7.380358223550e-10
86 34 -7.215105764085e-10 1.694795421806e-09
87 34 -1.719652156699e-09 1.095816760689e-09
88 34 8.659533798873e-10 1.122356048515e-09
89 34 5.873582568782e-10 -1.148204823899e-09
90 34 3.069558808942e-10 -1.106998377822e-09
91 34 -4.553041540642e-11 -8.657626163102e-10
92 34 3.219278022191e-10 -2.466976839416e-10
93 34 -3.675530396857e-10 6.325922891153e-10
94 34 -1.341310247476e-10 7.973351993796e-10
95 34 6.596789655223e-10 1.204598993512e-09
96 34 5.672039717093e-10 -6.047719718997e-10
97 34 -9.377650886055e-10 -2.940638331155e-10
98 34 -3.508797424964e-10 -3.311079656459e-10
99 34 -5.417134209026e-10 -3.839742566353e-10
100 34 7.046661435655e-10 2.272368440916e-10
101 34 -4.233204218064e-10 5.481324805853e-10
102 34 6.050304737295e-10 9.090669380311e-10
103 34 6.464683184739e-10 1.266249237832e-09
104 34 1.958552762945e-10 4.400275097030e-10
105 34 -4.463768450490e-10 -1.644088903926e-10
106 34 4.814235804570e-10 -7.635936522276e-10
107 34 7.121179915046e-11 -5.209997708653e-10
108 34 3.358165208408e-10 9.210278906875e-10
109 34 -5.525590542710e-10 4.428926134046e-10
110 34 -1.045215027093e-09 2.310235559358e-10
111 34 -8.580580758710e-10 9.250730945937e-11
112 34 8.129580338595e-10 4.391776064489e-10
113 34 3.801960587743e-10 3.435820852074e-10
114 34 4.915534438206e-10 -6.627156056767e-10
115 34 7.990707728175e-11 -2.413570956593e-10
116 34 -3.680790070636e-10 -2.334262730782e-11
117 34 -1.501046449080e-10 9.165477363445e-10
118 34 3.901080003873e-11 1.060849734585e-09
119 34 7.607125549334e-10 2.881849565435e-10
120 34 3.958693239304e-10 -1.094506802341e-09
121 34 4.003833524978e-10 -7.027927838605e-10
122 34 2.643767885835e-10 4.730377944957e-10
123 34 4.523290127736e-10 2.712441174781e-11
124 34 -7.608231446256e-10 3.850086055267e-10
125 34 1.723014175170e-10 -5.229965294548e-11
126 34 7.030737764101e-11 1.457917625490e-10
127 34 3.237647325101e-11 -8.438916725945e-11
128 34 -3.168412622326e-10 -1.903298553548e-10
129 34 4.974715442057e-10 -2.756130241028e-10
130 34 -2.156212634739e-10 -3.885421856641e-10
131 34 -2.709745776853e-11 5.252414124500e-10
132 34 -1.763287102963e-10 5.100191629200e-10
133 34 -4.465793630748e-10 1.517391306642e-11
134 34 -2.338551001388e-10 9.702817355927e-10
135 34 -3.765481646580e-10 3.073786425061e-10
136 34 8.099328160556e-10 1.387487681311e-10
137 34 7.574232083454e-10 -2.353500241968e-10
138 34 7.640933086018e-10 1.706185258292e-10
139 34 1.591663669323e-10 3.641113318933e-10
140 34 -3.170908394322e-11 -4.610109823224e-10
141 34 -7.797943518406e-10 -4.066839963412e-10
142 34 8.057277620716e-11 -8.768288552657e-11
143 34 -1.768220560223e-10 -1.051741861246e-10
144 34 7.255988678836e-10 -5.955970196970e-11
145 34 -5.529549396912e-10 3.623399962502e-10
146 34 -1.136993070448e-11 4.981550504067e-10
147 34 -5.400073161416e-10 2.317123850027e-10
148 34 3.420644988823e-10 -3.997848143204e-10
149 34 -1.131128300318e-10 -5.059095449378e-10
150 34 -1.004325164847e-10 2.610713831918e-10
151 34 -2.667549926647e-10 -4.456034675190e-11
152 34 -4.958500821563e-11 -3.476984379438e-10
153 34 -3.556654333458e-10 4.107490053959e-10
154 34 -1.375316354445e-10 8.458986596212e-10
155 34 -4.262303019148e-11 7.733070661399e-10
156 34 -2.676278380834e-11 4.338555257685e-10
157 34 6.670498740524e-10 2.137480343323e-10
158 34 -4.703174775415e-10 1.037374236499e-10
159 34 -1.017890974920e-10 7.946310461916e-11
160 34 -8.041458642611e-10 4.592906787781e-10
161 34 -2.375985309930e-10 6.940207304310e-10
162 34 -1.134639382259e-10 1.719669746433e-10
163 34 2.292213816596e-10 -2.089785663950e-10
164 34 -6.525380607313e-10 2.801793014057e-10
165 34 -8.228389012071e-10 6.943654280854e-10
166 34 2.593105552198e-10 6.107394734358e-10
167 34 1.040436954998e-11 1.506207199479e-10
168 34 3.201008354617e-10 3.000794740766e-10
169 34 -3.128462725620e-10 7.029336146365e-10
170 34 -2.745870626640e-11 1.137848282482e-10
171 34 -5.146991954709e-10 4.536595208400e-10
172 34 -3.836877821527e-10 -4.619460664229e-10
173 34 -5.323188581867e-10 3.056883880265e-10
174 34 -1.742245525942e-10 -3.986572783579e-10
175 34 -4.791356576019e-10 3.210502034033e-10
176 34 -1.319293007930e-10 -2.228546589006e-12
177 34 -1.845981301517e-10 8.657319276441e-10
178 34 -2.150086840895e-10 3.491672848514e-11
179 34 -3.518752535994e-10 1.377481751796e-10
35 35 -5.601671438599e-09 -6.265112540274e-10
36 35 4.666318119185e-09 -2.061344612233e-09
37 35 -5.050097048158e-09 -3.090631492946e-09
38 35 5.703912419545e-09 2.563204111040e-09
39 35 -8.899420845665e-09 4.773507650954e-09
40 35 6.944574341803e-09 -4.017243312187e-09
41 35 -7.355661597491e-09 -2.914017603988e-09
42 35 -1.776468827302e-09 -3.116335788553e-09
43 35 -8.933257327118e-10 -1.002546556682e-09
44 35 -8.278286988266e-09 -2.759432016405e-09
45 35 -4.482226410426e-09 6.777603398693e-09
46 35 4.883063351090e-10 -6.291137390458e-10
47 35 -1.925109810195e-09 1.149097790452e-09
48 35 -3.668708091754e-09 2.929955236634e-09
49 35 4.944575506308e-09 4.403473780492e-09
50 35 3.203877036483e-09 -1.536532459234e-09
51 35 1.126207106758e-09 2.916336624626e-09
52 35 2.632119448549e-09 4.179202366302e-09
53 35 1.157879491743e-09 -2.047394815862e-09
54 35 -4.479119962450e-10 -3.559292570103e-09
55 35 -1.546930299498e-09 -1.073584432163e-09
56 35 -8.834096776301e-10 -1.510327741519e-09
57 35 -3.016523978178e-10 -2.180538923774e-09
58 35 -2.092476613205e-09 -8.918861784524e-10
59 35 5.598469223173e-11 -2.904382999143e-10
60 35 1.401090080225e-09 -7.135819783706e-10
61 35 -1.826334717733e-09 1.431459636996e-10
62 35 1.856837215526e-11 -5.416847367669e-10
63 35 5.813196808079e-11 1.172000774827e-09
64 35 -2.829073584703e-09 5.643088332303e-10
65 35 -1.845021694450e-09 6.288827075030e-10
66 35 2.043700636668e-09 -1.947346641545e-09
67 35 -8.636394769762e-10 -6.390519541147e-10
68 35 6.496945930067e-10 2.549155055542e-10
69 35 -1.342311830566e-09 2.156501024452e-10
70 35 -2.833547277010e-09 -2.533074906936e-09
71 35 -2.106348766406e-09 1.246200554827e-10
72 35 1.369334300119e-10 1.435345438667e-09
73 35 3.605694885548e-10 -5.547789212227e-10
74 35 1.665516254212e-09 6.915857285731e-10
75 35 1.832997788486e-09 -2.932285146678e-09
76 35 -3.940651621246e-11 -3.005108195732e-09
77 35 -1.085282682850e-09 2.740709135757e-10
78 35 -1.606247892235e-09 1.306376718781e-09
79 35 -5.709777973294e-10 -8.463771437156e-11
80 35 -1.169395060694e-09 -1.093869775300e-09
81 35 -1.245193070635e-09 6.642896807833e-10
82 35 1.607961895595e-10 4.179636459450e-10
83 35 -2.967872048883e-10 1.822631724057e-10
84 35 9.081795636919e-13 6.032682095331e-10
85 35 1.273215396370e-09 1.618696680277e-10
86 35 6.836315345917e-10 2.213085127500e-11
87 35 -1.692828765126e-09 6.889198405680e-10
88 35 -1.742966152801e-09 -3.018274511784e-10
89 35 1.159512906720e-10 5.311161009761e-10
90 35 -2.123002279171e-10 1.865665229480e-10
91 35 -4.014144655733e-10 7.939030685230e-10
92 35 1.606113979148e-10 -5.372743303072e-10
93 35 3.329856459398e-10 -9.817364735942e-11
94 35 -1.018659455011e-09 -1.233192139886e-09
95 35 -1.291457769047e-09 1.098730038611e-09
96 35 -1.216959710683e-09 3.636335176943e-11
97 35 -6.887427580118e-10 8.360492021367e-10
98 35 3.583393677698e-10 -4.017252695800e-10
99 35 1.324414751019e-09 1.024124103747e-10
100 35 9.398570931093e-10 -4.738481583211e-10
101 35 -5.808320784953e-10 2.679469104626e-11
102 35 -1.498032536690e-09 1.532467089459e-11
103 35 -1.830749054207e-09 5.082141730384e-10
104 35 -8.783010406048e-10 1.439603770158e-09
105 35 -3.236420129671e-10 7.546383622458e-11
106 35 1.611596351763e-10 -6.281339058248e-11
107 35 7.420503050457e-10 4.923930170583e-10
108 35 1.277059876182e-09 7.178953459125e-11
109 35 2.153077260810e-10 5.561905136416e-10
110 35 9.041783793027e-10 2.090215254928e-10
111 35 -1.020096943136e-09 -7.036344730892e-10
112 35 -2.058892673309e-10 -6.241371336093e-10
113 35 8.188323577058e-11 -3.432366749110e-10
114 35 1.307574532526e-09 6.194167531871e-10
115 35 1.340443003309e-09 -1.456751856912e-10
116 35 6.523927008008e-10 5.269661027326e-10
117 35 -3.978079198825e-10 -2.056913375096e-10
118 35 2.432194854077e-10 3.634091501718e-10
119 35 -7.566468537261e-10 -6.827470562820e-10
120 35 3.251263407413e-11 -4.896601070610e-10
121 35 -3.264106234884e-10 2.481560083047e-10
122 35 3.690657124699e-10 1.475745839611e-10
123 35 -4.605980783174e-11 -2.361533489640e-10
124 35 4.873862279571e-10 4.265482251112e-11
125 35 2.727101571729e-10 -4.110720839826e-10
126 35 -7.600155484732e-10 5.788094765048e-10
127 35 -1.402480975570e-09 -4.175048953179e-11
128 35 -4.681707662796e-10 2.347967919695e-10
129 35 -2.484016384065e-10 -2.300406576539e-10
130 35 3.774695830128e-10 1.356121219968e-10
131 35 -1.227275373665e-10 7.000946404354e-10
132 35 3.517408848447e-10 1.212650692394e-09
133 35 -2.510174532356e-10 -2.123891532107e-10
134 35 2.040448429170e-10 -8.445321302632e-11
135 35 3.266700828727e-10 -9.103279718712e-10
136 35 2.111984183822e-10 -5.453579290910e-10
137 35 -4.695511673816e-10 -1.588441622621e-10
138 35 -3.903489239165e-10 4.085053427107e-10
139 35 4.464769405756e-10 -3.431187366833e-10
140 35 3.833016661060e-10 -6.083874780589e-11
141 35 1.192611988087e-10 -2.538958172913e-11
142 35 -3.161077098701e-10 -1.379936301514e-10
143 35 -5.086237509692e-10 -1.214028259665e-09
144 35 -2.393893606666e-10 -2.328499410946e-10
145 35 7.829186888595e-11 -4.007404471087e-10
146 35 3.744212528978e-10 -6.074297642751e-11
147 35 -8.634074234649e-10 -9.000743655147e-10
148 35 -4.436897786158e-10 -4.736526868310e-10
149 35 -3.826771674878e-10 -2.110056555603e-10
150 35 1.921176776778e-10 -3.818544412285e-10
151 35 -5.001111776198e-10 1.406178624940e-10
152 35 3.716163422461e-10 -2.704949483777e-10
153 35 -7.359838686091e-11 -8.476561586845e-11
154 35 -1.807474010315e-10 -5.321751539635e-10
155 35 -5.107034618334e-10 2.626972392240e-10
156 35 1.639119410503e-10 7.223992850269e-10
157 35 8.284103709276e-12 -1.641364270943e-10
158 35 -1.592254481289e-10 -8.824487182456e-11
159 35 -1.169638473283e-10 -8.109636898544e-10
160 35 1.654209752086e-10 -2.558351534072e-10
161 35 -1.243330646544e-10 -2.559521427878e-10
162 35 3.462791722030e-10 2.955795990327e-10
163 35 -2.833482037709e-10 4.216270043715e-10
164 35 -1.803664631877e-10 4.759519586530e-10
165 35 -6.101836283097e-11 -2.454783658096e-11
166 35 3.206818650649e-10 1.364900963730e-10
167 35 9.988680500118e-11 -6.351760416295e-10
168 35 1.334863734656e-10 1.167484823533e-10
169 35 -1.570445350075e-10 -4.985771743170e-10
170 35 -9.139039138855e-12 5.621004450417e-10
171 35 -2.859196456363e-10 3.446414454217e-10
172 35 5.239081623922e-10 7.966401748200e-10
173 35 2.450883962564e-10 -2.762381243516e-10
174 35 3.951685360829e-10 2.975882573351e-10
175 35 1.012939235529e-11 -8.841610749165e-11
176 35 5.385468242468e-10 9.351980518821e-10
177 35 3.236355084745e-10 -2.613908323010e-11
178 35 -1.936312347020e-10 5.378107087814e-10
179 35 -2.140463582762e-10 -2.759360242103e-10
36 36 1.215234812917e-10 -1.509585539169e-09
37 36 -1.773882449340e-09 -5.403330683125e-09
38 36 -6.270203543532e-10 -3.542128917768e-09
39 36 2.121807507965e-09 3.286929215912e-09
40 36 1.173374352786e-09 6.830185850453e-09
41 36 6.438612978917e-10 -4.801436850925e-09
42 36 3.390721848242e-09 9.971906635160e-10
43 36 1.409764671592e-09 -4.865955235216e-10
44 36 8.012672283955e-09 -2.562978311197e-09
45 36 -4.303043026765e-09 5.775978584846e-09
46 36 8.504010456635e-10 -1.474127628605e-09
47 36 4.476918288174e-09 -7.260193231003e-10
48 36 -3.301179494531e-09 -9.810676791754e-11
49 36 -1.702718538322e-09 2.421143008933e-09
50 36 -4.399608300960e-10 -2.160859351756e-09
51 36 -2.256002984771e-09 1.107466240294e-09
52 36 4.064472964621e-09 2.009888312304e-09
53 36 1.989559360625e-09 2.511806788753e-09
54 36 3.690257173727e-10 -3.948127138881e-09
55 36 9.184668362612e-10 1.673189059678e-09
56 36 3.371818296781e-09 -1.891236742819e-09
57 36 -2.210795188573e-09 -3.003471597318e-09
58 36 -1.203539057865e-09 -1.671001199171e-09
59 36 2.330878888628e-09 7.209574361549e-10
60 36 1.167794362067e-10 -1.725203761474e-09
61 36 -4.317558037843e-10 1.222609914562e-09
62 36 3.734856004676e-10 3.103636937884e-09
63 36 1.938141833267e-09 -2.365270683141e-09
64 36 -9.300191448909e-10 -4.620737987217e-10
65 36 -1.351373796943e-09 -9.437669967191e-10
66 36 1.731552477622e-09 -1.004727507263e-09
67 36 6.135083819033e-11 -1.820635076018e-10
68 36 -2.158698071606e-11 2.533756286572e-09
69 36 1.735102977558e-09 2.414844304493e-09
70 36 1.349475376613e-09 -2.090444960840e-09
71 36 -1.225369328482e-09 -2.792970091733e-09
72 36 -1.482956079549e-09 1.087472768812e-09
73 36 -8.562031699791e-10 1.425947727179e-09
74 36 -1.028146076721e-10 7.680365117416e-10
75 36 -4.184327814743e-10 -4.036924606489e-10
76 36 6.565400633270e-11 -1.916944348200e-11
77 36 2.183644958921e-09 -9.234416446173e-10
78 36 -1.285309984866e-09 4.347558181183e-10
79 36 -8.580879439197e-10 -3.577959467836e-10
80 36 1.645401043632e-10 -3.187641994700e-10
81 36 6.428201362754e-10 2.742775465148e-10
82 36 4.223486760992e-10 3.096203837267e-10
83 36 4.470003932491e-10 1.535106726577e-09
84 36 3.392847713134e-10 6.359537105231e-10
85 36 1.583692842244e-10 -9.245818245446e-10
86 36 -4.729846103393e-10 3.337035252798e-10
87 36 1.051070400889e-09 -3.532056226533e-10
88 36 -6.632463502345e-10 4.748132526893e-10
89 36 8.518932818511e-10 -4.015030603708e-10
90 36 -1.577003038065e-10 -4.971241059263e-10
91 36 -1.321834264452e-09 2.091738705020e-10
92 36 2.645456113017e-11 1.211398911188e-09
93 36 8.037954159295e-10 -1.035588280760e-09
94 36 -5.023298486055e-10 1.394169931052e-11
95 36 1.039104082582e-09 -1.682541532656e-09
96 36 -4.950619433790e-11 -6.008856755763e-10
97 36 1.114981031375e-10 -1.033959485820e-09
98 36 -1.187843423778e-09 1.553715215696e-09
99 36 2.211977460169e-11 -6.043176515079e-10
100 36 -9.192948849901e-10 4.393065569943e-10
101 36 9.515715267799e-10 -2.510639449554e-10
102 36 1.610413839909e-10 4.209847548694e-10
103 36 -3.490189297491e-10 -5.239449200691e-10
104 36 -3.298252726812e-10 -8.135869715968e-10
105 36 5.805127228810e-10 -1.296198282873e-09
106 36 3.664505949332e-10 3.749705220660e-10
107 36 5.313654996911e-10 1.220019459748e-09
108 36 -2.988462350374e-11 1.111703092006e-09
109 36 3.218993115781e-10 4.463509263071e-10
110 36 -5.444302553749e-10 -5.791524068483e-10
111 36 -1.156601492243e-10 -2.731130369920e-10
112 36 1.352514289190e-10 2.383483789379e-10
113 36 9.843839269956e-10 -1.225097577783e-10
114 36 3.456137772299e-10 -2.264986733098e-10
115 36 7.623808157263e-10 -2.545892012188e-10
116 36 -9.640484461755e-11 -6.597886964118e-11
117 36 -1.822596063929e-10 3.936226957815e-10
118 36 -8.063642010851e-10 -8.851195250202e-11
119 36 1.000676456021e-09 -4.883320464110e-10
120 36 2.579331054658e-10 -6.059912606914e-10
121 36 4.834002984295e-10 -1.746054147471e-10
122 36 -7.545090898199e-10 6.779732606243e-11
123 36 -3.757932177141e-11 4.804648687428e-11
124 36 -4.389821776132e-10 4.235704096381e-10
125 36 3.823141599709e-10 7.490584170883e-10
126 36 -4.152616598936e-10 -5.441598608484e-11
127 36 -7.714772369752e-11 -7.633616481123e-11
128 36 2.394530982402e-10 -2.013890165194e-10
129 36 4.321499782040e-10 -6.457003517445e-11
130 36 -8.787788336222e-11 -9.481094140600e-11
131 36 3.278343455921e-10 -6.827209181544e-10
132 36 2.419835426386e-10 2.087935940900e-10
133 36 1.757717209121e-10 3.580239177429e-10
134 36 -8.597156810923e-10 6.063679743547e-10
135 36 3.336758252599e-10 -4.060781417883e-11
136 36 7.614529493789e-11 1.210803711744e-10
137 36 1.650322349512e-10 -2.222885117388e-10
138 36 -1.803793837822e-10 6.241357337721e-10
139 36 -6.947335070018e-10 -2.240438790244e-10
140 36 -9.410896957079e-11 1.797535589081e-10
141 36 -2.678943783281e-10 -5.067532467999e-10
142 36 1.130593543856e-09 7.627795175959e-11
143 36 4.275728705604e-10 -7.475243267936e-10
144 36 6.766802224575e-10 -1.744681583901e-10
145 36 -2.885907752562e-10 -4.165218010727e-10
146 36 -5.609419124441e-11 1.446061349580e-11
147 36 -7.586367147210e-10 3.554150343152e-10
148 36 3.745261713896e-10 3.448104950914e-10
149 36 -5.253642398489e-10 6.125254202762e-10
150 36 -4.304318728421e-10 -4.054710655331e-10
151 36 -7.701890543228e-10 -6.718822989871e-11
152 36 3.859487946138e-10 -2.145007022642e-10
153 36 -3.301001540162e-10 4.342042290086e-11
154 36 1.164870379528e-10 -2.744687225571e-10
155 36 -2.644713957485e-10 3.632748956892e-10
156 36 4.860906035276e-10 -1.328327746049e-10
157 36 -5.352045795139e-10 3.706290793498e-10
158 36 -1.969925883698e-10 -1.238583607675e-10
159 36 -1.243716592381e-10 5.822137551914e-10
160 36 -9.368882426618e-11 -4.840596024888e-11
161 36 -1.604499092244e-10 2.519514494452e-10
162 36 1.704858059792e-10 5.538181825805e-10
163 36 2.786062149383e-10 3.122142508480e-10
164 36 -2.836236619216e-10 2.745697250607e-10
165 36 -1.135888106100e-09 4.132441643262e-10
166 36 -3.948956449360e-10 2.591642478216e-10
167 36 4.931457943571e-11 1.850914664212e-10
168 36 -6.986748503097e-11 2.552621480011e-10
169 36 -1.103880168397e-10 6.603042252471e-10
170 36 2.210925826980e-10 1.144783329626e-11
171 36 -2.707946677002e-10 5.486553233537e-10
172 36 3.381852832782e-10 -9.858259212321e-11
173 36 2.515384091305e-11 1.859619570982e-10
174 36 -2.123549876748e-10 1.831107295632e-10
175 36 -2.398054566532e-10 1.607916824990e-10
176 36 -8.923247035106e-11 1.351844650318e-10
177 36 2.385535386599e-10 7.536008697849e-12
178 36 -5.065543714315e-11 -2.050983005930e-10
179 36 -2.195830791199e-10 -4.931374984506e-10
37 37 4.363053589615e-09 -3.766115582578e-10
38 37 -2.568303009487e-09 -2.650866742793e-09
39 37 -1.291927780770e-09 -5.342863697900e-09
40 37 -5.782310877337e-09 1.798409781035e-09
41 37 1.290902147097e-10 -5.827829478580e-09
42 37 -4.035651846855e-09 5.859292049087e-09
43 37 1.950513764234e-09 1.496756455720e-09
44 37 3.071927219994e-09 5.353127634616e-09
45 37 -8.083173720398e-10 6.022754615005e-10
46 37 3.213731785260e-10 5.866605602188e-09
47 37 2.333065127296e-09 -6.689610843258e-10
48 37 -1.349725503697e-09 -3.376506025658e-09
49 37 -3.503309746716e-10 3.278008631814e-09
50 37 1.023319738425e-09 -2.023804620671e-09
51 37 -1.624231456158e-09 -3.505826481743e-09
52 37 -5.320935919142e-09 1.593095768819e-10
53 37 1.222999406676e-09 1.153721942405e-09
54 37 6.299024398113e-10 1.000733713294e-09
55 37 -2.937950759886e-09 -1.572819961590e-10
56 37 1.960211366400e-09 1.522048066307e-09
57 37 -2.389082063800e-10 1.049827081533e-09
58 37 9.006589472459e-10 -1.867163295451e-09
59 37 -7.735868887672e-10 2.185050617535e-09
60 37 -2.423466885891e-10 1.641328934010e-09
61 37 -5.308395648631e-10 1.331205394488e-09
62 37 1.338737715170e-09 1.028143865588e-09
63 37 5.837586991222e-10 1.116084664680e-09
64 37 1.502441110543e-09 -1.625766865725e-10
65 37 1.266142427516e-09 -2.523971197274e-09
66 37 6.879204722403e-10 -6.884217972438e-10
67 37 -1.507716969307e-09 1.012248681406e-11
68 37 -3.123122015120e-09 8.963811913254e-10
69 37 -2.363798808128e-09 1.820175601966e-09
70 37 -1.674792314020e-09 -1.743080173065e-10
71 37 3.029347501524e-10 8.430200364449e-11
72 37 -6.796977279017e-11 5.962843389087e-10
73 37 1.117684567062e-09 1.243362128302e-09
74 37 -2.723558332167e-09 -1.079606915758e-09
75 37 -1.048102845189e-09 5.851397822437e-10
76 37 4.325758275865e-10 -7.539918703416e-10
77 37 -5.423446362971e-10 1.232855268439e-10
78 37 8.608721078959e-10 9.715440717415e-10
79 37 -3.521854039892e-11 -1.412555318091e-09
80 37 1.414069132574e-09 -2.984468305970e-09
81 37 -2.027478775127e-09 -1.892361871548e-09
82 37 -1.202149447711e-09 1.303685288688e-09
83 37 -1.103244747736e-10 3.172124592930e-09
84 37 2.475004962599e-10 -2.137352026529e-10
85 37 -9.285786303066e-10 -3.906895655527e-10
86 37 1.222145898276e-09 3.338395174127e-10
87 37 1.153325795274e-09 -3.781006826490e-10
88 37 7.286083962347e-10 -1.653266229565e-10
89 37 -1.887455163825e-10 1.552200873620e-09
90 37 -5.013478997951e-10 1.395455521028e-09
91 37 -8.073351980202e-11 1.630799161239e-09
92 37 -2.308867557619e-10 7.973185695182e-10
93 37 -1.315131155138e-09 -4.041770077098e-10
94 37 8.593936115462e-10 4.407399007075e-11
95 37 -4.254028377229e-10 6.123753087955e-10
96 37 3.712931926672e-10 4.423543946036e-10
97 37 1.402932501092e-10 2.389824428450e-10
98 37 1.185638043567e-09 -3.373994181757e-10
99 37 1.342910477956e-10 -1.211172339356e-10
100 37 -4.820065073406e-10 -1.039475152766e-10
101 37 -1.013087753289e-09 4.304301144154e-10
102 37 -1.904945648068e-10 1.022828166017e-09
103 37 -4.582920988037e-10 1.457167432113e-09
104 37 2.849448563894e-10 6.409411590184e-10
105 37 3.012839547022e-10 4.238072978432e-10
106 37 1.262527579785e-09 4.296753016705e-10
107 37 -3.755340550814e-10 8.374258028451e-10
108 37 7.887125994813e-10 7.283416451056e-10
109 37 8.452624291888e-11 6.193404740432e-10
110 37 -1.658644985770e-10 1.145696402181e-10
111 37 -4.269600690801e-10 1.060486116883e-10
112 37 5.947887002767e-10 -4.119307739088e-10
113 37 7.002683824459e-10 3.236303590378e-10
114 37 1.221914470174e-09 2.696990004119e-10
115 37 6.485655516241e-11 -2.843181801951e-10
116 37 6.240442061169e-12 3.312717998344e-10
117 37 -3.637825147831e-10 1.120502556965e-10
118 37 3.314804066940e-10 -1.126384416023e-09
119 37 -1.391522834649e-10 -1.058261621195e-09
120 37 8.846346138137e-10 -1.664407803312e-10
121 37 -1.257385554719e-09 4.877986670458e-10
122 37 -9.199911535634e-11 5.174486524737e-10
123 37 5.863113680325e-11 3.250492249797e-10
124 37 9.104377811456e-10 -3.123915612427e-10
125 37 -2.310448122126e-11 1.150973650933e-10
126 37 -3.437904181309e-10 -2.736027079129e-10
127 37 -4.895788861896e-10 -1.352890621207e-09
128 37 9.539131247841e-10 -6.891461675853e-10
129 37 9.286792013886e-11 -1.112066868318e-09
130 37 1.527238087766e-10 3.027744186724e-10
131 37 9.978152009972e-11 5.381776569333e-10
132 37 -1.564664117819e-10 3.303417255941e-10
133 37 -8.211717036878e-10 2.654894946294e-10
134 37 -1.417110618386e-10 -3.470897480324e-10
135 37 3.670572792875e-11 -1.533850702853e-10
136 37 3.672587936339e-10 -3.485301117360e-10
137 37 -1.723193589414e-10 -1.899507215845e-10
138 37 -1.789825160362e-10 5.084185828954e-10
139 37 -9.609979285784e-11 6.103896012139e-11
140 37 7.231329373918e-10 1.863781839316e-10
141 37 -2.526610312706e-10 -8.638526677957e-10
142 37 -5.822421437473e-11 -4.030437285081e-10
143 37 1.508005287927e-11 -5.523699522374e-10
144 37 -1.335414204529e-10 -7.739966874940e-11
145 37 -2.894516749653e-10 1.760706393951e-10
146 37 -3.111389004712e-11 2.502417676596e-10
147 37 -6.636188981910e-11 -3.468524379929e-10
148 37 -2.379606354771e-10 -4.783807964976e-10
149 37 -5.735650973494e-10 -6.373162042207e-10
150 37 -1.232320522636e-10 2.428483564594e-10
151 37 4.746960770808e-10 1.544727994531e-10
152 37 -8.416476929575e-13 -7.795553236196e-11
153 37 5.611381353022e-10 -2.489673546072e-10
154 37 -2.437323657460e-10 -4.304546323881e-10
155 37 3.414119462785e-10 4.881048659760e-10
156 37 -3.889582058819e-10 2.900098979441e-10
157 37 -2.571720088379e-10 7.641702311013e-10
158 37 -6.427824546141e-10 -3.733348347255e-10
159 37 -5.661301155475e-11 -5.951871885704e-10
160 37 3.318533124197e-11 -4.082381905985e-10
161 37 1.570450340948e-10 1.241353023690e-10
162 37 4.012614631217e-10 1.208651424277e-10
163 37 5.243360422409e-11 -3.857448985813e-10
164 37 -5.279806607370e-11 -5.997412195144e-10
165 37 -4.151954963272e-11 3.314813412647e-10
166 37 1.130653277111e-10 -3.060839192363e-11
167 37 -3.891959759569e-11 1.522554123073e-10
168 37 -2.135917869539e-10 -3.631925586166e-10
169 37 2.688653258781e-10 4.929259641761e-10
170 37 3.928217113244e-10 3.981958266791e-10
171 37 2.572720548654e-10 4.242468740137e-10
172 37 -1.740637121651e-11 1.495901706849e-10
173 37 1.520346484034e-10 -4.111969651706e-10
174 37 2.592341787519e-10 -7.149648188156e-10
175 37 1.445251347288e-11 4.007163304568e-10
176 37 -2.699612246682e-10 2.182345495501e-11
177 37 2.507836101309e-10 6.452320236411e-10
178 37 8.402081106042e-11 -1.740839763086e-10
179 37 8.272749405508e-11 -7.369471061876e-11
38 38 2.710441307498e-09 -1.276687498331e-09
39 38 -2.218140801202e-09 7.775653409235e-09
40 38 1.873537738451e-09 -2.171269329833e-10
41 38 -7.190320146890e-09 -9.795288628745e-10
42 38 9.120156788322e-10 -8.854719718184e-09
43 38 -4.858097508799e-09 6.275925154643e-09
44 38 4.094349509836e-09 -3.401195872987e-09
45 38 -1.515832483432e-09 1.153009724050e-09
46 38 -4.056238769706e-09 -1.521289222474e-09
47 38 1.664821571499e-09 -1.261318846074e-09
48 38 -4.871230178385e-09 -3.084867990871e-10
49 38 8.877010921332e-10 1.030143239100e-09
50 38 5.853471216727e-11 1.329058240173e-09
51 38 3.455548418568e-09 -4.425792160362e-10
52 38 -4.522964578922e-10 3.303078864141e-10
53 38 2.397529688463e-09 -1.401835380888e-09
54 38 -2.012393730570e-10 -2.012393598007e-09
55 38 -2.540074390105e-09 -2.574371426458e-10
56 38 1.283848907488e-09 2.355361147287e-09
57 38 2.980525542333e-09 1.233685577143e-09
58 38 -2.085383692735e-09 -2.574658980540e-10
59 38 -7.802035116568e-10 3.346429421750e-09
60 38 2.370379046381e-10 -1.169035987453e-09
61 38 -1.300401674205e-09 -3.580864563444e-09
62 38 -2.580003776188e-09 6.814110416532e-10
63 38 1.147237732219e-09 -6.006824276577e-10
64 38 1.175052482320e-09 -2.073389155401e-09
65 38 -4.963455470155e-10 9.758113555725e-10
66 38 8.184273915287e-10 2.363821354333e-09
67 38 1.478879185826e-09 2.624269048632e-10
68 38 -1.377307508611e-09 -2.098914065354e-10
69 38 -8.844669230122e-10 -5.282582557155e-10
70 38 2.313355049338e-10 -1.667237815425e-09
71 38 1.169799247461e-10 -1.291105176895e-09
72 38 3.200954809991e-10 2.356229628172e-10
73 38 1.851690290323e-09 2.950031768270e-09
74 38 1.979151963063e-09 7.560022884101e-10
75 38 9.173889967542e-11 -7.339214968343e-10
76 38 -4.019508353658e-10 1.332933783975e-09
77 38 -5.982010726919e-10 5.140068893877e-10
78 38 -3.389610329849e-10 1.047297920108e-09
79 38 -1.221863589441e-09 8.791192235070e-10
80 38 5.571367711833e-10 -5.349334698549e-10
81 38 4.241630852630e-10 -1.883064583999e-09
82 38 7.594253007344e-10 -7.497808575531e-11
83 38 7.165465810103e-10 2.480635285375e-10
84 38 -1.477663867044e-09 1.024925079287e-09
85 38 -1.209276131394e-09 1.470650052388e-09
86 38 1.016177840896e-09 4.181966968420e-10
87 38 1.005496028968e-09 6.471727353243e-10
88 38 8.542727623673e-10 7.743462117650e-10
89 38 7.064511686459e-10 2.384844863064e-10
90 38 -6.525224249360e-10 -7.088901051116e-10
91 38 -1.096089260949e-10 -2.013441008498e-09
92 38 -9.796030509702e-10 7.190285964524e-11
93 38 2.414141201987e-10 8.823420724051e-11
94 38 -4.003815229457e-11 -1.496326126415e-09
95 38 -9.728391961742e-10 -3.360818238461e-10
96 38 -2.218559756659e-10 1.772076865129e-09
97 38 -4.496168506431e-10 7.807534058403e-10
98 38 -1.093442260258e-09 3.624829973762e-10
99 38 -6.741113978636e-10 3.773788829550e-10
100 38 6.678020639069e-10 -3.554095567926e-10
101 38 8.327542335884e-10 -2.669034276757e-10
102 38 4.582553849272e-11 1.605632052631e-10
103 38 -4.663128315428e-10 -3.199344720609e-10
104 38 1.408407405141e-10 1.957976956294e-11
105 38 5.018406790179e-10 8.128794802921e-10
106 38 8.277463364127e-11 4.616376881584e-10
107 38 -5.044386327266e-10 1.396756049888e-10
108 38 4.200531918053e-10 -1.204796175747e-09
109 38 -8.919156397812e-11 -8.486402831929e-10
110 38 1.872952409968e-10 4.901500894548e-10
111 38 1.693353658624e-09 -4.457153790881e-10
112 38 4.928562980497e-10 4.112149850735e-10
113 38 5.117200409572e-10 2.844163101659e-10
114 38 5.272093814559e-10 -7.129479288334e-10
115 38 -7.268391074272e-10 -1.345712580287e-10
116 38 -5.390781999902e-10 -5.228223398342e-10
117 38 -1.151813827265e-09 2.677091429123e-11
118 38 1.341863945222e-10 -1.229332743727e-10
119 38 3.175853070429e-10 -5.051174781509e-10
120 38 1.200601721584e-09 -3.829446293738e-10
121 38 3.148492187450e-10 -7.571932352166e-11
122 38 -1.403592076508e-10 9.103304676483e-11
123 38 2.924957487714e-10 1.290341562297e-10
124 38 -4.432999136266e-11 -1.287122302340e-10
125 38 -5.560988645202e-10 -7.191106121426e-10
126 38 -1.234888342758e-10 -8.487204484400e-10
127 38 6.451405939031e-10 -1.425987344337e-10
128 38 3.458458314706e-10 -1.621583076269e-10
129 38 1.021053059560e-10 5.058193750332e-10
130 38 -4.885646191929e-10 -1.595865444384e-10
131 38 1.529355926455e-10 -2.796618772835e-10
132 38 -6.221439740331e-10 2.513723254199e-10
133 38 -3.377268346744e-10 4.276182268331e-10
134 38 -3.553345883350e-10 -8.624926148858e-11
135 38 6.487389678129e-10 -1.095934599496e-09
136 38 4.953544345335e-10 4.265263709268e-10
137 38 1.250123145104e-09 -1.890740388267e-10
138 38 2.305197219705e-10 8.828886407637e-10
139 38 -6.112640323523e-10 -2.688681112163e-10
140 38 -1.209754440566e-09 4.780476634490e-10
141 38 -7.573800577403e-11 -2.882181288695e-10
142 38 -3.045761469435e-10 2.531154740505e-10
143 38 3.694107162628e-12 -1.852513335122e-10
144 38 -1.619446101149e-10 1.362607748155e-11
145 38 -4.977763777032e-10 7.982975738321e-11
146 38 5.389997035115e-11 -1.559207367280e-10
147 38 -3.463125481087e-11 -2.063264375029e-10
148 38 1.377245342925e-11 -2.572761838645e-12
149 38 -3.856029491123e-10 1.904882326699e-10
150 38 1.117485261130e-10 -4.437356217129e-10
151 38 -5.245640710477e-10 2.684026458253e-10
152 38 1.769458395396e-10 7.640227232262e-10
153 38 1.124981944576e-10 9.294343374366e-10
154 38 1.642328460198e-10 5.813790914594e-11
155 38 -4.539312463125e-10 4.263553623692e-10
156 38 2.758997068013e-10 4.382095060092e-10
157 38 -3.189910898488e-11 3.466922559440e-10
158 38 1.021060411449e-10 -9.052557023473e-10
159 38 -6.597641794770e-10 7.724694066231e-11
160 38 -2.352172020842e-10 -2.245208035306e-10
161 38 -7.534944185906e-13 6.634707673430e-10
162 38 -4.056012970781e-10 -8.647024955465e-11
163 38 1.486622692675e-10 5.276521352451e-10
164 38 -5.272857900135e-10 4.988528823025e-11
165 38 -3.858642925324e-10 3.672784004998e-10
166 38 -7.548744553145e-10 1.902527515400e-12
167 38 2.183310180647e-10 2.369968397482e-10
168 38 1.706161732565e-10 -4.875579711309e-10
169 38 -2.664430528098e-11 2.080436997593e-10
170 38 -6.977971200491e-10 3.927694562886e-10
171 38 2.182634665321e-10 1.024891535512e-09
172 38 -1.097500149424e-10 3.527001154459e-11
173 38 5.364668840909e-10 -1.977535031498e-11
174 38 -1.864244167027e-10 -7.580322312402e-10
175 38 2.895499734036e-10 3.928621618947e-10
176 38 -5.934725298356e-10 -3.023106340058e-10
177 38 8.136177890800e-11 3.732338562132e-10
178 38 9.727055548989e-12 -3.795816723966e-10
179 38 -8.879288118402e-11 7.534174106536e-11
39 39 -5.439233515679e-10 -2.816090033377e-10
40 39 2.812205575908e-09 2.209491123681e-09
41 39 -3.781345304078e-09 2.377701000010e-09
42 39 4.546145941013e-09 5.721451489037e-09
43 39 9.091347306506e-11 -2.446902321523e-09
44 39 3.618614179296e-09 1.634225312335e-09
45 39 -3.995279179856e-09 -6.133739200330e-09
46 39 2.974713511940e-09 4.112857573442e-09
47 39 -2.832126827043e-09 4.725899085566e-09
48 39 2.678712742385e-09 -5.585097270809e-09
49 39 1.999153435376e-10 4.160505983863e-09
50 39 -1.319129326998e-09 4.941280394221e-09
51 39 2.694588022727e-09 -8.901171637545e-10
52 39 -4.784864930068e-09 -9.267261697846e-10
53 39 1.974979088303e-10 2.767119057356e-10
54 39 3.381867804722e-09 -2.597589508726e-09
55 39 -9.925428871076e-10 -3.157123900885e-09
56 39 -7.265181544546e-10 -1.728962022386e-09
57 39 1.355385269369e-09 -4.709845558173e-10
58 39 -9.345807154708e-10 -3.691766311737e-10
59 39 -2.644069702992e-09 1.990582951640e-09
60 39 -4.633461586781e-10 -1.629288104126e-09
61 39 1.039307902029e-09 -1.259406983432e-09
62 39 1.026440407511e-09 -1.938637567242e-09
63 39 3.562698996810e-09 8.596829427393e-10
64 39 -6.286054880983e-10 -2.260207196123e-09
65 39 -1.437090403446e-09 -2.129746531822e-10
66 39 -9.454817499703e-10 3.538411585162e-09
67 39 -7.539840748330e-10 5.600177167330e-10
68 39 -1.682011985063e-09 3.221231883493e-10
69 39 -9.296233253026e-10 1.547718473837e-09
70 39 1.695881276626e-09 2.213731779664e-10
71 39 8.827699823302e-10 7.264070012391e-10
72 39 -9.662241643948e-10 3.902231200932e-10
73 39 -3.779573988996e-10 2.059238342479e-09
74 39 3.755111391276e-11 -7.943405627839e-11
75 39 -1.014391990915e-09 -4.017599569494e-10
76 39 6.723819129940e-10 1.181522534380e-09
77 39 9.877408112567e-10 -2.513489463350e-10
78 39 -1.674396804735e-09 -1.726434988016e-10
79 39 7.035294332225e-11 1.128005284730e-09
80 39 -9.908340220788e-10 -1.518011929565e-10
81 39 -1.295152442010e-09 -8.308150420611e-10
82 39 -5.483384843174e-10 7.135121607500e-10
83 39 2.054128034814e-09 1.285186745523e-09
84 39 3.979666333418e-10 -1.232228172497e-09
85 39 3.442978005223e-10 -1.773333289606e-09
86 39 -4.364035344512e-10 -1.897026499582e-10
87 39 1.155201505659e-09 1.188869347840e-09
88 39 1.714590271617e-09 5.955843037111e-10
89 39 1.313639597943e-09 1.003677206090e-09
90 39 2.965314439321e-10 -1.955837260450e-10
91 39 -8.601042115634e-11 -1.021828895030e-10
92 39 4.191034111212e-10 1.917051367244e-10
93 39 4.347110990728e-10 1.605958155555e-11
94 39 3.847643339936e-11 7.859062435123e-10
95 39 -3.123604450132e-10 8.575717494898e-10
96 39 1.011516638195e-09 -2.232742072899e-10
97 39 5.864445609944e-10 -5.920466290596e-10
98 39 7.120601665717e-10 1.215230055141e-10
99 39 -6.274420456351e-11 3.060373148529e-10
100 39 -6.377056394175e-10 -2.420361851406e-10
101 39 -7.164434227830e-11 -3.500651967429e-12
102 39 1.170903214356e-09 5.271379735807e-10
103 39 1.693616284195e-09 -4.093230784697e-10
104 39 9.059182424932e-10 -7.058042991154e-10
105 39 7.569930603361e-10 -2.515042988671e-11
106 39 4.378582083190e-10 5.386789158087e-10
107 39 4.833510548945e-10 -4.722109648162e-10
108 39 -2.761912609344e-10 6.869115488737e-10
109 39 4.276461670730e-10 -2.793429458458e-10
110 39 5.481651448118e-10 -1.015993599487e-10
111 39 3.161522789221e-10 -8.422243794096e-10
112 39 3.727250557127e-10 -1.137981075360e-10
113 39 9.802094392752e-10 7.166630025851e-10
114 39 -4.375869904994e-11 1.093067012456e-09
115 39 6.853606301500e-10 1.307993733019e-09
116 39 -3.585589165921e-11 -1.789024849493e-11
117 39 6.949776954129e-10 -5.694480244832e-10
118 39 4.965905130535e-10 -1.333641713139e-09
119 39 3.062751246391e-10 -9.961916844517e-10
120 39 -2.770297106990e-10 2.165420361669e-10
121 39 2.247065827796e-10 3.106925104943e-10
122 39 -1.765428295200e-10 -1.636375515245e-10
123 39 5.851828720621e-10 -1.535556596649e-10
124 39 -8.621889008506e-10 -6.136167881318e-10
125 39 -6.216420768345e-10 -6.151008759141e-11
126 39 -8.889850442811e-10 -9.770826884333e-10
127 39 3.897339890119e-10 -3.269415831883e-10
128 39 -6.377368690940e-10 -7.747773475841e-10
129 39 5.399957148364e-10 2.242814831025e-10
130 39 1.236016375248e-10 9.393539323949e-10
131 39 -2.812190912926e-10 8.977117945443e-10
132 39 -3.507974247529e-10 -1.358999669072e-10
133 39 1.379487757966e-10 -9.580286759102e-10
134 39 -3.641839339696e-10 -1.306006614003e-09
135 39 -2.848701605696e-10 -3.961899992494e-10
136 39 7.664439290641e-10 5.189710905984e-10
137 39 3.731914920185e-10 2.031462885084e-10
138 39 2.003136431434e-10 1.393415831075e-10
139 39 -1.776645237399e-10 7.353504275441e-10
140 39 5.954284401861e-10 4.932875392493e-10
141 39 -1.362313969306e-10 -3.559943299277e-10
142 39 1.672993065487e-11 -4.884803459304e-10
143 39 -7.590398958372e-11 1.769568604411e-11
144 39 8.891455058751e-10 2.131133283530e-10
145 39 -4.221137721707e-10 4.351565532907e-10
146 39 2.410013231729e-10 6.345553516924e-10
147 39 -9.511242100785e-11 8.181380543723e-11
148 39 -3.059899265919e-10 -1.929541872796e-10
149 39 -3.262558459786e-10 -3.236906030211e-10
150 39 3.649906320105e-10 7.848847479376e-10
151 39 3.862395130230e-10 1.946495960501e-10
152 39 1.824320129820e-10 -2.316464791020e-10
153 39 4.535197591889e-10 -9.599675346408e-10
154 39 3.897999007109e-10 4.817450654355e-11
155 39 -3.264533550585e-10 4.842209069989e-10
156 39 3.210843277983e-10 7.139811778569e-10
157 39 2.342446722595e-10 1.039594973950e-10
158 39 -5.235990685357e-11 -1.528616119975e-10
159 39 1.791343190450e-10 -1.624109334021e-10
160 39 4.670530586179e-10 4.715936059000e-10
161 39 -5.862535451895e-11 6.203161552880e-10
162 39 -7.529014298589e-11 1.494046219938e-10
163 39 -3.448172627582e-11 -1.085718357667e-10
164 39 1.940861855898e-10 -4.848548717977e-10
165 39 -2.576260611075e-10 2.863241206606e-10
166 39 -3.384222642417e-11 -3.675751295795e-11
167 39 1.976618451307e-10 -8.232984775872e-11
168 39 6.889072543556e-10 -8.250674998804e-10
169 39 -1.286990676797e-11 3.994448265491e-10
170 39 2.273935036950e-10 -3.378343118888e-10
171 39 -7.303541132781e-11 9.209018519497e-10
172 39 -7.401724614450e-10 -3.265873989749e-10
173 39 -1.450887068594e-10 -3.070943348174e-10
174 39 1.002920639211e-09 -9.751940730024e-10
175 39 4.842911510918e-10 2.431355969654e-10
176 39 5.279750656644e-10 2.412079731384e-11
177 39 4.245403843321e-10 5.170043730379e-10
178 39 -1.079603166931e-11 3.761556655608e-11
179 39 -5.399711469447e-10 9.670377989610e-11
40 40 -4.224148888727e-10 2.029960309545e-09
41 40 5.706727159250e-09 3.835851732210e-10
42 40 -3.038093699039e-09 -2.475267678428e-09
43 40 4.036693388962e-09 3.314427069077e-09
44 40 -2.185573465279e-09 4.789007951762e-09
45 40 1.386144378412e-09 -2.727334059482e-09
46 40 5.876016173908e-10 -5.864940466491e-10
47 40 -2.876251980904e-09 4.100262664075e-09
48 40 5.141273983300e-10 4.421292089865e-09
49 40 -2.126588223560e-09 -1.874180952520e-09
50 40 2.671911247522e-09 3.749839917046e-09
51 40 -1.870707491923e-09 -1.309776519427e-09
52 40 -4.574582071498e-09 -2.922701420018e-09
53 40 -1.382851134052e-09 1.000377364150e-09
54 40 -2.201131012567e-10 5.766671483045e-10
55 40 3.435598231211e-09 -1.056227685096e-09
56 40 2.782883226745e-09 2.580213687612e-09
57 40 2.086361418632e-09 -4.634482669997e-10
58 40 1.670733783123e-09 -2.040214768157e-09
59 40 -4.329734236701e-09 4.619475831691e-10
60 40 -5.735598338895e-10 -9.644618785942e-10
61 40 8.143951859520e-10 -1.297656547149e-09
62 40 -1.985530914809e-09 -2.626279649186e-10
63 40 1.801060963370e-09 2.716867665380e-09
64 40 3.465927432952e-09 5.110243154047e-10
65 40 4.461224566343e-10 4.788266116497e-10
66 40 -3.177129990109e-10 -1.569553068874e-09
67 40 2.503344467584e-10 2.738594338865e-11
68 40 9.599686619309e-10 -1.074531563311e-09
69 40 -1.099411576271e-10 -3.152199720025e-09
70 40 -9.980505863817e-10 1.160848258138e-09
71 40 -3.428491075346e-10 -1.434752840909e-10
72 40 9.691162163616e-10 3.984770074674e-10
73 40 7.492803989450e-10 -3.253162267168e-10
74 40 4.674917041478e-12 -2.212036106442e-09
75 40 4.346022279159e-10 2.327374622132e-10
76 40 4.686111543263e-11 -8.827518029576e-10
77 40 5.893744528443e-10 2.954122372488e-10
78 40 5.672460051269e-10 1.081506679873e-09
79 40 7.457883650814e-10 -1.156818776636e-10
80 40 7.168186387208e-10 -1.057105643981e-10
81 40 1.006486423001e-10 6.813605409377e-10
82 40 8.222217587101e-10 3.213346197927e-10
83 40 9.059333320882e-10 3.679005362808e-10
84 40 1.415722164680e-09 5.592355478715e-10
85 40 -1.032374168163e-09 -2.815058510632e-10
86 40 1.125370662510e-10 5.330656422386e-10
87 40 2.689975920734e-10 -1.182783442523e-09
88 40 7.358560011677e-10 -8.936226136228e-10
89 40 -4.688100811434e-10 6.763317811193e-10
90 40 7.542679680783e-10 -5.829014422928e-10
91 40 2.574733073795e-10 -2.435808371407e-10
92 40 2.274727923539e-10 -3.887151949702e-10
93 40 -3.369509035787e-10 -8.276608664305e-11
94 40 -1.450619369041e-09 -3.242275959279e-10
95 40 -5.464191915936e-10 -9.896285207727e-10
96 40 -7.526569603886e-10 4.535891644744e-10
97 40 4.853396989938e-10 1.749528948700e-09
98 40 1.824151287275e-09 4.706224052433e-10
99 40 4.938637199684e-10 2.930560314699e-10
100 40 -2.011435437137e-11 -2.374902095779e-10
101 40 -1.413880900914e-09 9.267563545311e-11
102 40 -8.618405647633e-10 -7.461798530458e-10
103 40 -1.466965811413e-10 2.056146594595e-10
104 40 -7.846745701846e-11 -6.069938587130e-10
105 40 4.246023075941e-10 1.855034922102e-10
106 40 4.145785901943e-10 2.463590660619e-10
107 40 2.941429324765e-10 -1.664203218485e-10
108 40 -7.327853724411e-10 4.768278674219e-10
109 40 -3.265368365458e-10 1.175212710394e-09
110 40 -9.189183713355e-11 -3.952752273832e-10
111 40 5.561941588100e-10 7.110212952307e-10
112 40 1.086222351545e-09 -5.751880291467e-10
113 40 6.710924241240e-10 -2.249082739391e-10
114 40 5.361373453104e-10 -1.030213364523e-09
115 40 -2.512096354801e-10 4.952501077374e-11
116 40 -5.976768707630e-10 4.761998877939e-10
117 40 -6.529894878662e-10 2.187841113607e-10
118 40 -5.154419060140e-10 -2.432623334843e-10
119 40 4.107075129663e-10 4.531864690401e-10
120 40 -1.457824751714e-11 -6.683047207658e-10
121 40 6.430825365096e-11 -4.413637072571e-10
122 40 -4.613802712704e-10 -1.080149466156e-10
123 40 -8.922021733951e-11 9.104042324355e-10
124 40 -3.343772652894e-10 3.905583024890e-10
125 40 -4.006557169752e-10 6.170631283465e-10
126 40 1.646865204300e-10 -7.940856037700e-11
127 40 2.373255663553e-10 5.782090089326e-10
128 40 6.196632208524e-10 -4.668531570469e-10
129 40 3.165223777961e-11 -9.179395857742e-10
130 40 2.372552787779e-10 -2.246331983011e-10
131 40 1.172709175894e-10 4.645508151888e-10
132 40 -4.133982520574e-10 5.609735106281e-10
133 40 -7.268676631563e-10 2.264982746331e-10
134 40 -7.083596534059e-10 1.428668376642e-10
135 40 2.401268899818e-10 -3.909397929661e-10
136 40 1.242536597004e-09 2.544283946330e-10
137 40 4.798441192975e-10 -2.945633592800e-10
138 40 4.539405686963e-11 -1.259041322965e-10
139 40 -1.180984771654e-10 2.591344889478e-10
140 40 -3.429364229385e-10 -6.190674473894e-10
141 40 -1.885408721363e-10 9.608513952389e-11
142 40 6.638579682489e-10 -1.542391490313e-10
143 40 6.566808051770e-10 -2.073418093426e-10
144 40 -3.722498210882e-10 -7.791859935281e-11
145 40 -3.837318950532e-10 9.648017911231e-11
146 40 3.558901213359e-10 2.368559200043e-10
147 40 6.389585790693e-10 -1.588151990362e-10
148 40 2.993942481995e-10 -1.672907463443e-10
149 40 -5.454925465734e-10 1.963118541729e-10
150 40 -2.963584854610e-10 -3.671351660857e-10
151 40 -1.656208361890e-10 2.017905486462e-10
152 40 5.107956527650e-11 2.151057554216e-10
153 40 8.513974622010e-11 4.229144354743e-10
154 40 1.048770986022e-09 1.311276617970e-10
155 40 -1.943067796748e-10 -2.576095310264e-10
156 40 -1.322436538992e-10 2.604027099794e-10
157 40 7.068589902006e-11 -1.258547800808e-10
158 40 1.297595251888e-10 -1.785897352794e-10
159 40 -1.035050210301e-10 -4.110416443402e-10
160 40 3.163052709763e-10 5.505492504691e-11
161 40 3.615996467487e-10 1.167401249860e-10
162 40 5.203544212817e-10 -2.004122856215e-10
163 40 4.270446199682e-10 4.069627937995e-10
164 40 -4.526936278448e-10 4.292530275019e-11
165 40 -1.144706817175e-09 -1.214968868044e-10
166 40 -5.906228859581e-10 3.348258245878e-10
167 40 1.258507644141e-10 -2.151630259539e-10
168 40 -2.257323622449e-10 -3.318439394218e-10
169 40 -2.895213929660e-10 -6.582761703641e-11
170 40 2.820639357798e-11 1.783559338655e-10
171 40 -6.652106163990e-11 4.005986550069e-10
172 40 -3.338180872467e-10 7.526869667211e-11
173 40 -2.651168193243e-11 -2.389635632761e-11
174 40 -2.222804309018e-10 -6.925666023730e-10
175 40 -8.686859165323e-11 -5.030745391826e-11
176 40 9.222680992318e-12 3.987664312693e-10
177 40 5.424838065586e-10 2.854850410954e-10
178 40 2.126907866298e-11 2.381601357093e-12
179 40 -4.487244358182e-10 -1.167216522507e-10
41 41 -2.718852008058e-10 5.711268696548e-09
42 41 -1.251715182044e-09 1.329275373136e-10
43 41 8.100203511334e-11 1.638366180253e-09
44 41 3.906267417468e-09 -6.155170507794e-09
45 41 5.428264962397e-10 3.875051600602e-09
46 41 -3.062179716568e-09 -6.454968654507e-09
47 41 -3.321770114153e-10 6.844088349132e-09
48 41 -2.770749134617e-09 -3.407841223036e-09
49 41 2.121339315981e-09 1.306132535005e-09
50 41 -3.788108421885e-09 -3.307993186088e-10
51 41 2.319551518762e-09 -7.324153392097e-10
52 41 -3.377071898555e-09 -1.532263965232e-09
53 41 1.281567025737e-09 -4.918859422842e-10
54 41 4.506670241914e-10 5.626821512497e-09
55 41 3.220652769251e-10 -8.231971582321e-10
56 41 3.434281654819e-11 2.726825104495e-09
57 41 1.464389482577e-09 2.383687902289e-09
58 41 2.786846107499e-09 1.061810956248e-09
59 41 1.807997326888e-10 3.223847442517e-10
60 41 5.831451377461e-10 3.999968972519e-10
61 41 2.174355148682e-09 -1.507757552353e-09
62 41 -1.392833658172e-09 -1.072193991721e-09
63 41 -2.396880724429e-09 1.338009313281e-09
64 41 -1.275118482206e-10 7.094203837507e-10
65 41 3.890880067825e-10 -1.101092335307e-09
66 41 -2.045298371746e-09 1.854528406983e-09
67 41 8.883924703777e-10 3.769368254095e-10
68 41 2.651059929692e-09 -2.792844699607e-09
69 41 -1.093174825611e-10 -1.221476685368e-09
70 41 1.190295426323e-09 5.069090852378e-10
71 41 -2.129014171619e-10 7.791602616095e-12
72 41 -6.069870391782e-10 -2.267139005407e-10
73 41 -5.798924916009e-10 1.972653306679e-09
74 41 1.703949167886e-09 1.115807577046e-09
75 41 1.729553367397e-09 -2.118748406541e-10
76 41 -7.657402582907e-10 1.011031527386e-10
77 41 1.176380210432e-09 4.876013921493e-10
78 41 3.447247057889e-10 -6.017714442331e-10
79 41 -1.451809955317e-09 -5.383251635075e-10
80 41 -3.749555786577e-10 1.130902033123e-09
81 41 8.857882467960e-10 -8.857315869195e-10
82 41 -8.811937110317e-10 -3.303959972413e-10
83 41 -3.732136039287e-10 1.206922500875e-10
84 41 1.037847310884e-09 -8.126341469916e-10
85 41 -3.745511873402e-10 -1.124906558671e-09
86 41 -1.032646986670e-09 -8.236830328092e-10
87 41 4.441860997383e-10 -6.703235150008e-10
88 41 7.797570388179e-10 -6.017577494613e-10
89 41 2.726251635033e-10 -1.412267588782e-09
90 41 -5.192511806673e-10 7.303811143550e-10
91 41 -2.117466217802e-10 3.565457885996e-10
92 41 7.487893372858e-10 -1.031354840288e-10
93 41 1.488918626076e-09 1.044232528458e-11
94 41 1.378066712064e-09 -1.312288277605e-09
95 41 9.613962266608e-11 -1.183692022394e-09
96 41 -5.139460162299e-12 -2.291975627747e-10
97 41 5.656237233982e-10 -2.037162761544e-10
98 41 -4.931933716921e-10 -4.317247054480e-12
99 41 -1.435635364564e-09 1.277149059465e-09
100 41 -9.262456871854e-10 1.279600270599e-09
101 41 -4.714932323311e-10 -3.656848738655e-11
102 41 2.870692440348e-10 -1.195533544868e-09
103 41 1.319820672631e-09 -3.677042538823e-10
104 41 4.369347374016e-10 -3.246800341337e-10
105 41 -2.379203500679e-10 -1.076586839267e-09
106 41 6.060895381780e-11 2.135959103991e-10
107 41 1.365331046856e-09 8.529373070605e-10
108 41 1.586971627126e-09 8.363253975530e-10
109 41 -1.919280566500e-11 -9.518834771105e-10
110 41 -6.660504255365e-10 -8.172761782867e-10
111 41 -8.094226201190e-10 -7.325935404985e-10
112 41 -5.732014402055e-10 -7.063152788958e-10
113 41 -2.836551166444e-10 3.469022245047e-10
114 41 2.516077149553e-12 7.335346903461e-10
115 41 2.511398380927e-10 -6.097473715569e-10
116 41 -2.010794860232e-10 -3.901189393622e-10
117 41 -4.348462627931e-10 -3.848519823474e-10
118 41 -7.471627484350e-10 4.363059611701e-10
119 41 3.480689191931e-10 3.191970938792e-10
120 41 -1.701448329759e-10 2.690306953322e-10
121 41 1.200065633842e-10 4.892531305298e-10
122 41 8.753705570039e-10 8.077058767973e-11
123 41 1.170403001322e-10 1.975890338103e-10
124 41 5.322798114914e-10 1.521443054881e-10
125 41 -1.536756395346e-10 2.905971103891e-11
126 41 -4.453273842117e-10 3.115388183018e-10
127 41 -9.010019521085e-10 -8.661668773451e-10
128 41 -6.530732493128e-10 -7.231385185746e-10
129 41 6.531081886262e-10 3.803368750977e-10
130 41 9.138875557199e-10 5.051735643507e-10
131 41 8.107824727909e-10 5.249597513949e-10
132 41 -3.213834165426e-10 1.754727072572e-10
133 41 -1.698113584487e-10 -4.674274044551e-10
134 41 -7.093713662279e-10 -3.263906062731e-10
135 41 -3.236766598318e-10 4.478097289375e-11
136 41 -1.251693471848e-10 2.233446310135e-10
137 41 3.304462443051e-10 2.916781153544e-10
138 41 1.646158728879e-10 1.991120495105e-10
139 41 -1.514107659804e-11 1.711766534292e-10
140 41 -3.398044937285e-10 8.279049206947e-10
141 41 -3.400957676686e-10 -3.437273913708e-10
142 41 3.405259844133e-10 -2.724367503630e-10
143 41 4.087360972974e-10 -5.830400286951e-10
144 41 4.356727779916e-10 7.993030587745e-10
145 41 5.529202943315e-11 6.043798267482e-11
146 41 -1.590664551730e-10 4.125661137129e-10
147 41 1.670549208910e-10 -2.179724522539e-10
148 41 5.092444653917e-10 4.620507945945e-10
149 41 3.944628476564e-11 1.071340378855e-10
150 41 3.689383082345e-11 1.495452447440e-10
151 41 -4.984447800371e-10 -7.407323823944e-10
152 41 5.543817172196e-10 1.059613601300e-10
153 41 1.865832633078e-10 -8.482848525749e-10
154 41 -2.256554840362e-10 -1.365632113927e-10
155 41 -3.292131393012e-10 -1.753057174823e-11
156 41 1.331819679367e-10 5.936197249151e-10
157 41 6.154900196178e-11 -2.135402229949e-10
158 41 4.372201810577e-10 -8.203978017333e-10
159 41 -6.021622171654e-11 -4.478647260540e-10
160 41 -5.279225887650e-10 -2.861062001931e-11
161 41 -3.307114839427e-10 -3.123642002535e-11
162 41 4.832947574023e-10 -8.384665214428e-11
163 41 -2.690209867959e-10 2.839992524965e-10
164 41 -1.844557402604e-10 1.198590361852e-10
165 41 -4.695009034541e-10 1.652796779622e-11
166 41 -1.536175129150e-10 -2.669059205101e-10
167 41 -3.359987499066e-10 -3.102898943650e-10
168 41 7.431718461606e-10 -2.894520753732e-10
169 41 3.545720511118e-10 5.449675408229e-11
170 41 7.311170453535e-10 2.099423283291e-10
171 41 -2.778435533570e-10 6.330078559537e-10
172 41 -2.545192564528e-10 2.677742106309e-10
173 41 -3.233924213815e-10 -3.407395472645e-10
174 41 -9.947097207614e-11 -1.057534455012e-10
175 41 3.134233978341e-10 -4.941226271607e-10
176 41 2.082518055293e-10 8.612499565835e-11
177 41 5.031964394706e-10 -3.996599264423e-10
178 41 -1.524240751726e-10 2.457758963655e-10
179 41 9.257347565582e-11 -7.844196590278e-11
42 42 -4.216033802576e-09 -1.093372456577e-09
43 42 -3.812752781162e-09 5.232045154565e-10
44 42 -1.853117657220e-10 7.407164796813e-10
45 42 2.207255744618e-09 -3.206970287321e-09
46 42 2.264063616303e-09 2.834217148912e-09
47 42 -3.253288630526e-09 -4.822088514823e-09
48 42 2.216000785707e-09 -1.579830146003e-09
49 42 -3.968923647773e-09 -3.817658070713e-09
50 42 1.077945603139e-09 -3.833634306111e-10
51 42 -5.597265426122e-10 3.925798000976e-09
52 42 -8.270644408172e-10 -2.353183094947e-09
53 42 4.700224510191e-10 2.003953111534e-09
54 42 2.165839170896e-09 2.612219623590e-09
55 42 2.323331565257e-09 -2.675749198327e-09
56 42 -2.234047847298e-09 1.586299572165e-12
57 42 -3.128628907493e-09 6.100956270754e-10
58 42 -3.409932774830e-10 -1.965170671466e-09
59 42 -1.937985214310e-09 -1.544857277581e-09
60 42 1.646246554325e-09 1.072999921202e-09
61 42 3.186386806574e-09 -6.141172061977e-11
62 42 2.301244086445e-09 -2.763653360367e-09
63 42 -1.376809163216e-09 5.723896245387e-10
64 42 9.960746509792e-10 -2.893539083496e-10
65 42 1.072089751894e-09 -2.605069384534e-09
66 42 -4.845550107072e-09 -1.681518711737e-09
67 42 -6.919794734954e-10 2.233573983808e-10
68 42 -1.131583387201e-09 -8.802015580370e-11
69 42 -1.286702852024e-09 2.301076350700e-10
70 42 -5.723949327399e-10 1.183799943736e-09
71 42 1.860261157270e-10 4.043877097333e-10
72 42 6.583151662804e-10 1.384957402423e-09
73 42 9.255824266237e-10 4.497906630689e-10
74 42 2.025711268104e-10 2.050608986160e-10
75 42 -1.265972496089e-09 2.875078928125e-10
76 42 -2.007265458918e-09 -1.038276415395e-09
77 42 -4.737781942926e-10 3.956472664296e-10
78 42 7.180602213814e-10 -2.616612323253e-09
79 42 -1.729327910265e-10 -1.319694384355e-09
80 42 9.098455791029e-10 -1.180132902615e-09
81 42 1.663156708673e-09 2.110245526406e-11
82 42 1.534097186694e-09 2.413817060588e-10
83 42 -1.721432391568e-11 5.584279320708e-10
84 42 -1.035947903004e-11 8.672513616487e-10
85 42 -5.752720276097e-10 -1.364002900613e-10
86 42 -8.884861054762e-10 -1.178487664013e-09
87 42 1.933018026292e-09 1.459869078126e-10
88 42 1.264233849726e-09 -4.446484004430e-10
89 42 -9.653511032949e-10 -7.817320336446e-10
90 42 1.822713157874e-10 2.472996404974e-10
91 42 4.882107317975e-10 6.193487153180e-10
92 42 -5.927854528088e-10 -5.169070166697e-10
93 42 -4.846624144237e-10 3.261214665181e-10
94 42 -2.024060184721e-10 -1.189223519543e-09
95 42 1.803279350756e-09 6.273966483868e-10
96 42 3.776350294861e-10 2.024432779643e-10
97 42 7.993491980697e-10 3.169492056037e-11
98 42 1.604628221487e-10 5.501450462257e-11
99 42 -1.273899743708e-10 -4.950160920728e-10
100 42 3.127349561243e-11 3.346384749554e-10
101 42 -7.719160300296e-10 1.325819087823e-10
102 42 4.394581448230e-10 1.007694084469e-09
103 42 2.268138262358e-09 9.713055051220e-11
104 42 1.476311209503e-09 7.465308529151e-11
105 42 1.308191228637e-10 -1.848505681842e-10
106 42 -6.131097489178e-10 -4.412551349479e-11
107 42 3.928807106923e-10 -8.290599376473e-10
108 42 -7.782497071650e-11 -3.972243786897e-10
109 42 -4.201753666042e-10 4.316493119115e-10
110 42 -1.299013098074e-10 5.802735738206e-10
111 42 7.823694006794e-10 -1.068723208174e-09
112 42 4.699826941101e-10 -8.705507266222e-10
113 42 5.449308152039e-10 -1.223642908270e-09
114 42 -1.578227845431e-10 7.752947173764e-10
115 42 -6.357269563879e-10 3.812017582323e-10
116 42 -4.336573332310e-10 1.137758073228e-09
117 42 9.170655927066e-10 4.403405342472e-10
118 42 7.904989839425e-10 3.476551490664e-10
119 42 1.241072738485e-10 -1.028034284344e-09
120 42 -3.638121406010e-10 -4.380356278903e-10
121 42 1.622600803623e-10 -1.643871654495e-10
122 42 -1.173090821924e-10 8.882853715536e-10
123 42 1.063517652399e-11 3.415600449537e-10
124 42 -5.279943041879e-10 7.056647527056e-10
125 42 2.305454352485e-10 2.971800250685e-10
126 42 4.301533509416e-10 5.763690000787e-10
127 42 8.957869725435e-10 5.688792720569e-11
128 42 1.007515446739e-11 -2.955490937238e-10
129 42 1.220425785232e-09 -1.061318384667e-09
130 42 -1.305769262874e-10 -4.461464258727e-10
131 42 4.696841130006e-10 5.788389966808e-10
132 42 -8.061796173242e-10 1.159345692848e-09
133 42 1.299855872721e-11 1.211567980962e-10
134 42 -3.232418838876e-10 -5.845228246417e-11
135 42 4.070077776287e-10 1.992989737458e-10
136 42 2.285699115306e-10 -2.986406315622e-10
137 42 1.136415556446e-09 -1.862145701178e-10
138 42 -6.534758861026e-10 3.316297758606e-11
139 42 -5.307529561266e-10 6.129599978844e-10
140 42 -5.033706724802e-10 4.756446946845e-10
141 42 3.622743330824e-10 1.176315157216e-10
142 42 -5.329723207812e-10 -3.751523847353e-10
143 42 1.717919533458e-10 -2.911732776556e-10
144 42 -5.591304973715e-11 -4.178524237878e-10
145 42 6.764825146648e-10 -1.818535245039e-10
146 42 2.146902756954e-10 -1.596524995781e-10
147 42 6.079481159708e-10 -3.486044156342e-10
148 42 -9.358081458796e-11 1.669945782573e-10
149 42 -1.075182078857e-09 7.826959770071e-11
150 42 -3.526489452758e-10 2.482076310334e-10
151 42 3.722234457449e-10 2.888584906473e-10
152 42 1.090161782154e-09 -2.955463216428e-10
153 42 3.494638367505e-10 -1.641413553673e-10
154 42 4.126101999001e-10 2.988658852449e-11
155 42 -1.042262686494e-10 1.799896002006e-10
156 42 -3.397356136792e-10 4.774996769012e-10
157 42 -7.633386891376e-10 5.852000211867e-11
158 42 1.283640524374e-11 -1.019113945695e-10
159 42 -3.436786810186e-10 -4.191228758370e-10
160 42 3.143420138458e-11 -6.356534448801e-10
161 42 -1.683917677083e-10 -4.634090684786e-10
162 42 8.885141324958e-10 4.232391169135e-10
163 42 -2.080294694864e-10 4.161642509845e-11
164 42 -1.336269000949e-10 1.457730612274e-10
165 42 -3.522363524649e-10 -2.152999474425e-10
166 42 3.254180122506e-11 1.057814443479e-10
167 42 7.133425236984e-11 1.245625139774e-10
168 42 4.053824243702e-10 -4.358362128507e-10
169 42 -2.108023872022e-11 -1.741771368930e-10
170 42 -3.989915050618e-10 5.179558679497e-10
171 42 -6.796578697046e-11 7.103308733341e-10
172 42 2.023412294298e-11 -2.064213243259e-11
173 42 -4.172196139170e-10 1.565864754945e-10
174 42 -5.116816515560e-10 -4.566833050743e-10
175 42 1.511146869734e-10 -4.486352394735e-10
176 42 5.487872121353e-12 -3.017763296621e-10
177 42 1.656931899092e-10 6.004970272046e-10
178 42 1.448500458062e-10 4.066310336898e-10
179 42 8.322147987158e-11 -4.237439292744e-10
43 43 -2.153338420491e-09 -4.812800927330e-09
44 43 3.168290758494e-09 8.561056876583e-10
45 43 1.193618476821e-09 -1.029819862661e-09
46 43 -5.470145429478e-09 4.706060922370e-09
47 43 1.001416424817e-09 1.313938844139e-09
48 43 2.265959869581e-09 2.370359169332e-09
49 43 4.369434734814e-09 -4.487575433629e-09
50 43 -5.963873019830e-10 3.725729038807e-10
51 43 4.216654521782e-10 -7.979906125582e-10
52 43 4.074832480871e-09 -2.631128920439e-10
53 43 -3.995180006665e-09 2.546264413884e-10
54 43 8.561515603812e-10 1.885115867224e-09
55 43 2.292968782308e-09 -6.167583222860e-10
56 43 5.675284418588e-10 -3.034029718262e-09
57 43 -1.339466647489e-09 -7.036109374758e-10
58 43 4.098885219741e-11 3.491733929727e-11
59 43 -1.571186896894e-09 -5.804441669982e-10
60 43 9.340120437803e-10 5.281906481092e-10
61 43 2.623444087163e-09 3.671455931530e-09
62 43 7.152328026728e-10 -2.389503800851e-10
63 43 -3.286593489147e-10 1.704374021178e-09
64 43 9.174449247228e-10 1.274087009243e-09
65 43 7.423077274017e-10 -4.795375158113e-10
66 43 -6.827519386232e-10 -8.809801184327e-10
67 43 -1.324809091384e-10 -2.312833557988e-09
68 43 1.219275160926e-10 -2.134648251212e-09
69 43 6.331041746260e-10 2.976888035339e-11
70 43 -1.993494247264e-09 -1.637478273813e-09
71 43 4.306723956245e-10 1.571861553101e-10
72 43 -1.662787979063e-10 9.496244947756e-10
73 43 4.733391075872e-10 4.699317636364e-10
74 43 2.364687707148e-09 1.340275046060e-09
75 43 5.031251980069e-10 -1.466518312799e-09
76 43 -2.894696737877e-10 -5.477637502880e-10
77 43 1.479353701053e-10 -7.134187642865e-11
78 43 1.039687191895e-10 -1.588083013529e-09
79 43 1.766751303373e-09 -4.390341622346e-10
80 43 6.052362976761e-11 6.050837114314e-10
81 43 6.017325524452e-10 4.279186032821e-10
82 43 6.589686935759e-10 1.592526497874e-09
83 43 -1.233640552964e-09 1.216865717714e-09
84 43 -6.793952408587e-10 2.182197658160e-09
85 43 -5.056496442523e-10 -7.984408343169e-10
86 43 -1.348218156298e-09 -1.264857288705e-10
87 43 9.775822565202e-11 1.362158822245e-10
88 43 8.725781456164e-10 -7.090522632960e-10
89 43 7.871906310441e-10 -8.264387862045e-10
90 43 -5.599519880052e-10 6.196671256149e-10
91 43 -2.132867220436e-10 2.748729186259e-10
92 43 -2.961077196439e-10 2.359674220054e-10
93 43 -6.305682125882e-10 -1.042717199348e-09
94 43 1.520165370492e-10 -1.254083842291e-09
95 43 -1.785686877462e-10 -8.512645201409e-10
96 43 -9.861804654375e-11 -2.888336543973e-10
97 43 6.583795880730e-11 -2.827896451259e-10
98 43 5.204550305516e-10 -5.610491726029e-10
99 43 -1.937792028895e-10 -7.130514941627e-10
100 43 1.170234119993e-10 1.961783929606e-10
101 43 1.004656163740e-09 6.846669801395e-11
102 43 3.345148160767e-10 -1.237232240959e-10
103 43 -8.932771441024e-10 -1.663733679965e-10
104 43 -2.819398235421e-10 -3.644618178094e-10
105 43 5.902634382796e-11 -5.799876215729e-11
106 43 3.380353641269e-10 -8.590169841071e-10
107 43 -4.075432833921e-10 -4.661951268425e-10
108 43 -2.557488552512e-10 -1.082017230474e-09
109 43 -2.055489233541e-10 -2.665246890416e-10
110 43 -1.075120317323e-09 -4.935026258162e-11
111 43 -3.645600927537e-10 -4.109325093610e-11
112 43 5.558051756289e-10 1.019930566478e-09
113 43 1.082621510697e-09 1.274749333563e-09
114 43 3.948096135931e-10 2.604973821194e-11
115 43 -6.057946589372e-10 -3.354967750935e-10
116 43 -2.507570433620e-10 -1.050673447579e-09
117 43 -5.003993195216e-10 -5.969070881013e-10
118 43 -9.132329895041e-10 2.288173115549e-10
119 43 -8.210984488073e-10 1.559059263275e-09
120 43 3.729602082722e-10 7.799343049273e-10
121 43 -1.188997736251e-10 1.573925309199e-10
122 43 2.695800303489e-10 3.866292303488e-10
123 43 8.628287930409e-10 -1.311432267988e-10
124 43 -2.146901875287e-10 -5.620230711541e-10
125 43 -4.770710308756e-10 -5.079067524930e-10
126 43 -8.396085725890e-10 -1.652855146926e-10
127 43 4.623717928974e-10 2.312599620887e-10
128 43 9.104032058733e-10 -1.713337011613e-11
129 43 5.282842835477e-10 -2.793018338912e-10
130 43 -1.219225899846e-10 2.055626825259e-10
131 43 2.717258236210e-10 -2.798543279840e-10
132 43 -1.944310820209e-10 -7.434835786522e-10
133 43 -6.280553270480e-10 -4.145140464194e-10
134 43 -1.880356406950e-10 6.139297615067e-10
135 43 1.299052773510e-10 6.840171688091e-10
136 43 7.401101541250e-11 6.098003187163e-11
137 43 8.606867749108e-10 -1.119848769456e-12
138 43 5.439120956903e-10 3.072430425912e-10
139 43 8.966736450614e-11 -1.594929040839e-10
140 43 -6.691675207776e-10 5.670587846415e-10
141 43 -1.631136206698e-10 -3.602091640784e-11
142 43 1.268860965398e-10 -1.602699970878e-10
143 43 -3.515757124891e-10 -4.355459115968e-10
144 43 -4.213582093722e-10 -1.162814384589e-10
145 43 1.482520288151e-10 2.629542754058e-10
146 43 4.323333614316e-10 -2.121511674748e-10
147 43 7.415053441076e-10 4.042913017430e-10
148 43 1.541075197714e-11 -2.570650224808e-11
149 43 -2.858026866625e-10 1.677135748441e-10
150 43 -3.830199664682e-10 -1.147287944108e-10
151 43 -2.540371889736e-11 -6.647582607365e-10
152 43 -4.359031674225e-10 -1.005483204803e-09
153 43 6.458743829664e-10 -1.078609035464e-10
154 43 5.557790722417e-10 5.999934663031e-11
155 43 1.161601314457e-11 6.080133673821e-10
156 43 -8.989323675820e-10 -3.853161355959e-10
157 43 -2.746582849098e-10 3.669697025261e-10
158 43 4.089464319215e-10 -1.089460974280e-09
159 43 -3.088646913624e-10 -4.729259319956e-10
160 43 8.382122324075e-11 -3.672140684777e-10
161 43 1.255873044527e-10 5.019329978298e-10
162 43 1.135852390821e-09 1.258679646510e-11
163 43 -5.756876526834e-10 1.741817955706e-10
164 43 -2.299181751101e-10 1.211777813686e-10
165 43 -7.014233195965e-10 3.147101641857e-10
166 43 1.672265030264e-10 -1.531086990208e-10
167 43 -1.039206353987e-11 -2.879345750486e-11
168 43 8.112119708330e-10 -5.431499196373e-10
169 43 1.348685564947e-10 -2.648650657367e-10
170 43 2.872920319628e-10 1.609424275240e-10
171 43 -1.468498201163e-10 2.652582070762e-10
172 43 1.218251046158e-10 -7.619870622438e-11
173 43 4.225169237045e-10 4.093614056366e-10
174 43 7.489073555796e-11 3.570984481273e-10
175 43 -8.286451395762e-11 -3.079623313510e-10
176 43 1.631859135287e-10 -6.791846268808e-11
177 43 5.874953307355e-10 8.784561504307e-10
178 43 -1.201868786919e-10 1.264820466412e-10
179 43 8.308006706969e-11 3.007892497426e-10
44 44 -2.306954575784e-09 -6.094890120972e-10
45 44 3.171074321554e-09 3.090947870718e-09
46 44 1.201459494675e-10 -3.628033699287e-09
47 44 1.469617581031e-10 4.684052848862e-09
48 44 1.871899269989e-10 -2.529232318390e-09
49 44 4.695965446682e-09 6.693047253975e-09
50 44 -3.691624285612e-09 -2.031842394111e-09
51 44 1.395077462048e-09 3.474803654024e-09
52 44 -1.761838541167e-09 4.117502580411e-09
53 44 1.694666900753e-09 -3.577829713086e-09
54 44 -2.233217197101e-09 2.018586169592e-09
55 44 3.099190654815e-09 -1.797261586597e-09
56 44 -2.639761082919e-10 2.946089015510e-09
57 44 -1.589266023805e-09 -1.948394672303e-09
58 44 2.958257879191e-09 -5.609389977958e-10
59 44 1.027960863627e-09 -1.257768531474e-09
60 44 1.571733483484e-09 -4.812049535703e-10
61 44 2.152929107257e-09 2.734698412288e-09
62 44 2.567531645170e-09 -4.052797801519e-10
63 44 -4.034330309997e-09 -3.738227174957e-10
64 44 -1.709800825283e-09 2.718442450877e-09
65 44 4.204503064582e-10 1.393286335918e-09
66 44 -8.210724547105e-10 -2.639590695067e-09
67 44 -9.396528227530e-10 3.316217942359e-10
68 44 2.866935779826e-09 7.009119640803e-10
69 44 2.051120500405e-09 -2.574094945720e-09
70 44 -2.386986078865e-10 8.692176973191e-11
71 44 1.341381979418e-09 1.371355054481e-10
72 44 1.016234555349e-09 -1.074825861758e-09
73 44 -3.022214788102e-09 3.710131981040e-10
74 44 -4.410807433263e-10 6.230272801385e-10
75 44 -6.520606657388e-10 -2.340036842064e-10
76 44 -9.658691615778e-10 -3.124724816304e-10
77 44 -8.778242118795e-10 1.471624534314e-09
78 44 2.997483415570e-10 3.528933341214e-10
79 44 1.574289482931e-09 -1.576189598531e-09
80 44 -1.521797223494e-09 -2.278853044410e-10
81 44 1.066724120219e-10 6.734672308507e-10
82 44 -1.453081690739e-10 4.296239594547e-10
83 44 -1.606478521492e-10 -9.621324353550e-11
84 44 -3.411927011808e-10 -4.114128238313e-10
85 44 3.140786613740e-10 -1.147603330342e-09
86 44 -3.233152909922e-10 -1.434233858305e-09
87 44 1.960353193888e-11 -3.779588137633e-10
88 44 9.872248219057e-10 -7.097726218361e-10
89 44 2.267763827087e-09 -2.590707261614e-10
90 44 -2.212322964050e-10 8.165853559438e-10
91 44 7.659477235713e-11 1.117324557064e-09
92 44 -1.672098580137e-11 1.296068840630e-10
93 44 -9.953601462923e-10 -8.070963951399e-10
94 44 8.127305468075e-10 3.398184483586e-10
95 44 -3.245630298650e-10 7.774945038243e-11
96 44 -2.914010916362e-10 5.665880375138e-10
97 44 9.180378299528e-10 -4.192442351483e-10
98 44 1.110557684940e-10 -9.455849975199e-10
99 44 8.169782279195e-10 -8.067785682746e-10
100 44 -5.919866812080e-10 2.674981063714e-10
101 44 9.151718875459e-11 9.444905184912e-11
102 44 -3.333249842593e-10 5.725047309290e-11
103 44 -4.566097695897e-10 -2.332880055514e-10
104 44 8.291023329540e-10 3.218982753693e-10
105 44 -4.044417988804e-12 2.731510971851e-10
106 44 -2.583872326993e-10 3.467798819112e-10
107 44 3.251262206312e-10 9.589001597856e-11
108 44 6.322805566192e-10 -7.914720479362e-10
109 44 1.928150857962e-10 -1.041556456149e-09
110 44 -1.433991912467e-10 -2.791007712083e-10
111 44 5.209660472909e-10 -1.185873405707e-09
112 44 5.338128913681e-10 -6.770998971217e-10
113 44 -1.127986984499e-09 -2.401509551375e-10
114 44 -6.527118557931e-10 1.032385168290e-09
115 44 3.856767415628e-10 -7.867457276410e-11
116 44 1.319558208922e-09 -2.622551044253e-10
117 44 7.506723447006e-10 -1.100421890888e-09
118 44 4.860109248075e-10 -6.482699988224e-10
119 44 -8.215935472399e-11 -1.687857096285e-10
120 44 -2.161322131234e-10 3.299983161099e-10
121 44 -5.760179136970e-10 1.823021969671e-10
122 44 -3.574296020444e-10 1.960301206306e-10
123 44 -8.844283952165e-10 -1.411546528004e-10
124 44 1.997784066094e-10 1.433449349308e-10
125 44 6.670615717697e-10 -5.867810296954e-10
126 44 9.911321074855e-10 -2.155231354040e-10
127 44 1.554655298748e-10 -6.559317718935e-10
128 44 -3.241461737488e-10 4.394946939002e-10
129 44 -8.953459694692e-10 1.213536511207e-10
130 44 7.171217875992e-11 1.368894559554e-09
131 44 -6.618584447565e-10 1.450649683014e-10
132 44 4.361112385880e-11 4.654614510432e-10
133 44 5.135529166020e-10 -5.329530840184e-10
134 44 1.709924543037e-10 -5.697603730097e-11
135 44 1.560427426384e-10 -1.208029832985e-09
136 44 4.225428368346e-11 4.390809087221e-10
137 44 7.207853732828e-12 -3.212328676868e-10
138 44 6.004768318878e-11 3.888298639223e-10
139 44 -2.692344976845e-10 -7.147333727974e-10
140 44 -9.831985866485e-11 9.975589618530e-10
141 44 7.657171536128e-10 2.114966365660e-10
142 44 5.696190271128e-11 4.450150320048e-10
143 44 -4.434635835944e-10 9.204758398363e-11
144 44 -4.065146572999e-11 3.243849204377e-10
145 44 -3.433712629852e-11 -6.687254320522e-10
146 44 -7.461424068361e-11 6.556650596558e-10
147 44 1.321052164442e-10 -3.584208749387e-10
148 44 -2.634880098765e-10 7.488941897573e-10
149 44 -4.701247809503e-10 -4.255540230622e-10
150 44 -4.564867422927e-10 6.502202037528e-10
151 44 -4.691298790946e-10 -6.341218885758e-10
152 44 1.730861321269e-10 -3.519162531706e-10
153 44 5.079337695656e-10 -9.419261271587e-10
154 44 7.002364725518e-10 1.481785312077e-10
155 44 2.344164808848e-10 1.799340457685e-10
156 44 -1.988416375048e-10 4.434752281133e-10
157 44 -4.071071873511e-10 -3.433764975184e-10
158 44 -6.315932094369e-10 1.164921303790e-10
159 44 -2.621484909620e-10 -5.459773804335e-10
160 44 1.196854498257e-10 1.746937124772e-10
161 44 5.274233259288e-10 -2.056740990556e-10
162 44 -2.818847614160e-10 3.618318209065e-10
163 44 -4.711244690116e-11 3.654581502139e-10
164 44 1.316046016130e-10 -6.673744658098e-11
165 44 -1.772282864532e-12 -3.704609066449e-10
166 44 -2.636396787970e-10 9.969371791471e-12
167 44 8.476591751565e-11 -2.239000688365e-10
168 44 4.026552206631e-10 -2.008307461865e-10
169 44 1.957141346608e-10 1.338251067643e-10
170 44 -4.026814865546e-10 3.927313163200e-10
171 44 -1.002830534087e-10 5.697987051928e-10
172 44 2.032483272534e-10 4.542728329453e-10
173 44 -4.998157276010e-10 4.392456769032e-11
174 44 -2.896060024490e-11 5.167533346668e-11
175 44 3.446392327097e-10 -1.467297711400e-10
176 44 1.750889670892e-10 -3.589194527602e-10
177 44 -9.834006372342e-11 4.752208493675e-10
178 44 -3.402274962921e-11 2.925432467852e-10
179 44 1.656663887259e-10 2.108433530083e-10
45 45 -1.942834069257e-10 6.204645590070e-10
46 45 -1.243162644182e-09 -1.780428256184e-09
47 45 1.723121411633e-09 -2.757453793704e-09
48 45 2.556297028594e-09 5.705346505040e-09
49 45 9.625184484365e-10 2.165160033678e-10
50 45 2.243450974617e-09 1.163758432723e-09
51 45 -4.456322726124e-09 -3.129276923271e-09
52 45 2.290518277996e-09 -5.667143532034e-10
53 45 -4.865863439297e-09 2.147052705398e-10
54 45 -2.345598905331e-09 -3.790115369994e-09
55 45 1.682255761273e-10 2.426785195334e-09
56 45 1.367962719032e-09 -1.946369561934e-09
57 45 -2.643729727881e-09 2.614287784439e-09
58 45 8.323430255821e-10 3.175862217800e-09
59 45 5.266589611739e-09 -3.240565034978e-09
60 45 1.152786081432e-09 -2.811552492530e-09
61 45 7.255282776311e-10 2.356876362339e-09
62 45 -4.920628562135e-10 -1.401428792043e-09
63 45 3.450015499771e-10 -2.108227670081e-09
64 45 -1.483197179322e-09 -1.294858671168e-09
65 45 -5.042930458643e-10 2.807232863304e-10
66 45 1.505324902535e-09 -7.636303314670e-10
67 45 -1.202846322069e-09 -1.191888943939e-10
68 45 -1.756231816119e-10 1.590080897088e-10
69 45 4.870320839660e-10 -1.291029193217e-10
70 45 -1.053436950942e-09 2.459513040234e-09
71 45 4.351027524750e-10 7.959033783587e-10
72 45 -5.073721922584e-10 6.099470661313e-10
73 45 2.359546435768e-11 -1.279520868673e-09
74 45 -1.400261403030e-09 1.190029784816e-09
75 45 -1.617045155229e-10 -3.093549645116e-10
76 45 -6.093594176908e-10 5.557274162782e-10
77 45 -1.623543679613e-09 6.098493161765e-10
78 45 4.367362159867e-10 2.802301768337e-10
79 45 -1.767085707472e-10 -1.294337283842e-09
80 45 -2.016756123089e-10 -6.254675326189e-10
81 45 1.705122175743e-09 1.535149790459e-10
82 45 9.212456621771e-10 -8.376208727977e-10
83 45 -6.712484115720e-10 8.471627327210e-10
84 45 9.054288662386e-10 5.040721940064e-10
85 45 5.762223955893e-10 5.778169850862e-11
86 45 9.099800186202e-10 1.117510534766e-09
87 45 -5.002438726713e-10 5.370502351751e-10
88 45 7.604596265269e-10 1.903516168633e-10
89 45 4.834040350625e-10 -9.687020298537e-11
90 45 -1.157318101084e-09 9.517877897571e-10
91 45 -4.307697655609e-10 1.246293586814e-09
92 45 2.412888345611e-11 1.634105658363e-10
93 45 -4.055093923031e-10 -6.996177318393e-10
94 45 3.935841026319e-10 -3.026626810559e-10
95 45 -1.004196666302e-09 1.086499905358e-09
96 45 -1.053698663262e-09 1.322959435231e-12
97 45 -8.512309798547e-10 1.121748484751e-09
98 45 7.136544080826e-10 9.148624991307e-10
99 45 5.382787339799e-10 2.890528492609e-10
100 45 -2.456303136019e-10 -4.603376775210e-10
101 45 3.628946574817e-10 -4.668042437960e-10
102 45 -6.967445595647e-11 -7.134845458804e-10
103 45 -2.400206156359e-10 -3.871330390374e-10
104 45 1.868572039992e-10 -7.097171835661e-10
105 45 -1.666820827015e-10 4.058330857078e-10
106 45 -2.609060918021e-10 5.731387393184e-10
107 45 -5.346140694639e-10 -7.345874498466e-11
108 45 -6.831726336448e-10 -4.097812556173e-10
109 45 -4.235966285274e-10 -1.899791570865e-10
110 45 -1.623395438326e-10 -2.672632355378e-10
111 45 4.830608217836e-10 -1.907580815099e-10
112 45 4.274495407677e-10 4.307019081755e-10
113 45 5.071473911906e-10 6.412169371186e-10
114 45 -1.681268179098e-10 -4.021419416740e-10
115 45 -6.922794893787e-10 -1.021530933526e-09
116 45 -6.425907422443e-10 -2.884221445531e-10
117 45 -1.792831566421e-10 4.247898693720e-10
118 45 4.372611714254e-10 4.353728000579e-10
119 45 3.666041020372e-10 6.151433726498e-11
120 45 -2.404430502057e-10 3.844445252788e-10
121 45 3.194284510471e-10 -4.870101325188e-10
122 45 -4.729451313359e-11 -7.021750066198e-10
123 45 -3.222781929277e-10 -1.977574918848e-10
124 45 -4.724066688311e-10 9.946274851958e-10
125 45 5.081472380818e-10 6.495213928416e-10
126 45 1.928310118665e-10 9.870389443055e-10
127 45 2.567260052294e-10 4.856615821970e-11
128 45 1.614515952489e-11 2.803966439508e-10
129 45 6.100070083745e-11 -1.958079436426e-10
130 45 6.883153416510e-11 3.877680351152e-10
131 45 -2.468198218183e-10 -6.062750593395e-10
132 45 -2.244764318834e-10 -7.373020465303e-10
133 45 -3.743423250253e-10 -8.167122144177e-10
134 45 -3.527695236357e-10 1.878885366072e-10
135 45 -2.935319993148e-10 -1.733812437382e-11
136 45 2.757832590143e-10 4.398454690552e-10
137 45 7.402443565262e-10 -5.956965626519e-10
138 45 -1.188652948004e-10 -3.152858875827e-10
139 45 3.831150567139e-10 2.398977363230e-10
140 45 -3.437969736053e-10 2.874012993887e-10
141 45 4.105917444591e-10 3.046108889937e-11
142 45 -5.534001202236e-10 -1.038814937154e-10
143 45 2.073610465279e-11 -8.731752856244e-12
144 45 -5.004412729668e-10 -2.462099080024e-10
145 45 1.975543186469e-10 4.230713981777e-10
146 45 3.215921963355e-10 3.201428185540e-10
147 45 6.925515485672e-10 5.696529116712e-10
148 45 2.280231239406e-10 -7.977901506428e-10
149 45 -8.785251436785e-11 2.269103043310e-10
150 45 -6.700853733722e-10 5.731310651579e-10
151 45 1.376650514884e-10 5.354322851702e-10
152 45 -4.300608767605e-10 -9.002868770879e-10
153 45 -4.789557885522e-12 -1.061952741464e-10
154 45 -1.349299708158e-10 -2.178467947109e-10
155 45 -2.455037557712e-10 5.285415244112e-10
156 45 -1.539862899994e-10 -1.107210669901e-10
157 45 -2.249181765168e-10 2.846479950630e-10
158 45 -1.018895763837e-10 -1.678196484806e-10
159 45 -6.305957673392e-11 -4.295607722883e-10
160 45 1.492086467348e-10 -9.313954708273e-10
161 45 -2.416447280111e-11 1.839063905188e-10
162 45 8.047785263103e-11 3.873031011095e-11
163 45 4.887943410731e-10 -3.422556682180e-11
164 45 -3.083090062031e-10 4.032704598453e-11
165 45 -4.299607383412e-11 4.677629928834e-10
166 45 -9.972901204923e-11 -1.327660250136e-10
167 45 5.344154005285e-10 -3.504431272381e-10
168 45 5.090292020937e-10 -1.000207637889e-11
169 45 2.101183336451e-10 3.017311657382e-11
170 45 1.798328471411e-10 7.015515896038e-10
171 45 1.848996583165e-10 3.430956885966e-10
172 45 2.769887569470e-10 -1.021646322066e-10
173 45 1.914653253378e-10 2.605290165128e-10
174 45 3.406938230834e-10 1.428480450049e-10
175 45 -2.906650851123e-10 -2.037584179069e-10
176 45 4.701091290261e-10 -4.933628436687e-11
177 45 3.080018468351e-10 2.874633066809e-10
178 45 2.836451297584e-10 3.913713614629e-10
179 45 -1.362508432445e-10 4.442892859273e-10
46 46 3.069556678808e-09 3.461964740131e-10
47 46 3.450197514067e-10 -3.372626470870e-09
48 46 2.119590674436e-09 2.559703029078e-09
49 46 6.520492418513e-10 -2.413291995123e-09
50 46 -5.292349787938e-09 9.477292218530e-10
51 46 1.167148882746e-09 5.154182477641e-10
52 46 -2.203971026513e-10 3.785459574506e-09
53 46 2.886156669636e-09 -4.627112756874e-09
54 46 2.284742498828e-09 -7.286308670886e-10
55 46 -1.423526836673e-09 -8.103207463670e-10
56 46 3.360497655631e-09 -7.971189061019e-10
57 46 -1.641584567433e-09 4.476508330281e-10
58 46 2.331808456758e-09 7.002285268616e-10
59 46 1.396352106527e-09 9.378749611717e-10
60 46 8.480718007367e-10 -5.050028450650e-10
61 46 -1.848346682490e-09 3.407537333162e-09
62 46 -1.693799239763e-09 1.036913714492e-09
63 46 -1.332823208299e-09 1.763105665515e-09
64 46 -1.622399687032e-09 9.571492477938e-10
65 46 2.518254211496e-09 1.671760215755e-09
66 46 1.669920775979e-10 -9.644743592858e-10
67 46 1.775842097689e-10 1.571696204827e-09
68 46 -4.615003140349e-10 1.751937436233e-09
69 46 -3.715037658659e-10 -4.831439870858e-10
70 46 -1.253272320785e-09 -1.012003588175e-09
71 46 -2.396795091171e-09 9.949442886109e-10
72 46 -1.643493018475e-09 -9.634832470017e-10
73 46 5.372971544705e-10 -6.737932005729e-10
74 46 -8.148621404261e-10 8.107725108214e-10
75 46 1.776105136181e-09 8.112539426157e-10
76 46 1.165152995054e-10 1.457725563262e-09
77 46 -1.748071648851e-10 1.800783008326e-10
78 46 3.577510853138e-10 5.402148818550e-10
79 46 1.099597131088e-09 -1.190898973179e-10
80 46 3.788391160742e-10 -7.282610542499e-10
81 46 1.198875427124e-09 3.310213152742e-10
82 46 -8.950069142413e-10 1.897360787528e-09
83 46 1.198019085360e-09 -3.326691525859e-10
84 46 -8.543300385739e-10 -5.844394371825e-10
85 46 -5.048435146268e-10 6.306747994046e-11
86 46 6.938089987872e-10 5.278257371051e-10
87 46 -4.462150427308e-10 -7.831348356330e-10
88 46 -1.032770664352e-09 -2.558118123055e-10
89 46 -6.818214877908e-10 -7.493278066382e-10
90 46 -5.923908156176e-10 -1.037386637045e-09
91 46 1.238507506292e-10 -3.619033120026e-10
92 46 6.121157387789e-10 6.647415980234e-11
93 46 1.712483186727e-09 -2.544026250235e-10
94 46 3.093447015883e-10 1.561065567987e-10
95 46 1.561895952975e-09 2.733224619548e-10
96 46 3.842236581516e-10 2.470263453416e-10
97 46 -1.304829659082e-10 1.220615026740e-10
98 46 2.835486985283e-10 -4.734667658698e-10
99 46 -9.011986190033e-10 -3.069640548901e-10
100 46 -1.183694609507e-09 1.280595590257e-10
101 46 1.028138917807e-10 4.111635896662e-10
102 46 7.996673246652e-10 -1.991279788472e-10
103 46 1.305995842440e-09 -8.395069840526e-10
104 46 -2.494757962265e-10 4.778470156066e-10
105 46 6.146923346294e-11 -1.016652419326e-10
106 46 -5.346598761791e-10 4.053397057668e-10
107 46 -1.128387363783e-09 2.680053209758e-10
108 46 4.126010299105e-10 8.622885741325e-10
109 46 -3.748393688874e-10 -5.791795444861e-10
110 46 1.605411979284e-10 -1.751068258524e-09
111 46 9.479467909109e-11 -5.821267266263e-10
112 46 -1.243904707538e-10 -1.224280801870e-11
113 46 -7.518333853591e-10 1.832835065900e-10
114 46 -8.690961839397e-10 -2.835623328282e-10
115 46 -3.372645598567e-10 -2.923959800976e-10
116 46 -2.248748992607e-11 -5.126899082799e-10
117 46 -1.368149879924e-10 -3.394131645414e-10
118 46 -8.007671877786e-10 -2.445333149608e-10
119 46 -5.294725263146e-10 2.889459867126e-10
120 46 1.055790106754e-11 5.197820386179e-10
121 46 -2.767388885024e-10 -1.816950453662e-10
122 46 2.246469769584e-10 7.694448790164e-10
123 46 1.205859126065e-10 4.133996048158e-10
124 46 1.519127736813e-10 1.609639383600e-10
125 46 5.127279891826e-11 -7.712884537863e-11
126 46 -1.856701963153e-10 3.824450274326e-10
127 46 -6.644959783650e-10 2.353230015231e-10
128 46 -6.716362528480e-10 -8.726628118295e-11
129 46 -7.056053946744e-10 6.640174722258e-11
130 46 -1.539640132529e-10 1.080157652923e-10
131 46 1.254453630847e-10 2.986436673549e-10
132 46 4.303739586749e-10 -4.052517160121e-10
133 46 -3.950850893360e-10 3.619113776975e-10
134 46 -1.823898311111e-10 3.050027843015e-10
135 46 -3.162723956279e-10 3.433508971314e-10
136 46 -5.073110228764e-10 -2.357662151507e-10
137 46 -8.604984981765e-10 1.970317763349e-10
138 46 -7.699346085036e-10 2.541290695148e-11
139 46 -2.642622945901e-10 7.878235277375e-11
140 46 2.020804711376e-10 1.369885259027e-10
141 46 2.649974238409e-10 1.417042020598e-10
142 46 3.288830602798e-10 -6.955433724786e-10
143 46 -9.637486458002e-11 -7.124628085737e-10
144 46 2.819193553663e-10 -8.775585549293e-11
145 46 5.771856297855e-10 3.362244981965e-10
146 46 6.948956658951e-10 2.728137793712e-10
147 46 2.579140788261e-10 -2.019339853565e-10
148 46 9.790635447693e-12 1.892296120357e-10
149 46 1.949468056648e-10 9.580112786773e-11
150 46 7.767795067925e-11 2.553106219489e-10
151 46 1.789825259083e-10 4.198322508224e-10
152 46 -1.766200861347e-10 -2.842511471449e-10
153 46 3.698918497976e-10 -1.047847734069e-10
154 46 -5.917319679517e-12 5.364914657246e-11
155 46 1.790287604756e-10 9.874644304493e-11
156 46 -5.635805278516e-10 4.674831390436e-10
157 46 -3.869244756633e-11 4.042578961765e-10
158 46 -5.696933020243e-10 -7.791319869326e-11
159 46 1.098219903357e-10 -3.862511612943e-10
160 46 -7.807845074086e-10 4.761260502809e-10
161 46 1.699406905776e-10 7.097273291509e-10
162 46 -3.880450301754e-10 -1.652140610468e-10
163 46 1.532496509894e-10 -3.838099969866e-10
164 46 -1.373122451956e-10 1.262756526384e-10
165 46 1.844728120717e-11 -3.049211174371e-12
166 46 -7.068685714892e-12 -2.462591344650e-10
167 46 -9.861790816986e-11 9.080312789255e-11
168 46 5.121232141800e-10 -1.658157461562e-10
169 46 4.170793042651e-10 4.893865964016e-11
170 46 4.594428966790e-10 -4.308517059164e-10
171 46 -2.775798532870e-10 6.599292802083e-10
172 46 2.810714236936e-10 -3.313846945031e-10
173 46 7.414366946373e-11 1.802427462280e-10
174 46 1.742978042891e-10 -9.716900154738e-10
175 46 -2.548235340982e-10 7.754823544072e-10
176 46 -1.782670584857e-10 -4.128515560535e-10
177 46 -4.343737541498e-11 6.653199935568e-10
178 46 2.031541594825e-10 -9.784353526754e-11
179 46 1.965404847630e-12 6.233327031906e-10
47 47 2.267090912885e-09 -2.884527663434e-09
48 47 -1.198294623922e-10 3.983545019357e-09
49 47 5.829956419491e-09 1.541578355335e-09
50 47 -5.939896922239e-10 -3.679548544896e-09
51 47 2.170299583187e-09 -2.015606836396e-09
52 47 -5.126800279092e-09 -6.893570595478e-10
53 47 1.599756606549e-09 4.917570659022e-09
54 47 -2.396985689858e-09 2.347738937356e-09
55 47 5.750870620324e-09 -5.533302486666e-10
56 47 4.052653047121e-09 3.133860362331e-09
57 47 -6.676133669264e-11 -2.819550623008e-09
58 47 6.322981414818e-10 9.995676454379e-10
59 47 -6.096368473159e-10 6.477429380830e-10
60 47 3.483721886285e-10 -8.934769380883e-10
61 47 -2.311023670467e-09 1.657482255056e-09
62 47 2.962930683157e-10 8.259148208945e-10
63 47 1.669806854414e-09 -8.739545885818e-10
64 47 -2.057063240402e-09 -1.709243371823e-09
65 47 3.377798488167e-10 6.315631241286e-10
66 47 1.223477358357e-09 -1.239957330009e-09
67 47 -1.206037745500e-09 -8.474932403223e-10
68 47 -1.895651721858e-09 4.456663848127e-10
69 47 1.056771104982e-09 1.871292581379e-09
70 47 -2.905361701116e-10 -1.099945320132e-09
71 47 9.551482689416e-12 1.212067975319e-09
72 47 9.867177306750e-10 1.394843546949e-10
73 47 7.144167066717e-10 -3.042113430708e-09
74 47 -1.946264809838e-10 6.814235049502e-11
75 47 -4.136442213846e-10 -5.300605804671e-10
76 47 1.018016650891e-09 -1.811490555697e-09
77 47 -1.559410159460e-09 -3.869924506642e-10
78 47 4.218454951969e-10 5.667038267771e-10
79 47 6.907365001151e-10 -5.743074813359e-10
80 47 -7.597133485829e-10 -5.308071108457e-10
81 47 -2.596569073877e-09 1.369733028522e-09
82 47 -7.988679230745e-10 1.570858025146e-09
83 47 -1.002947580237e-09 -1.546750466100e-09
84 47 -1.466006409030e-09 -2.014894540071e-09
85 47 8.011957776686e-10 -7.713988720960e-10
86 47 6.760610657959e-10 -8.413276432590e-10
87 47 8.073085598065e-10 -4.097697042058e-10
88 47 6.469639480796e-10 1.221981449148e-09
89 47 9.650685537555e-10 1.108719972812e-09
90 47 -3.221880745772e-10 -3.922330896666e-10
91 47 -5.471932019801e-10 1.149880354807e-09
92 47 3.531162564457e-10 -1.728376171168e-10
93 47 1.043917595616e-09 -3.771058149253e-10
94 47 -2.809082203152e-10 7.898151473881e-10
95 47 4.160853226908e-10 4.914777644787e-10
96 47 1.282830461637e-09 5.702530979356e-10
97 47 2.064040541640e-11 -2.187991995377e-10
98 47 1.312563467145e-10 2.986465460397e-10
99 47 3.559017795654e-10 7.328769638420e-11
100 47 5.375559153770e-10 -9.841837374308e-10
101 47 -1.210595128083e-10 6.099104270762e-10
102 47 -3.201279721845e-10 5.024961920976e-10
103 47 -1.339811469942e-11 -1.782201742522e-10
104 47 -1.164515590693e-10 6.226447349255e-10
105 47 6.942935928134e-10 -3.389035620508e-11
106 47 -2.177322637659e-10 -5.801008202437e-11
107 47 1.501824690976e-10 -2.531551536457e-10
108 47 -6.545031063309e-10 -1.040934768130e-09
109 47 -6.302288935278e-10 -3.844487138099e-11
110 47 6.549421376770e-10 7.970407687375e-10
111 47 1.449370091062e-09 1.413892460323e-09
112 47 -1.569164786361e-10 6.758759699447e-10
113 47 -1.111459065343e-09 7.812922267101e-11
114 47 -3.093675213169e-10 -6.685286274819e-10
115 47 -8.928378656123e-10 -1.051422845022e-10
116 47 -3.976491907214e-11 -1.420187072241e-10
117 47 1.873274707177e-10 1.650042967346e-10
118 47 6.521649744238e-10 5.104315180665e-10
119 47 6.429734813872e-10 -5.147617329222e-10
120 47 1.043785041835e-09 -1.416281908974e-10
121 47 3.640237897782e-10 2.297633289792e-11
122 47 6.140365294973e-10 -6.585018093964e-10
123 47 -5.314579600220e-10 -7.351136667195e-10
124 47 -3.251453341297e-10 -4.640026550095e-11
125 47 -4.909750536572e-10 4.072235988468e-10
126 47 5.307159579991e-10 1.367323203581e-10
127 47 -5.181762102406e-10 2.382184839070e-10
128 47 6.541012548250e-10 -1.709171945374e-10
129 47 -5.837262214610e-10 3.933505707944e-10
130 47 6.380662658567e-10 2.835884546854e-10
131 47 -4.472919039427e-10 -1.620535159737e-10
132 47 5.377375871307e-10 3.494368919365e-10
133 47 -6.546446577852e-10 2.064238188496e-10
134 47 3.885250489871e-10 5.803934302268e-10
135 47 -5.119209237615e-10 1.460169708173e-10
136 47 3.697349031559e-10 -1.608116817362e-10
137 47 -6.229649691213e-10 1.966550257400e-10
138 47 6.087324510357e-10 2.619916847127e-10
139 47 -4.601109908036e-10 2.227804664838e-11
140 47 7.148271450346e-10 2.396307559477e-10
141 47 -8.630325256252e-11 -1.609639916213e-10
142 47 4.193309067119e-10 -3.516592672585e-10
143 47 -6.663676251074e-10 -6.698846890884e-10
144 47 4.764290485046e-10 4.437621632236e-10
145 47 2.873679927428e-10 -1.284135890169e-10
146 47 7.387999357526e-10 1.547880575542e-10
147 47 2.265180877593e-11 -3.494458591353e-10
148 47 3.073760099643e-10 6.924259518695e-10
149 47 -2.464044797387e-10 -5.279784773707e-10
150 47 2.427804339532e-10 -8.362911417556e-11
151 47 1.054531605638e-10 -5.486028160147e-10
152 47 5.229393818322e-10 8.787557141912e-10
153 47 -1.190440074556e-10 -3.111519001557e-10
154 47 -1.677691078477e-10 1.194195254882e-09
155 47 3.679052995137e-10 3.924958806741e-10
156 47 7.600737247933e-11 7.486981279880e-10
157 47 -4.391271463133e-10 -5.835178210528e-10
158 47 -4.544055856604e-10 -4.960439895976e-10
159 47 1.512293512667e-10 -5.724040184693e-10
160 47 5.521814830917e-10 5.793052684266e-10
161 47 2.285537358747e-11 4.992356082249e-11
162 47 -2.037169653781e-10 1.089291789241e-09
163 47 4.893974243325e-11 5.472580683860e-10
164 47 -3.360444885901e-10 3.564853308916e-10
165 47 1.684676395452e-10 -2.330423740833e-10
166 47 3.316908321672e-10 -9.851058932554e-11
167 47 3.309528720296e-10 -4.160264743409e-10
168 47 -6.594011628103e-11 9.085950235758e-11
169 47 1.252137614298e-10 -1.378831476400e-10
170 47 -4.365478038357e-10 1.473168609028e-10
171 47 -1.628985425561e-10 -1.160615666206e-10
172 47 3.695913690155e-10 2.685275153367e-10
173 47 2.241477570470e-10 2.529808067496e-13
174 47 1.993791803031e-12 1.831478157470e-10
175 47 5.523729740098e-10 -3.569992216899e-10
176 47 5.393052911202e-10 -4.901742672590e-10
177 47 -1.707208351914e-11 8.042960840139e-11
178 47 9.604464925446e-11 6.935350828922e-10
179 47 -1.875010110296e-10 7.192880035894e-10
48 48 8.138805702256e-10 -2.725197267031e-09
49 48 -2.746051842459e-10 -1.426911579554e-09
50 48 2.329505983380e-09 3.947026130751e-10
51 48 -1.463105011418e-09 1.163970327273e-09
52 48 4.353727606112e-09 1.311292728327e-09
53 48 -3.220293500079e-10 -2.247595913222e-09
54 48 1.949347764120e-09 1.511766165431e-10
55 48 -4.724262085353e-09 9.202364082555e-10
56 48 3.956758217621e-10 6.603370027872e-10
57 48 2.585476542568e-09 1.179521072758e-09
58 48 -1.194126790748e-09 -3.599412544816e-09
59 48 1.481000942953e-09 2.456516552086e-09
60 48 -1.654880315330e-09 -2.532987063683e-09
61 48 8.484615545738e-10 -5.907382276536e-10
62 48 1.106112494542e-09 7.536486761076e-10
63 48 5.425753803750e-09 -6.787868763834e-10
64 48 1.783593693586e-09 -3.771156751434e-09
65 48 1.830595978831e-09 -1.195439996689e-09
66 48 1.637254761812e-09 7.517707912569e-10
67 48 1.239284675730e-09 -2.264501841806e-09
68 48 -1.913359465389e-09 7.224600676128e-10
69 48 9.474994888546e-11 -6.555673434207e-10
70 48 1.614643620514e-09 -1.356887097766e-09
71 48 -2.093478034999e-09 2.116382935680e-09
72 48 -4.952394772414e-10 1.793187877242e-09
73 48 3.181747878805e-10 7.533388329769e-10
74 48 2.773201289601e-10 -5.929912923359e-11
75 48 5.066052018962e-10 -7.381855638484e-10
76 48 1.678583448484e-09 -1.098745332704e-10
77 48 1.344545828662e-09 -1.536722090247e-09
78 48 -2.299874932211e-10 1.230140520128e-09
79 48 4.358062855429e-10 -6.317336833426e-10
80 48 1.124997200158e-09 9.894964835547e-10
81 48 -1.193747753802e-09 1.007567426411e-09
82 48 -3.841475794893e-10 6.434430643649e-10
83 48 3.022090091087e-10 -1.113043059154e-09
84 48 3.836927883598e-10 -9.503201593538e-10
85 48 9.988202312692e-10 -7.912889176466e-10
86 48 1.389876158408e-09 -1.878992341258e-10
87 48 1.532714247097e-09 5.726648972709e-10
88 48 1.177541387956e-09 1.778140862804e-09
89 48 -6.993719757285e-10 2.505907219659e-10
90 48 -2.959021735033e-10 -5.610356965419e-10
91 48 -1.189960530174e-09 -1.648425440942e-10
92 48 -1.697023329226e-10 -5.784481967133e-10
93 48 -3.325282889210e-12 -1.124493332711e-09
94 48 -1.423184632671e-09 -5.822428317715e-10
95 48 4.358792367489e-10 -6.934033713657e-10
96 48 1.188530677196e-09 -1.461820186401e-10
97 48 2.641628055384e-10 8.163995344111e-11
98 48 -5.771079065839e-10 8.760804898616e-10
99 48 -4.499774623204e-10 1.330409302097e-10
100 48 3.345656833222e-10 3.841041995589e-10
101 48 -3.908946104939e-10 9.114996640313e-10
102 48 1.418965120672e-09 2.580413226354e-10
103 48 5.618402252581e-10 -1.186656480043e-10
104 48 1.178257444533e-10 4.442942581553e-10
105 48 -1.634271534249e-10 -6.300191948793e-11
106 48 3.775881038546e-10 -5.024352818920e-10
107 48 -1.326076971971e-10 -3.816787668963e-10
108 48 -4.900390930983e-10 -9.294316321513e-11
109 48 4.493554744417e-10 -2.330169800666e-10
110 48 1.150845432442e-09 -2.029530397492e-10
111 48 6.524478099679e-11 1.039937777035e-09
112 48 -9.511199586744e-10 9.551240778705e-10
113 48 -3.122067152266e-10 6.883681524518e-10
114 48 -2.311387251634e-11 -4.395210649279e-10
115 48 1.278218553338e-09 -5.452675150073e-10
116 48 5.287772599454e-10 -1.024640301942e-09
117 48 2.136329873671e-11 -1.305660952021e-09
118 48 -6.733400607954e-10 -2.133123553630e-10
119 48 -1.923743898259e-10 1.094628321091e-10
120 48 -3.035993672769e-10 7.587559840530e-12
121 48 -4.520606610122e-11 3.072857888045e-10
122 48 -4.551793395382e-10 2.836491824231e-10
123 48 2.453461111604e-10 -3.075608695056e-10
124 48 3.434432322868e-10 -2.726818818863e-10
125 48 3.473991449525e-10 6.256056431132e-10
126 48 1.957514142149e-10 7.700003958448e-10
127 48 -5.862698966665e-11 5.275805281839e-10
128 48 -4.979646657188e-10 3.107420497752e-10
129 48 -2.365749376184e-10 5.750493193509e-10
130 48 2.759549751114e-10 -8.013554644728e-12
131 48 7.636293307201e-10 2.123386390697e-11
132 48 1.065466283959e-10 1.244819605263e-10
133 48 2.169756833259e-10 -1.751408293469e-10
134 48 -3.842927224194e-10 4.070366651343e-11
135 48 -1.565141176147e-10 4.856839898268e-10
136 48 7.383443642861e-11 7.673331816214e-10
137 48 5.122121915403e-11 5.519168970181e-10
138 48 -3.780057810700e-10 -1.654832909573e-10
139 48 2.493190966232e-10 -2.119630778733e-10
140 48 5.570389117200e-10 1.982795738809e-10
141 48 2.386808483497e-10 2.280849600624e-10
142 48 -1.202629616210e-10 5.981113808941e-11
143 48 6.670442082881e-10 -6.359313025024e-10
144 48 -2.249385408743e-10 -1.877421488333e-10
145 48 -1.947920543886e-10 -2.596714584933e-10
146 48 -2.523205736031e-10 -4.037475126118e-10
147 48 3.862261249558e-10 -3.051527091700e-10
148 48 -4.545189703655e-10 2.379008990047e-10
149 48 -3.305857609806e-10 5.928965855398e-10
150 48 -4.189269843758e-10 2.890996715260e-10
151 48 1.047805462146e-09 -3.783352000417e-10
152 48 3.627895123055e-10 -5.492317409397e-10
153 48 4.254076173329e-10 -8.791687011156e-10
154 48 -1.121515103846e-10 2.314753607026e-10
155 48 3.763649486008e-10 3.221895287600e-10
156 48 -1.268063342006e-09 6.474977850856e-10
157 48 -2.264111704278e-10 -8.745408630941e-11
158 48 -1.514195798688e-10 6.134149657630e-10
159 48 1.296125973415e-09 -5.085635314507e-10
160 48 -1.032621052320e-10 1.634081860132e-10
161 48 8.002837180298e-10 2.341776994523e-10
162 48 -2.215314764754e-10 1.205223815348e-09
163 48 -2.461970267869e-11 -4.052469014451e-10
164 48 -9.443750118852e-10 2.122767765753e-10
165 48 6.667466244474e-11 -3.378129542241e-10
166 48 -1.819476333970e-10 1.713123357374e-10
167 48 2.102054471847e-10 -8.787894821842e-10
168 48 -7.325138052643e-14 -1.412554852739e-10
169 48 7.718475972891e-10 2.559170523018e-10
170 48 -9.763508431040e-11 2.036935817698e-10
171 48 -2.077173137522e-10 1.118731702199e-10
172 48 -5.910229375626e-10 -7.876076736088e-11
173 48 -5.123687256754e-11 -6.835804172996e-10
174 48 3.204517036135e-10 -6.386212195831e-10
175 48 2.982612966921e-10 2.804355887815e-10
176 48 1.744105357646e-10 4.698921419370e-10
177 48 2.700699116637e-10 2.015682198194e-10
178 48 -2.504707325310e-10 3.231444960638e-10
179 48 -1.979471550088e-10 -6.680395765061e-10
49 49 4.307284530350e-11 -4.432286351401e-10
50 49 2.681398746323e-09 -1.768071211728e-09
51 49 -5.094022097997e-10 -3.519377222106e-09
52 49 -1.337114698673e-09 8.883301660356e-10
53 49 -1.890293638013e-09 -3.655849265116e-09
54 49 -8.703273387664e-10 1.940289038580e-09
55 49 1.756024500764e-09 -3.097895468702e-09
56 49 -3.192117377906e-10 2.720368484192e-09
57 49 -2.200490956147e-09 -1.974617169605e-09
58 49 1.696119419237e-09 2.245613382365e-09
59 49 -4.350983138851e-10 2.386330301430e-09
60 49 4.467294770821e-09 -9.484972037841e-10
61 49 2.477611176148e-10 -6.002906707178e-10
62 49 -4.207849053901e-11 2.239322194345e-10
63 49 2.919070354771e-09 8.439932117849e-10
64 49 -2.427829025172e-10 -1.189079928933e-10
65 49 -1.879067096281e-10 2.436950257169e-09
66 49 -1.546349574759e-09 1.969615485734e-09
67 49 -4.396276080802e-10 1.045585099965e-09
68 49 -7.947084407018e-10 1.501520779680e-09
69 49 2.552220079118e-09 4.041390995487e-10
70 49 -4.117509358734e-10 -4.446532571195e-11
71 49 8.094756221856e-10 -8.444011999673e-11
72 49 -1.498253506860e-09 1.118333416202e-09
73 49 -5.973810506389e-10 -1.019623257320e-09
74 49 -3.033636823164e-09 -8.148866069687e-10
75 49 -1.212541504226e-09 7.985847307564e-10
76 49 1.200488098194e-09 4.177193394884e-11
77 49 2.312145813029e-09 -2.408850678211e-10
78 49 -5.886085995608e-10 1.721720842027e-09
79 49 3.533876673727e-10 1.483239131949e-09
80 49 1.283652920913e-09 6.119761357490e-10
81 49 -1.617485824867e-09 1.714888244403e-10
82 49 -9.161156881562e-10 7.182628910077e-10
83 49 1.736416409275e-09 -8.618163055907e-10
84 49 4.786564708120e-10 -1.173281893541e-09
85 49 9.676507052274e-10 -7.107249641241e-10
86 49 3.685731090267e-10 8.514993532946e-10
87 49 5.818174543335e-10 1.066558251842e-09
88 49 -1.443454490955e-09 1.327135869108e-09
89 49 -8.879097933482e-10 1.789050034449e-10
90 49 -1.125348930251e-09 -8.335946660840e-10
91 49 -4.670258337171e-10 -5.093065444365e-10
92 49 4.221061713383e-10 -3.544207008843e-10
93 49 1.226438348406e-09 -7.496844895494e-10
94 49 1.371197552737e-09 -1.262899685487e-09
95 49 4.952168298562e-10 4.339104425505e-10
96 49 1.899035091883e-09 4.688955571104e-10
97 49 1.502422157414e-09 1.344746390596e-09
98 49 -1.709551932289e-11 1.085563018210e-09
99 49 1.760053938425e-11 -3.170496355985e-10
100 49 -3.877368558902e-11 -3.039960952798e-10
101 49 -3.538312741470e-10 -3.691459158359e-10
102 49 -2.568228572885e-10 -5.449445953157e-10
103 49 4.368522262997e-10 3.025959682435e-10
104 49 1.363688998851e-09 -2.934602864456e-10
105 49 9.557228680815e-10 3.795596027786e-10
106 49 5.890519932888e-10 -6.113755210716e-10
107 49 -3.766771501436e-10 -3.200386852993e-10
108 49 -5.705225647994e-10 3.846187967450e-10
109 49 4.165268597444e-10 -4.601129632314e-10
110 49 6.522614353916e-10 7.321920189258e-10
111 49 8.287502015851e-10 6.754836571257e-10
112 49 3.601369879732e-10 -3.690773728998e-10
113 49 -9.813346361309e-10 -6.466254621784e-10
114 49 -3.913630078357e-10 4.982880868038e-10
115 49 1.031185635862e-11 -6.643452181556e-11
116 49 1.909965495724e-10 -3.223497795098e-10
117 49 -1.696223950032e-10 5.490511873331e-10
118 49 6.365550039189e-10 7.889686870583e-10
119 49 1.646726915833e-11 6.407788746629e-10
120 49 -7.968848731586e-10 1.549931034219e-10
121 49 -9.018648948827e-10 1.072384685299e-10
122 49 -4.024286549980e-10 -1.040693707507e-09
123 49 -4.835349349888e-10 2.483154171513e-10
124 49 8.738663085053e-10 8.134503014464e-12
125 49 6.822928565456e-10 5.443113466556e-10
126 49 1.228521705422e-09 -2.645759478150e-10
127 49 1.088112795916e-10 -5.733018104559e-10
128 49 -4.617325099540e-11 9.475690896207e-12
129 49 -2.160924508218e-10 6.629985759268e-10
130 49 -4.622469234604e-10 -3.872797219049e-11
131 49 4.388039771807e-10 3.532478256324e-10
132 49 3.698029537214e-10 -3.063015164299e-10
133 49 1.927896007505e-10 5.286219536608e-10
134 49 -8.154610890965e-10 5.064638514071e-10
135 49 6.141028566585e-10 8.990560975743e-10
136 49 8.927286367032e-10 -7.400008104307e-11
137 49 6.801158471516e-11 -3.439045226145e-10
138 49 -4.263732827292e-10 -5.713836299395e-10
139 49 2.040999512128e-10 -3.442744187899e-10
140 49 -6.278377068160e-10 -3.128375134255e-10
141 49 -3.085624077609e-10 2.879133803980e-10
142 49 -3.302835177312e-10 2.022680034202e-10
143 49 1.355349636701e-10 4.183156778826e-10
144 49 -6.966334284426e-10 2.572846297895e-10
145 49 1.264374368887e-10 3.342012679972e-10
146 49 4.059733344216e-10 -3.648749425852e-10
147 49 3.185635757266e-10 -4.195633862165e-10
148 49 -5.863404751541e-10 -2.475431277546e-10
149 49 -2.476356032723e-10 -3.521041307499e-10
150 49 -6.068602564385e-10 -5.009464925183e-10
151 49 -4.177052046050e-10 -1.911729245457e-10
152 49 2.146131272540e-11 4.423837694594e-10
153 49 4.711212615563e-10 2.389899204897e-10
154 49 6.648319325653e-10 1.310303278961e-10
155 49 -1.347932704198e-10 6.271246617751e-10
156 49 -1.328775480478e-10 9.284655804705e-12
157 49 -4.548369662344e-10 -6.322415259332e-10
158 49 -1.421556960411e-10 -3.223667730722e-10
159 49 -3.721344453723e-10 -2.233489812318e-10
160 49 6.382740422270e-10 -2.109083776016e-10
161 49 2.478554328588e-10 -5.707927166949e-11
162 49 2.952476861994e-10 9.102838025917e-10
163 49 -5.094528805399e-10 7.350603257684e-11
164 49 -6.701420440035e-13 1.221184252631e-10
165 49 -5.035072119319e-11 -6.247846000631e-10
166 49 4.363980768875e-10 -1.385828656121e-10
167 49 9.059903171359e-11 -2.284937489960e-10
168 49 4.762925580718e-10 7.347091086622e-10
169 49 2.299062153843e-10 2.832644021623e-10
170 49 -1.458642613766e-10 6.491427471613e-10
171 49 -7.932557574213e-10 -5.544783928431e-12
172 49 -3.163447781590e-10 1.518213340871e-10
173 49 -7.315962847545e-10 -5.216267805177e-10
174 49 -4.001849039563e-10 -2.993261767246e-10
175 49 5.699548377195e-10 -1.125446562881e-10
176 49 4.595727139044e-10 2.966352825983e-10
177 49 -2.676511762196e-11 6.760920028088e-10
178 49 -1.322406843803e-10 9.663412744348e-11
179 49 2.191621990705e-10 -1.271081438115e-11
50 50 1.058262362613e-09 2.183896105905e-09
51 50 -1.417532216717e-09 -1.694974636625e-10
52 50 -2.314789960690e-09 1.106057923267e-09
53 50 5.281880111200e-09 1.094467854630e-09
54 50 -1.371216648845e-09 -1.831318632070e-09
55 50 -1.421278484163e-09 -2.963296020447e-10
56 50 -2.903471468996e-09 -3.898135475330e-10
57 50 2.032689009436e-09 -2.989461461875e-09
58 50 4.984237283044e-10 3.913416530833e-09
59 50 -1.151782583889e-09 -5.939959138603e-10
60 50 2.690114730448e-09 4.246311706618e-09
61 50 -8.094709166408e-10 4.007792966967e-10
62 50 2.313041039160e-09 2.020157327058e-09
63 50 1.496731412186e-09 6.726089267981e-10
64 50 -1.959049256729e-09 -2.942685547784e-09
65 50 -1.901293745723e-09 6.908848497339e-10
66 50 -1.925523073330e-09 7.703519604177e-10
67 50 1.372140600284e-09 -1.668375565634e-10
68 50 -7.692457876854e-10 -1.024236696343e-09
69 50 1.079387767418e-09 -2.042006705158e-09
70 50 3.604624777457e-09 -6.956853229625e-10
71 50 3.369442784878e-10 -1.953906593148e-09
72 50 -3.271172956743e-10 -4.274758677540e-10
73 50 2.531858706316e-09 -1.209464983033e-10
74 50 -1.756519388782e-10 -2.155783353220e-09
75 50 -1.050798453314e-11 -1.051743335450e-09
76 50 -7.277925360079e-10 3.445521162850e-12
77 50 -4.349846294156e-10 -1.072854159596e-09
78 50 4.613708624124e-11 2.902506273064e-10
79 50 -9.415473583397e-10 2.128224368829e-09
80 50 1.159382100590e-11 1.377716137786e-09
81 50 -8.574426653104e-10 3.665277427121e-11
82 50 -1.356407147615e-10 -1.489077280451e-09
83 50 1.641974756714e-10 -1.116645937924e-09
84 50 8.441348696417e-10 -9.814755619220e-11
85 50 -3.317951112213e-10 -1.545477199342e-10
86 50 9.594477338135e-10 -9.570202619818e-11
87 50 3.635337079278e-10 7.145638714792e-10
88 50 -7.167171356050e-10 3.558658368498e-11
89 50 -4.284559844428e-11 -7.193062781050e-10
90 50 -2.389426947521e-10 -1.338845152407e-09
91 50 -1.052309976701e-09 -6.027559253116e-10
92 50 3.833874386899e-10 2.032430469122e-09
93 50 8.321393693725e-11 5.227804375912e-10
94 50 4.891484426268e-10 -5.410156700537e-10
95 50 3.114357102308e-11 5.828567189743e-10
96 50 -8.775014452985e-10 6.877368802423e-10
97 50 -2.746141397377e-10 6.106394214064e-10
98 50 -8.534996097141e-10 5.434259806473e-10
99 50 3.622129823184e-11 -3.500309890096e-10
100 50 5.788633497605e-10 -2.163613519872e-10
101 50 5.015268497602e-10 -1.289063537434e-09
102 50 4.875736738117e-10 -2.810644249344e-10
103 50 7.761336820555e-10 -4.127071356688e-10
104 50 -7.304353822041e-12 -3.639829023559e-10
105 50 3.533800346629e-10 1.232955844428e-09
106 50 -3.823534106338e-10 5.594735993668e-10
107 50 -5.019917047539e-10 5.826288259665e-10
108 50 -2.392925455329e-10 -1.599581021824e-11
109 50 -6.091144180888e-10 2.155270871328e-11
110 50 8.496877522034e-11 -8.341860210039e-11
111 50 5.013730914616e-10 3.012498230279e-11
112 50 -4.176666380990e-10 7.154048553727e-10
113 50 -5.999387965721e-10 4.334276972719e-10
114 50 1.027771850774e-10 6.017306714060e-10
115 50 9.410730738590e-10 -5.678631615616e-10
116 50 5.627994371226e-11 -1.082597474963e-09
117 50 -4.433084646838e-11 -6.063184346727e-10
118 50 -2.867508071111e-10 1.662591241725e-10
119 50 -2.494068351085e-10 1.225083516447e-09
120 50 -1.272153718871e-10 7.063407852509e-10
121 50 3.956626907426e-10 1.084423860729e-11
122 50 6.935144492741e-11 -4.290893690224e-10
123 50 -5.060527398801e-10 -6.403731836830e-10
124 50 -1.234352567748e-10 -3.380102517141e-10
125 50 6.329565622083e-10 -5.229171605732e-10
126 50 -2.922539128306e-10 2.568805139426e-10
127 50 7.177408295438e-10 6.021623195687e-11
128 50 2.643205006710e-10 -8.397814424047e-11
129 50 3.489585112557e-10 1.798250489208e-10
130 50 3.770366606963e-10 -1.095521907063e-10
131 50 6.997249276605e-10 -1.690304537882e-10
132 50 -2.783841331784e-11 -7.254448966374e-10
133 50 -2.613346698185e-10 -6.616820759336e-11
134 50 -3.886745618582e-10 4.988459933233e-11
135 50 5.047010402535e-10 2.064885642752e-10
136 50 1.105681577263e-10 -2.641878046938e-10
137 50 -3.348626084166e-10 -1.151780863845e-10
138 50 -5.221755436195e-11 4.658816905109e-10
139 50 3.523569252284e-10 3.405223345528e-10
140 50 1.502321475637e-10 2.184511470789e-10
141 50 3.978991935963e-10 -1.362742793643e-10
142 50 7.948362484293e-10 -7.050762664097e-10
143 50 6.145477458443e-11 -3.094415920158e-10
144 50 -2.708849972271e-10 4.511998461420e-11
145 50 -7.114652191744e-11 -7.280996733150e-11
146 50 9.217874750365e-10 -1.629322344512e-10
147 50 6.933547394384e-11 3.156901291586e-10
148 50 4.564719299132e-10 8.275647030001e-10
149 50 -5.053010449614e-10 -1.128051458695e-10
150 50 4.344383940504e-10 -5.060771871148e-10
151 50 -3.651566205133e-10 -9.302840928040e-10
152 50 6.981075292148e-10 -4.325875810162e-10
153 50 7.471278447426e-11 -4.944787627666e-10
154 50 -1.732542174757e-10 6.756696177726e-10
155 50 -6.245064612974e-10 8.396089374443e-11
156 50 3.946259101317e-10 -1.952888027566e-10
157 50 -2.783895695775e-10 -8.448926719039e-10
158 50 1.211956646109e-10 -4.269523838719e-11
159 50 -1.307564960825e-10 -5.463659172626e-10
160 50 6.779571423780e-10 -1.042799936326e-10
161 50 -1.987844354715e-10 4.046275351197e-11
162 50 3.388879441568e-10 1.015155879635e-09
163 50 -2.625155690800e-10 2.089709891170e-10
164 50 4.571133830249e-10 -3.261512237912e-10
165 50 -4.517106682834e-10 -1.877458229221e-10
166 50 2.321832280996e-10 -5.729385127274e-11
167 50 -1.315075720103e-10 -9.866882499776e-10
168 50 3.774053880817e-10 -1.303276418342e-10
169 50 4.312478327113e-11 5.873932489042e-10
170 50 -1.433226418441e-10 5.944992329769e-10
171 50 -2.097524125404e-10 1.799702002897e-11
172 50 -5.013083958697e-10 1.718448112025e-10
173 50 -2.007263686589e-10 -6.529397853562e-10
174 50 2.081950063195e-10 -2.857086565777e-10
175 50 5.989734358230e-10 -1.773240648578e-10
176 50 1.611722818415e-10 3.379577670705e-10
177 50 -2.086744739660e-10 9.054200719762e-11
178 50 -7.814049822076e-10 4.583105987973e-10
179 50 2.606140484506e-10 -1.982857114759e-11
51 51 5.559035845505e-10 1.295354065180e-09
52 51 -1.600783225125e-09 6.236743208893e-10
53 51 -2.090925065804e-10 3.067310853600e-09
54 51 3.638039000284e-09 7.881649047880e-10
55 51 -1.382427726224e-09 3.822436979560e-09
56 51 3.800827097740e-09 -7.727012751968e-10
57 51 -1.156901686773e-09 -1.444876350701e-09
58 51 2.045855771443e-09 -1.956665550087e-09
59 51 1.055932549996e-09 2.490653723243e-09
60 51 -9.235456342450e-10 -1.485588297725e-09
61 51 7.898970791715e-10 1.002168912609e-09
62 51 -2.438121003365e-09 -4.950224957576e-10
63 51 2.714881680118e-09 1.271088046452e-09
64 51 1.142188887963e-09 8.259785735681e-10
65 51 -3.058753068851e-10 -1.977959399081e-09
66 51 -9.368384999369e-10 2.008135178007e-09
67 51 5.159281319064e-09 8.019133273875e-10
68 51 2.829917143489e-09 -2.510677368949e-10
69 51 1.123444253575e-09 -9.790360179859e-10
70 51 -2.129823443838e-10 2.143312402964e-10
71 51 4.645871565337e-10 -2.381276590346e-09
72 51 -5.679922524133e-10 1.818139312524e-09
73 51 1.657942051073e-10 -5.004248267753e-11
74 51 2.007621784063e-09 -8.054680205987e-10
75 51 -6.964376011248e-10 -3.372895005708e-10
76 51 5.069278001817e-10 2.217747581036e-10
77 51 1.213293631888e-09 -5.568101545156e-11
78 51 -7.265679089391e-10 -5.340716174026e-10
79 51 -6.992214865135e-10 5.322351723309e-10
80 51 -1.032414178625e-09 6.133194861837e-10
81 51 -8.755949765222e-10 -7.003397308952e-10
82 51 4.840283678212e-10 5.249191983900e-11
83 51 -3.831430037410e-10 -5.560554510563e-10
84 51 1.080262680989e-09 -5.246198789030e-10
85 51 -5.576881227026e-10 -6.033555911654e-10
86 51 2.731947308834e-10 3.217750405610e-10
87 51 -2.877686506901e-10 -6.618960928804e-11
88 51 -4.805481509282e-10 -1.742609342266e-11
89 51 -6.213799725422e-10 6.975322343214e-10
90 51 2.863578630487e-10 8.963510329257e-10
91 51 2.164550963291e-10 -6.758085172842e-10
92 51 3.150114668559e-11 -1.757299754937e-11
93 51 -6.973296399740e-10 1.045419988409e-09
94 51 5.061112782578e-10 8.275729027101e-10
95 51 -3.067730197816e-10 1.647046025176e-11
96 51 1.642378760213e-10 -2.934797038060e-10
97 51 1.461178351571e-09 -7.927605507318e-10
98 51 2.391270133868e-10 -2.247229889038e-09
99 51 3.370248975397e-11 -6.617971014552e-10
100 51 -1.838876158096e-11 -3.081943347101e-10
101 51 1.740457495375e-10 5.534442043624e-10
102 51 7.156626430688e-10 1.032595442520e-09
103 51 7.022207141533e-10 6.802457677279e-10
104 51 1.018310964710e-09 8.813924938517e-10
105 51 -5.946155282081e-10 3.336930418164e-10
106 51 -2.232143519319e-10 4.226221176623e-10
107 51 -8.795425820036e-10 -3.370279913569e-10
108 51 7.934113682316e-10 -1.930693331947e-10
109 51 8.111007974075e-10 4.205663666781e-10
110 51 5.360973599535e-10 9.540401344694e-10
111 51 7.580069152017e-10 -5.789623187954e-10
112 51 7.341626018915e-10 1.452653846345e-10
113 51 -2.561769044340e-10 1.602114546243e-10
114 51 -6.513853637476e-10 1.497689447333e-10
115 51 -6.758220557895e-10 4.889355333185e-10
116 51 3.186439486633e-10 -5.063922848150e-10
117 51 1.037015683260e-09 -5.779517380859e-10
118 51 1.049255866165e-09 -4.380181450462e-10
119 51 -2.175557552383e-10 6.238229166751e-10
120 51 -3.801545969288e-10 -5.303514264065e-11
121 51 -5.714892620303e-10 -2.882310240354e-10
122 51 -2.048463685313e-10 1.860709270745e-10
123 51 5.682890101179e-10 8.143414689695e-10
124 51 1.775722996349e-10 4.375188652921e-11
125 51 3.908978208100e-11 -1.092781051656e-09
126 51 -3.070783854716e-10 -9.848647611658e-10
127 51 2.180273972501e-10 -9.194124310435e-10
128 51 1.969151817950e-10 -3.537463115192e-10
129 51 2.548884526295e-10 -3.165393078365e-10
130 51 2.106414112366e-10 2.530813702012e-10
131 51 3.004925394834e-10 8.243513236074e-11
132 51 -2.004330953674e-10 2.711625177088e-10
133 51 -2.591886925781e-10 -4.548386556296e-11
134 51 3.767595188465e-10 -7.626756103807e-11
135 51 6.179018624795e-10 -1.928941871787e-10
136 51 1.977328431510e-10 2.781234933662e-10
137 51 9.554130450693e-10 -1.071005151455e-09
138 51 3.998616212779e-10 2.185530046623e-10
139 51 -1.123127793761e-10 2.550827229418e-11
140 51 -2.424915414536e-10 1.000148084833e-09
141 51 2.372723037856e-10 -3.605481956663e-10
142 51 3.422419520943e-10 7.815800159368e-11
143 51 1.844361552514e-10 -6.895631108859e-11
144 51 3.579919817385e-10 -2.985999348999e-10
145 51 5.251989957894e-10 -5.105080803419e-10
146 51 7.934683660102e-10 1.162119627334e-10
147 51 -1.227035658231e-10 -1.991209826169e-10
148 51 -4.855309505045e-10 3.123809245766e-10
149 51 -7.937777369127e-10 -2.972354901146e-10
150 51 -2.802963610330e-10 2.751566892379e-10
151 51 4.925274889119e-10 -5.111929880676e-10
152 51 2.222243567744e-10 -5.361285885996e-10
153 51 3.135194699201e-10 -1.316406480310e-10
154 51 2.871435783783e-11 6.973856874063e-10
155 51 -3.270378332581e-10 3.675000045661e-10
156 51 -3.489221991682e-10 1.182914261573e-11
157 51 1.579120746874e-10 4.200453965763e-10
158 51 -3.102936301623e-10 1.038659613396e-10
159 51 3.323571069992e-10 -5.117926712768e-10
160 51 6.614760229861e-11 -4.045793677812e-10
161 51 2.039758866449e-10 4.649619477542e-10
162 51 -7.248822055685e-10 3.203740295878e-10
163 51 -2.625484742781e-11 -2.145621482499e-10
164 51 -8.466739848225e-10 -9.860872350219e-11
165 51 -7.146832249091e-11 -1.358019640877e-10
166 51 -3.088931580595e-12 -3.282189059453e-10
167 51 2.481427297725e-10 -7.649203769464e-10
168 51 1.590275989034e-10 -1.587658697220e-10
169 51 1.318130528832e-11 6.886869685514e-12
170 51 -6.147265483539e-11 -1.553615609872e-10
171 51 -5.544586536259e-10 -1.481025295960e-10
172 51 -2.858999220607e-10 3.964343256522e-10
173 51 -3.271695514046e-10 2.972532045672e-10
174 51 1.961390621046e-10 -6.832280117121e-10
175 51 2.618296234216e-10 -4.800597236699e-10
176 51 3.508940555608e-10 3.620210953776e-11
177 51 -3.473483625930e-10 -1.235286874628e-10
178 51 -2.595788812891e-10 -9.546191931490e-11
179 51 -2.875613527080e-10 3.109073471331e-10
52 52 -1.030897914163e-09 -1.861655889590e-09
53 52 -1.549267744553e-09 1.437086239682e-09
54 52 6.650587815799e-10 -3.736751681157e-10
55 52 -4.143699816242e-09 -2.097564666174e-09
56 52 -7.721668887627e-10 1.540536932054e-10
57 52 2.245417000035e-09 -2.458818371887e-09
58 52 1.854128944125e-09 2.096224515616e-09
59 52 -2.951764232959e-09 -1.455649570588e-09
60 52 6.669722792300e-10 1.970465227598e-09
61 52 -3.730366334694e-09 -1.674371191686e-09
62 52 1.285090164011e-09 -3.865044407619e-09
63 52 -1.991417950433e-09 3.888243376587e-09
64 52 2.695472078077e-09 -6.661502394851e-10
65 52 6.080791215176e-10 2.168848980971e-09
66 52 -3.406382383059e-10 3.857303931158e-11
67 52 1.327120734113e-09 1.496863832171e-10
68 52 -2.083225305824e-09 7.524950273445e-10
69 52 9.772056604757e-11 1.044099717066e-09
70 52 -8.874925959553e-10 2.669092090930e-09
71 52 -2.406868435936e-09 -1.558588592124e-09
72 52 -1.543982715276e-09 3.263092265094e-10
73 52 1.723135388208e-10 1.356650822369e-09
74 52 1.861274241009e-09 -6.187791320791e-10
75 52 8.935563995148e-10 -1.185470899018e-09
76 52 -1.404212470830e-09 9.599204271955e-10
77 52 -1.862247831853e-10 -7.604009992917e-10
78 52 -2.892364787035e-10 3.731356385299e-10
79 52 -8.679693218450e-10 -1.051526431857e-10
80 52 -7.756547712656e-10 -1.122999477328e-10
81 52 2.558949295811e-10 -1.675955377320e-09
82 52 -1.128727715992e-10 -1.478399768011e-10
83 52 -7.605941113843e-10 1.184960379923e-09
84 52 6.523058110870e-10 5.275487989041e-10
85 52 3.856562178344e-10 -5.326882911250e-11
86 52 1.603016411164e-09 3.098063598201e-10
87 52 1.206506296752e-09 -1.431892845681e-10
88 52 8.103450864553e-10 -1.418173500256e-09
89 52 -8.432250797094e-10 -6.602727037239e-10
90 52 -7.808949831490e-10 2.691500674437e-10
91 52 1.192845506312e-09 3.310075328238e-10
92 52 -4.303573124680e-10 1.010908964054e-10
93 52 5.112493074137e-10 6.396961786760e-10
94 52 1.323065177572e-09 -1.100368103889e-09
95 52 -4.538676647564e-10 -9.299066273547e-10
96 52 2.713937340500e-10 8.021595987628e-10
97 52 2.651735222553e-10 7.344207887773e-10
98 52 -1.739976554574e-10 1.545327784451e-10
99 52 -2.973866121874e-10 3.331178413244e-10
100 52 2.788965735797e-10 -9.802852451479e-10
101 52 -4.375279687330e-10 -1.005818052577e-09
102 52 -3.847691756413e-10 1.876970012148e-10
103 52 -2.976559201957e-10 -4.290290609306e-10
104 52 6.090038400097e-10 1.428762589902e-09
105 52 -6.644622363750e-10 3.908716940069e-10
106 52 1.302453550785e-10 4.623884928369e-10
107 52 8.070848055639e-10 -7.955254246407e-10
108 52 2.540552800022e-10 -1.153911090624e-09
109 52 -2.097477831112e-11 2.283042512740e-10
110 52 1.158216904398e-10 -2.659147225241e-10
111 52 4.791678452888e-11 1.914065464639e-10
112 52 -1.260944563246e-10 -2.255435209947e-10
113 52 1.974277234873e-10 2.045329352878e-11
114 52 6.700438612508e-11 -4.865314151340e-10
115 52 -6.546327521343e-11 -5.232182593857e-10
116 52 1.585153286102e-10 -4.906042296893e-10
117 52 -1.684310700093e-10 2.525601444259e-11
118 52 1.589352932603e-10 8.272739331719e-10
119 52 1.054369062686e-10 7.384782082070e-10
120 52 2.797081036837e-10 -3.433179507206e-11
121 52 5.027144977446e-10 -9.409180802127e-10
122 52 4.999630955223e-10 -1.136102864888e-09
123 52 -2.076521836552e-10 -3.026849994698e-10
124 52 -4.677734296977e-10 3.718235180726e-10
125 52 -4.465967450628e-11 5.565190373697e-10
126 52 2.487604702583e-10 1.593421944962e-10
127 52 6.114731589332e-11 3.559621151447e-10
128 52 -3.702989633097e-10 -3.305777987052e-10
129 52 -3.066978887777e-11 -2.128367566804e-10
130 52 3.597285754967e-10 -2.686217409655e-10
131 52 -4.118469892817e-10 -2.952251168784e-10
132 52 2.747188855553e-10 -3.221492634227e-10
133 52 -2.476174746365e-10 -4.425613575929e-10
134 52 5.663318668208e-10 -5.973200498945e-10
135 52 3.818801416680e-10 4.874033533738e-11
136 52 1.368168997910e-10 -1.328901693165e-10
137 52 6.420353962855e-10 -6.090829771104e-11
138 52 6.277989934291e-11 -2.658717257403e-10
139 52 2.385946259714e-10 3.716433571215e-10
140 52 -9.106047114869e-11 -4.051407905507e-10
141 52 -4.936619559960e-10 -3.069344056048e-10
142 52 -5.652134603737e-10 -6.343749504072e-10
143 52 -4.437579041423e-10 -1.273349123887e-10
144 52 -2.125482673981e-10 -5.093577186007e-10
145 52 -1.061877532852e-10 -2.789413593994e-10
146 52 -1.960080468225e-10 -8.556282562176e-11
147 52 1.018629650279e-10 3.426201097398e-10
148 52 -8.326175922695e-10 -7.818644863728e-11
149 52 -7.229622835766e-11 -8.382110692344e-11
150 52 -7.990859546372e-11 -8.606981297228e-10
151 52 4.876054784559e-12 -9.993303687886e-10
152 52 1.963122653202e-10 -4.847947853255e-10
153 52 8.165122082673e-10 9.875352957452e-10
154 52 4.174789079824e-11 7.144461488366e-10
155 52 -8.717412313525e-11 1.625369102650e-10
156 52 -1.271687702733e-10 -5.970495827152e-11
157 52 -1.242105101097e-10 -7.069473297493e-11
158 52 -3.131306061618e-10 -3.711420279032e-10
159 52 2.088326945208e-11 -4.038300721244e-10
160 52 7.725671002655e-10 7.434537820167e-11
161 52 1.817772858905e-10 1.748204539889e-11
162 52 -1.921908941944e-10 -1.532852647459e-11
163 52 -3.001624031837e-10 5.532264340644e-10
164 52 -1.815544487091e-10 6.347663386079e-10
165 52 -6.509750126219e-10 -1.132741092478e-10
166 52 -8.797147362726e-10 -3.442242925963e-10
167 52 5.440393270426e-10 1.117958364029e-10
168 52 5.941097041685e-10 1.678870450455e-10
169 52 2.901529178255e-10 2.900397202071e-10
170 52 -2.877638673144e-10 1.718390453025e-10
171 52 -2.242350458623e-10 6.284349556796e-12
172 52 -9.915790165225e-10 -4.630896959599e-10
173 52 -3.680915172313e-10 -5.964903435422e-10
174 52 -2.002202126122e-11 1.529454265837e-11
175 52 5.114773239596e-10 1.721632870870e-10
176 52 1.572302616570e-10 1.590926805697e-10
177 52 2.445192440331e-10 4.726585605994e-11
178 52 1.448617070349e-11 3.179238535077e-10
179 52 1.578810036455e-11 2.798795158630e-10
53 53 -6.177825443823e-10 -1.386818115427e-09
54 53 -1.115326974994e-09 -1.569793180212e-09
55 53 7.351550260834e-10 -2.286107538129e-09
56 53 -6.585822176203e-09 -6.055129912952e-10
57 53 3.472222104153e-09 -1.547737820128e-09
58 53 -1.698050412028e-09 -1.888511261385e-09
59 53 1.212641325015e-09 -1.484306636590e-09
60 53 -8.789730614479e-10 3.282860741262e-09
61 53 -6.364661999065e-10 -3.488211068482e-09
62 53 -1.420337421695e-09 -1.235385944942e-09
63 53 -1.102640716484e-10 -1.771669821526e-09
64 53 2.212199872462e-09 2.520896544284e-09
65 53 -3.265985414524e-09 4.422493423476e-10
66 53 -1.998609879751e-09 -4.641300913807e-10
67 53 2.018147528048e-09 2.414673611902e-10
68 53 1.303751185621e-10 -6.043697354427e-10
69 53 -1.864051319102e-09 -1.997691673810e-09
70 53 -1.111265733568e-09 1.661817759977e-09
71 53 1.058444446871e-09 7.319911639312e-11
72 53 7.920942083366e-10 -8.744740471183e-10
73 53 1.339621808923e-09 -4.127338990022e-10
74 53 3.178307239478e-09 -7.462272104126e-10
75 53 5.588220843664e-10 -2.179584520793e-09
76 53 -2.219441302961e-10 2.384453296598e-10
77 53 4.735599654133e-10 2.106911017793e-09
78 53 -6.930004914302e-10 -4.737555798469e-10
79 53 -5.329089925536e-10 -1.194602331127e-09
80 53 -3.404185660911e-10 -3.960581217701e-10
81 53 9.544053582694e-10 -1.071448810712e-09
82 53 -5.171311788245e-11 -1.147339113358e-10
83 53 -9.979347091067e-11 1.105787785067e-09
84 53 -8.918263589436e-11 6.403074453602e-10
85 53 -9.472925812599e-10 2.671339252271e-11
86 53 -3.805897422389e-11 1.076469169631e-09
87 53 4.178772334698e-10 5.784740487421e-10
88 53 6.226072104314e-11 -9.323903006358e-10
89 53 -6.311008216191e-10 3.219741868680e-10
90 53 3.586752046221e-10 -5.076055531002e-10
91 53 -7.646265415410e-10 -1.005884909078e-09
92 53 -8.530310599276e-10 5.715024608413e-11
93 53 8.597583131425e-11 6.739421035904e-10
94 53 2.554421615328e-10 4.113786888734e-10
95 53 -9.086593270156e-10 -2.548685309032e-10
96 53 6.512303778413e-10 5.144165393061e-11
97 53 -2.281622434656e-10 -4.597245641528e-11
98 53 -4.125306611471e-10 3.971989135002e-10
99 53 -1.755395983722e-09 3.083262660854e-10
100 53 -3.628893938956e-10 4.974368493755e-10
101 53 5.801885963322e-10 -1.893865249873e-10
102 53 9.991646212820e-11 -6.207062380928e-10
103 53 1.895379880582e-09 -6.225742254611e-10
104 53 2.560727552146e-10 -2.881609816374e-10
105 53 5.591690805304e-10 9.581022278153e-12
106 53 -2.724652682274e-10 1.297470075105e-10
107 53 4.427910225730e-11 3.022148754319e-10
108 53 5.314135486920e-11 3.788317069493e-10
109 53 4.130292208244e-10 1.280142997163e-09
110 53 -2.047338621763e-10 -1.056599936110e-09
111 53 -8.500742573860e-10 -6.385940073157e-11
112 53 -6.782492697452e-10 -1.441210171283e-10
113 53 -2.898171030315e-10 8.090945247672e-10
114 53 -6.456957544169e-11 6.152877388707e-10
115 53 1.734984097364e-10 4.664566782161e-10
116 53 1.217987205862e-09 6.723801567358e-11
117 53 2.657014073295e-10 -3.199879543387e-10
118 53 -8.712730947303e-10 4.672540485587e-10
119 53 -1.159650251822e-09 2.691458472844e-10
120 53 -1.190723517177e-09 -3.403536656228e-10
121 53 -3.342371414374e-10 -8.782475614988e-10
122 53 6.003756852500e-10 -1.128875400439e-10
123 53 9.344094727728e-10 2.091198820963e-10
124 53 -1.634709971338e-10 -1.298584650795e-10
125 53 -2.990266862561e-10 -1.068085086864e-10
126 53 -1.605644675744e-10 -1.915644906376e-10
127 53 5.999105743575e-11 -4.507701155952e-11
128 53 -4.986743381721e-10 1.719464076320e-10
129 53 1.171867877335e-10 -7.171505738949e-10
130 53 2.472637929442e-10 -3.594757899081e-10
131 53 3.454425185905e-11 -4.749672277012e-10
132 53 -1.172395357872e-10 -4.642712043572e-10
133 53 -1.811344146792e-10 -5.366151231791e-10
134 53 -8.027760506447e-10 -2.915954067536e-10
135 53 -3.668742147883e-10 -3.964672985118e-10
136 53 -5.982687017193e-11 -5.739175784619e-10
137 53 -2.326732958462e-10 -6.226820733461e-10
138 53 -6.121805661569e-11 1.636956686522e-10
139 53 -2.013495112533e-11 2.209587822732e-10
140 53 -2.384213177158e-10 3.720770106867e-10
141 53 -2.285226281985e-10 -1.852384629623e-10
142 53 2.670694140419e-10 5.495614994040e-11
143 53 -3.182998036070e-10 -9.634904246034e-10
144 53 2.111495415419e-10 -8.736768024230e-10
145 53 5.982742160191e-11 -1.924095230201e-10
146 53 -2.096854745365e-11 2.375088299018e-10
147 53 -1.571473826469e-10 -3.708999531260e-10
148 53 -3.896258594508e-11 -2.030298739262e-10
149 53 -1.318623799111e-10 8.246804380601e-11
150 53 -2.305381435476e-10 2.258659014186e-10
151 53 -3.255048024158e-10 -4.293648909165e-10
152 53 5.477885748999e-10 -3.189515046297e-10
153 53 2.800987881041e-10 -5.438810778945e-11
154 53 7.118228414774e-10 -3.132662212379e-10
155 53 -5.369387289815e-10 -1.084867961603e-10
156 53 -2.356417888690e-11 -6.873854589848e-11
157 53 -7.069912488399e-10 -2.144077776376e-10
158 53 4.299766544444e-10 -2.049705332790e-10
159 53 2.394325536198e-10 -3.021506810449e-10
160 53 8.823475610169e-10 9.921274393539e-11
161 53 8.645143250525e-11 -3.765665705759e-10
162 53 6.439180094820e-10 4.198209344433e-10
163 53 3.673058666305e-10 1.056635596407e-09
164 53 1.774901290898e-10 6.674629940311e-10
165 53 -6.369657960764e-10 -7.224441826041e-10
166 53 5.105033473838e-10 -1.204235474884e-10
167 53 1.961889614276e-10 -3.405424341593e-10
168 53 3.732672660263e-10 -7.567987764648e-11
169 53 -9.299698837846e-10 -8.607767052277e-11
170 53 5.936125341064e-10 7.813340629238e-10
171 53 -3.035048422903e-10 -4.185839325087e-10
172 53 1.132784029465e-10 5.469305836753e-10
173 53 -7.473269388830e-10 1.161833778473e-10
174 53 6.197924939392e-10 3.915392887635e-11
175 53 -2.062318893613e-10 -4.600678750523e-10
176 53 3.519327186735e-10 1.702816981899e-10
177 53 -1.361411827974e-10 -2.525237377300e-10
178 53 1.774486622621e-10 7.916522373931e-11
179 53 -5.675864633418e-10 -1.928850890839e-11
54 54 -8.460777965176e-10 2.070055475021e-09
55 54 -1.028680077143e-09 -3.817435687174e-09
56 54 -2.131621163591e-10 -1.729709772964e-09
57 54 -4.505469462165e-09 2.752335797545e-09
58 54 6.461094854766e-10 1.407146400628e-09
59 54 -3.397526472205e-09 1.787102964404e-09
60 54 2.748459646968e-09 -3.006324601737e-09
61 54 1.458478887921e-09 1.900131348541e-09
62 54 7.631902100453e-10 5.529931314828e-10
63 54 2.804718029347e-09 -1.989241857447e-09
64 54 3.999668196040e-10 -8.151659433993e-10
65 54 2.661635053505e-09 1.017143716381e-10
66 54 -4.413916112582e-09 8.020187553759e-10
67 54 -4.457153167978e-10 -1.140903990468e-09
68 54 5.396007226992e-10 4.062119881156e-10
69 54 6.734854267968e-10 -6.766341526609e-10
70 54 2.108610940902e-09 1.463840741596e-09
71 54 3.222575372810e-10 8.701877136744e-10
72 54 -1.974192154260e-10 -5.988438603039e-11
73 54 2.993244404692e-10 7.382501299370e-10
74 54 1.203321192611e-09 2.465124170201e-09
75 54 -1.861047298907e-09 -4.058499617868e-10
76 54 -3.016251127235e-10 4.832983275044e-10
77 54 -6.903435357296e-10 1.153753917158e-09
78 54 -9.508614865740e-10 -7.620917419132e-10
79 54 -2.122323424650e-09 1.575792123244e-10
80 54 2.229356676645e-10 -4.346208493214e-10
81 54 2.224796862649e-10 -1.532502239268e-09
82 54 2.839213905663e-10 -8.884490765102e-11
83 54 -2.439921811620e-10 4.125864805128e-10
84 54 1.137240585489e-10 9.626671726055e-10
85 54 -1.391813674122e-09 3.318012374113e-10
86 54 -5.513366177695e-10 3.385337835008e-10
87 54 4.176019829234e-11 7.638619357149e-10
88 54 1.835201629896e-11 -1.722659935193e-10
89 54 -7.924593507066e-10 -8.414473409159e-10
90 54 1.036426587878e-09 -8.031527190251e-11
91 54 7.161900914179e-10 3.374106740020e-10
92 54 7.763621578399e-10 -1.164889060627e-09
93 54 -1.401962932751e-10 -1.952451083811e-10
94 54 -6.165170889970e-10 5.815768749607e-10
95 54 3.983056735204e-10 1.314150174859e-10
96 54 1.014466538492e-10 1.357495751615e-10
97 54 -7.793234696450e-11 -3.423242581538e-10
98 54 1.384525702002e-09 -8.679327518793e-10
99 54 7.662476314214e-11 -1.104424325931e-09
100 54 4.122093749295e-10 -6.272544087386e-10
101 54 7.567692782890e-11 5.370162811091e-10
102 54 -2.922382948108e-10 -2.270678187613e-10
103 54 1.220613673898e-09 1.070120649097e-09
104 54 -7.609017809455e-11 2.300339065575e-10
105 54 -6.176589085303e-10 1.774574405620e-10
106 54 -1.074184205237e-10 8.014532256728e-11
107 54 -1.085930688077e-09 -6.215841769893e-10
108 54 -6.664700800445e-10 7.506803256604e-11
109 54 -1.211462715233e-09 3.822184890772e-11
110 54 1.241940129603e-09 6.401800953173e-10
111 54 8.605268213862e-10 -1.921964378032e-10
112 54 4.619851092494e-10 -4.882251962068e-11
113 54 1.110482462789e-09 -3.791829365941e-10
114 54 4.239864320083e-10 8.404346205468e-10
115 54 4.333166096498e-10 2.884214936884e-10
116 54 -2.781993717549e-10 8.203858420551e-11
117 54 -2.852135788869e-10 4.792144581069e-10
118 54 -3.721210096044e-10 -3.566417965247e-10
119 54 2.190104818144e-10 -9.028770044316e-10
120 54 6.900963594181e-10 -1.180833431439e-09
121 54 7.210581231459e-12 -9.049437354428e-10
122 54 3.029290804718e-10 -4.442597425937e-10
123 54 1.657611895067e-10 3.281999268876e-10
124 54 2.959463818027e-10 6.797867063377e-10
125 54 4.081969954283e-10 1.189365055646e-09
126 54 4.807933088606e-10 4.191304125490e-10
127 54 -1.987702271172e-10 -6.594920271345e-10
128 54 -3.305997639638e-10 -9.009201439983e-10
129 54 -1.494435686055e-10 -3.360946140020e-10
130 54 -7.629299745992e-10 -6.065066853687e-11
131 54 -1.429129765432e-10 -2.186000655423e-11
132 54 -2.219135775835e-10 2.969149889532e-10
133 54 -1.634922829662e-10 3.929745516120e-11
134 54 -2.771757609429e-10 4.202948146404e-10
135 54 -4.274264674708e-10 1.903800285001e-10
136 54 -2.114847596306e-10 -1.102973545945e-10
137 54 -1.545333793565e-10 4.306866707623e-10
138 54 2.352684569182e-10 -5.226425722035e-10
139 54 4.029058238705e-11 -7.303482679536e-11
140 54 2.838898296099e-10 1.121382346337e-10
141 54 -7.525226021566e-11 -2.013925356733e-10
142 54 -1.803461465355e-11 -8.306955978433e-11
143 54 3.545994220528e-11 -1.934881588000e-10
144 54 -2.504451410010e-10 2.817115936914e-10
145 54 -5.067833860299e-10 2.078888524055e-10
146 54 4.409172594318e-11 1.818020486185e-10
147 54 2.357701440223e-10 6.094084510877e-12
148 54 -5.781127324192e-11 -4.033513857175e-10
149 54 -3.595613957766e-10 -2.486700386463e-10
150 54 -9.959813932519e-11 -8.901063212113e-10
151 54 -5.418848991490e-10 -6.877210010327e-10
152 54 -2.480870480265e-10 1.529808821624e-10
153 54 -5.305761264999e-10 1.011827768801e-10
154 54 -8.637699550724e-11 -2.560587176303e-10
155 54 1.874187127950e-10 -5.635202313267e-10
156 54 -2.775688625929e-11 -1.049417274984e-10
157 54 -1.503087430872e-10 -6.687920004376e-10
158 54 2.711938999055e-10 -2.615523406217e-10
159 54 8.048749596155e-10 2.603181770647e-10
160 54 2.758639306862e-10 9.456214208066e-11
161 54 1.515208047986e-10 -2.804930451247e-10
162 54 2.555419944460e-10 9.377992365738e-11
163 54 1.173820135534e-10 -2.187360941301e-10
164 54 -1.970367230808e-10 1.152041698270e-10
165 54 -5.181788718473e-10 -2.429218783395e-10
166 54 -9.553620027313e-11 2.036056350560e-10
167 54 3.648088175975e-10 4.890900478231e-10
168 54 3.464508048092e-10 7.716917481756e-10
169 54 5.894134062978e-10 9.208756781292e-11
170 54 -7.319116202139e-11 -8.395717640920e-11
171 54 -3.811006692754e-10 -4.590185498421e-10
172 54 -7.062602877593e-10 1.101446409964e-10
173 54 1.486966789940e-10 5.972982509649e-11
174 54 3.465680178935e-10 -1.063197246041e-10
175 54 -2.405531637526e-10 -3.185139881780e-10
176 54 -1.317569427177e-10 -1.011985095843e-10
177 54 1.912560949594e-10 -1.926461296713e-10
178 54 -3.585936545377e-10 -1.117762071681e-10
179 54 -1.756257009129e-10 -6.075653251553e-11
55 55 -6.304720294689e-11 1.802511159353e-11
56 55 6.458206398644e-10 -1.987704103594e-09
57 55 7.668055921669e-10 8.088724050358e-10
58 55 1.466584502066e-09 -8.515072574884e-10
59 55 -2.527694392902e-09 -1.555014107348e-10
60 55 -6.565310975061e-10 2.276846009208e-09
61 55 2.226610561820e-10 -4.407593489363e-10
62 55 3.312194598227e-09 4.748589138484e-10
63 55 -2.725175981159e-09 6.714025330215e-10
64 55 3.214005611200e-09 -2.140541535529e-10
65 55 -2.334900695354e-09 1.153658032178e-09
66 55 -1.060243062205e-09 -1.281107754258e-09
67 55 -3.638311423647e-10 3.886557929777e-09
68 55 2.802859200292e-10 -1.234577282675e-09
69 55 8.687982014557e-10 -1.770690179422e-09
70 55 -1.998659195711e-09 1.927680596070e-09
71 55 2.033301940919e-09 1.786850948934e-10
72 55 -1.125171189794e-09 -8.391312712793e-11
73 55 -1.638849407685e-09 -9.060354146946e-10
74 55 -5.283592295386e-10 -3.490667621366e-10
75 55 -1.240663594463e-09 -3.238782296800e-11
76 55 -8.932278487198e-10 -5.661938386177e-10
77 55 -1.102980678637e-09 1.039818924429e-09
78 55 -5.835220234257e-10 5.881954918748e-10
79 55 1.431191971222e-09 -1.215037284249e-09
80 55 1.550488584951e-09 9.448001025043e-10
81 55 8.532057071580e-10 2.832737429038e-10
82 55 9.655179240558e-10 1.094908182760e-10
83 55 -1.676205430944e-10 -7.956853184011e-10
84 55 5.260677685388e-10 6.258955763817e-10
85 55 2.048276548803e-10 -1.350846348126e-09
86 55 -9.044245483751e-11 -8.444328064458e-10
87 55 -1.096457253582e-09 -8.487522282997e-10
88 55 2.866714881421e-11 4.882398922426e-10
89 55 -3.304140215558e-10 2.840525244743e-10
90 55 2.467644413700e-10 -3.031402611712e-11
91 55 6.387405826072e-10 4.247362711813e-10
92 55 1.075405374893e-09 -9.340963333647e-10
93 55 2.022423701712e-10 6.375914987338e-10
94 55 -2.008289523680e-10 6.288198077395e-10
95 55 -2.645875419917e-10 -9.423368630814e-10
96 55 -1.515559789477e-09 -2.515377111392e-10
97 55 9.572288701089e-12 7.074898876465e-10
98 55 1.052865658610e-09 -1.216743010548e-10
99 55 2.918429590616e-10 -3.803974199367e-10
100 55 7.137705719670e-10 -1.965660349179e-10
101 55 2.749873840873e-10 3.567330386139e-10
102 55 3.752838677819e-10 -2.742661367827e-10
103 55 -1.034607819743e-09 -4.813508087446e-11
104 55 -8.716942586865e-10 3.060191567897e-10
105 55 1.162697716226e-10 -7.270088420431e-10
106 55 -2.090892328726e-10 6.482052864041e-10
107 55 5.436518922269e-10 -1.184790122689e-10
108 55 1.045894834583e-09 -4.268410152961e-11
109 55 6.243799947692e-10 -6.171993809401e-11
110 55 1.952029963961e-10 2.533669152631e-10
111 55 1.704191582368e-10 1.720086954297e-10
112 55 5.382783882315e-10 2.085333698593e-10
113 55 5.413441665750e-10 9.137400070077e-10
114 55 3.754514882095e-10 5.633192475222e-10
115 55 2.722992241533e-10 5.072365655752e-10
116 55 -4.562145294269e-10 -6.170714623114e-10
117 55 -8.693062680683e-10 -9.065330727893e-10
118 55 -1.422959472008e-09 7.182531713625e-10
119 55 -5.582127812951e-10 3.141303818705e-10
120 55 4.983906553453e-10 1.456336927004e-10
121 55 3.557273809871e-10 6.289029890932e-10
122 55 -1.380722631669e-10 4.786813260105e-10
123 55 -6.912475726372e-10 -1.028056789551e-10
124 55 -2.339253038230e-10 -1.626751769105e-10
125 55 -9.909010963372e-10 -7.754336418869e-11
126 55 -4.671217634774e-10 -2.101198506967e-10
127 55 -2.575013489434e-10 -5.570465088456e-11
128 55 6.273338859816e-10 1.442921265748e-10
129 55 7.492205175148e-10 6.638125750734e-11
130 55 1.561908216914e-10 -7.068161193345e-10
131 55 7.345376952751e-13 2.284464814463e-10
132 55 -5.946749385526e-10 4.172887573610e-10
133 55 -8.799393266287e-11 5.371313452500e-10
134 55 -2.050894076681e-12 -1.285708081128e-10
135 55 -2.618117782247e-10 -6.337227636535e-11
136 55 -8.118504694309e-12 9.746386709166e-11
137 55 -4.777203430226e-10 3.280910783522e-10
138 55 -3.123906599117e-10 1.307052929030e-10
139 55 -6.526503735041e-11 4.044554297208e-10
140 55 -5.303116839218e-10 8.426603434785e-11
141 55 -3.247647947190e-10 -7.203170876959e-11
142 55 -7.021345790520e-10 -7.325663740537e-10
143 55 3.050396548125e-10 -2.700973079770e-10
144 55 -5.776995517480e-12 -4.302240993861e-10
145 55 2.920745945808e-10 7.515890505702e-11
146 55 -3.180769200624e-10 -6.854581284259e-10
147 55 -1.916248901732e-10 -1.898639761346e-10
148 55 -5.437024573228e-10 2.209522970810e-10
149 55 -6.634282594382e-10 5.567799725249e-10
150 55 -6.817624308744e-10 2.910267222979e-10
151 55 3.322701364377e-10 -1.413903548519e-11
152 55 1.418101060165e-10 2.565054947872e-10
153 55 6.443133652139e-10 -2.865004325748e-10
154 55 -2.008846180307e-10 7.116957221422e-11
155 55 -7.263587373200e-11 -5.432715841782e-13
156 55 -3.759233238592e-10 -2.035793234712e-11
157 55 2.113758744863e-10 -3.307948452521e-10
158 55 -8.518436638700e-12 -2.690662174247e-10
159 55 1.887570343309e-10 -2.521301028114e-10
160 55 -2.154723003555e-10 4.679424449574e-12
161 55 -1.876823704039e-10 -1.639176758121e-11
162 55 1.663146689072e-10 2.193518245731e-10
163 55 -1.255165300677e-10 1.092525234003e-10
164 55 3.721260384607e-10 -5.204220231740e-10
165 55 1.319248447950e-10 -5.128817301497e-10
166 55 -8.298947215370e-11 -6.854217120575e-10
167 55 -4.970310178906e-10 -1.954106138073e-11
168 55 8.023099146789e-11 -1.149426405595e-10
169 55 2.876129090357e-10 3.374196533249e-10
170 55 2.217369309592e-10 -9.827728836695e-11
171 55 -2.166261318836e-11 7.564061642378e-11
172 55 8.690819729412e-11 -6.765299727670e-10
173 55 -4.717784180142e-10 2.177538103625e-10
174 55 8.667693715430e-13 -1.852533631734e-10
175 55 -2.219848085496e-10 7.571810620316e-10
176 55 -9.279941903620e-11 -1.977255605594e-10
177 55 -3.008825813676e-10 2.288574452081e-10
178 55 -7.438259196709e-11 -3.373049213598e-11
179 55 -4.237682602033e-11 3.120174054775e-10
56 56 -9.450344852189e-12 -1.904128086830e-09
57 56 -9.326105619097e-10 7.578141352641e-10
58 56 6.727433613340e-10 1.073841201151e-09
59 56 2.497282452567e-09 -2.811288588227e-09
60 56 -1.385398524140e-09 -2.549758303443e-09
61 56 4.056660230723e-09 1.532269876952e-10
62 56 -2.965714175946e-09 4.567822664145e-10
63 56 -6.706775171364e-10 -1.990009518856e-09
64 56 6.206788252184e-11 2.878034524722e-09
65 56 1.461769406309e-09 -5.740496840913e-12
66 56 5.208584278468e-11 9.167749869330e-10
67 56 -2.653411963491e-09 -3.596018667605e-09
68 56 2.228392651459e-09 1.988579589251e-11
69 56 -6.196637402167e-10 -7.781167354396e-10
70 56 1.701638850805e-09 1.184143093163e-09
71 56 -1.715131579905e-09 -8.323069626567e-10
72 56 -2.555617118583e-10 -4.601268256995e-10
73 56 -1.198789808496e-09 1.191889664585e-10
74 56 -9.264098593063e-10 1.526485218442e-09
75 56 8.456477464066e-10 6.390124599987e-11
76 56 -1.254456775055e-09 -8.114213126314e-10
77 56 -5.487561935897e-10 1.171963686857e-09
78 56 2.054443877645e-09 -9.376181752265e-10
79 56 6.956989666064e-10 -7.155311124918e-10
80 56 8.254283139613e-10 -5.731583488253e-10
81 56 2.429229677898e-09 1.690929805329e-09
82 56 7.604964810399e-10 1.540555167806e-09
83 56 -1.499403081575e-10 1.118675474677e-09
84 56 1.613769693394e-10 6.749465792332e-10
85 56 -1.756697469192e-11 -5.498581696442e-10
86 56 -2.855219010155e-10 -5.259196570995e-10
87 56 -2.712250019586e-10 -2.313520281315e-10
88 56 8.574361275586e-11 -1.232834434986e-11
89 56 -4.474272696324e-10 -2.191834838543e-10
90 56 1.328078700186e-09 1.167402398302e-09
91 56 1.253678386890e-09 1.177003106498e-09
92 56 2.874136936776e-11 -5.509045548131e-10
93 56 2.407142212665e-11 -6.241853412532e-10
94 56 -2.320974148842e-10 -4.681468091824e-10
95 56 4.824112845114e-10 8.303166281127e-10
96 56 -2.006876330736e-10 -7.671052193095e-10
97 56 -3.099673712676e-10 -1.705215224561e-09
98 56 -6.600717258906e-10 -2.950692274599e-10
99 56 -2.342962001462e-10 2.383749787457e-11
100 56 4.339605606194e-10 2.706567096264e-10
101 56 5.163624451809e-11 1.685956454279e-10
102 56 6.245368852946e-10 2.463925013695e-10
103 56 -4.095958015340e-10 9.524881239623e-10
104 56 -5.302218012731e-10 -4.091656967090e-10
105 56 -5.506840452395e-11 -2.186423925196e-10
106 56 -5.069325941378e-10 8.894426204493e-11
107 56 7.671340167083e-10 4.546498372789e-10
108 56 1.259582668645e-10 3.029749824377e-10
109 56 1.340671553687e-10 1.024462052924e-10
110 56 -6.020716691133e-11 7.640780000616e-10
111 56 -7.075272920712e-10 9.762874631103e-10
112 56 4.146370835261e-10 -1.032666227768e-09
113 56 -4.928285475586e-10 3.959513812924e-12
114 56 -3.571383953278e-10 1.596414025153e-11
115 56 -2.576099214877e-10 7.269572844025e-10
116 56 7.705516047723e-10 2.616144698989e-10
117 56 4.701179251114e-10 -4.363838731060e-11
118 56 6.168234888760e-10 -3.862435008561e-10
119 56 4.015748284538e-10 3.319735349670e-10
120 56 -3.872799570668e-10 3.712357338012e-10
121 56 -3.678448256971e-10 1.835019985858e-09
122 56 -8.728816964040e-11 1.226050748609e-09
123 56 8.457076311870e-11 3.600023174444e-10
124 56 6.310783225109e-10 5.259257851956e-10
125 56 7.634007024375e-10 -7.016272576628e-11
126 56 -5.117764987662e-10 -6.438937940150e-10
127 56 9.449814360129e-11 -1.074000287782e-09
128 56 9.157437423744e-11 1.791578363169e-10
129 56 -4.495923514966e-10 8.709147935327e-10
130 56 -3.068054617277e-10 7.889910637588e-11
131 56 7.002077058401e-10 3.838565121561e-10
132 56 -1.564738696744e-10 1.977298734391e-10
133 56 -6.901394588190e-10 -5.055387313705e-10
134 56 2.402347116823e-12 -1.618650129101e-10
135 56 3.585185514188e-11 -1.530511255523e-10
136 56 9.264270596134e-11 1.986231497341e-10
137 56 9.115623577522e-11 -5.451160062347e-10
138 56 1.963224066699e-10 -9.864563436316e-11
139 56 3.836046989264e-10 -5.348346939454e-10
140 56 -1.167694922611e-10 1.646216323932e-12
141 56 -2.432091262958e-10 2.536900674924e-10
142 56 -4.816325122358e-10 2.169907099909e-10
143 56 5.620239311062e-11 -3.169740482917e-10
144 56 1.981738012436e-10 1.152747159110e-10
145 56 3.277784070852e-10 -3.918343808232e-10
146 56 6.191958355303e-10 7.052773990772e-10
147 56 -4.017592991218e-11 2.735667113716e-10
148 56 2.918598116295e-10 7.079824297352e-11
149 56 -6.341095133062e-10 -8.110283069148e-10
150 56 9.527482859633e-11 -4.000036632933e-10
151 56 -1.554073935532e-10 -4.365908324764e-10
152 56 -3.752873703034e-10 -1.597436579260e-10
153 56 -2.403707165615e-10 -2.377757744065e-10
154 56 7.297912496426e-10 -2.437878131601e-11
155 56 -2.762272460650e-11 -1.689951602741e-10
156 56 -2.308304948993e-10 -6.974136167172e-10
157 56 -5.135070048500e-10 -8.863663511533e-11
158 56 1.917593295240e-10 -2.757392492461e-10
159 56 -3.928037144215e-10 2.785095690217e-11
160 56 4.532025435234e-10 -6.722007370449e-10
161 56 -5.203688850723e-10 1.625575944028e-10
162 56 1.201889787260e-10 -1.685216597506e-10
163 56 -3.783609644624e-10 4.813623421744e-11
164 56 5.857217802959e-10 -3.930568447717e-10
165 56 4.519178280816e-10 -1.163396660157e-10
166 56 4.487394140806e-10 -1.342129411616e-10
167 56 -1.163366872067e-11 -7.987683837845e-11
168 56 1.997572162909e-10 -2.131294577885e-10
169 56 -4.166050461061e-10 2.129969590691e-10
170 56 4.678941082628e-11 3.848998944690e-10
171 56 -2.212046591795e-10 4.232982383826e-10
172 56 2.029211059664e-11 -2.613559070982e-10
173 56 5.618011541562e-10 1.702253325048e-10
174 56 4.066024974164e-10 1.360127001285e-10
175 56 -2.701825943930e-10 -5.008646887278e-10
176 56 -4.702994843638e-10 -4.175762856651e-10
177 56 -3.519759528648e-10 3.590365430087e-10
178 56 3.914215252289e-10 3.649394000942e-11
179 56 2.865910384142e-10 -1.696672526740e-11
57 57 -1.804112111418e-09 -2.666291038927e-09
58 57 -3.547601888658e-10 -2.361919277984e-10
59 57 9.753092202299e-10 4.454878231532e-10
60 57 -8.960769011047e-10 7.425424835050e-10
61 57 8.578569606677e-10 1.666168095268e-09
62 57 5.492204513555e-10 -1.657640202776e-09
63 57 2.613508011890e-10 1.430046086548e-09
64 57 -1.816516342067e-09 -2.995539876037e-09
65 57 -4.421430226806e-10 -2.357270218890e-10
66 57 -2.548080785147e-10 1.425470436413e-09
67 57 2.487164058306e-09 5.260580827937e-10
68 57 -3.066880955838e-10 8.437154354333e-10
69 57 2.860461606618e-10 -1.758424373110e-09
70 57 -8.063781347225e-10 9.665625033266e-10
71 57 -8.000689495616e-10 2.750195194969e-09
72 57 1.489642960620e-09 1.449369634657e-09
73 57 -8.636106524677e-10 -1.659992082803e-10
74 57 -6.784547071744e-10 1.838905177463e-09
75 57 5.749455487023e-10 1.862484088851e-09
76 57 -1.715169704553e-09 -7.473669751765e-10
77 57 -3.337677586526e-09 -1.030056628896e-10
78 57 -4.321364777020e-10 -1.014623215172e-09
79 57 -5.138936860893e-11 2.575383245204e-10
80 57 -1.798572926628e-09 3.111179887951e-10
81 57 -5.511736221215e-10 -6.528518343893e-11
82 57 -2.264823946557e-10 -6.950265406514e-10
83 57 -3.481643156995e-10 2.080373162379e-11
84 57 7.380627156152e-10 1.773806574306e-10
85 57 -1.067373616251e-11 -8.260691663037e-10
86 57 4.256232046270e-10 -1.503997239238e-09
87 57 -6.600144495444e-10 -1.851220623097e-10
88 57 4.613368072311e-10 -7.377796483142e-10
89 57 -1.645169897073e-10 -4.899448553209e-10
90 57 -3.192136370352e-10 4.442917939564e-11
91 57 2.337442248854e-10 7.538910993752e-10
92 57 9.584690969261e-10 1.494339918166e-10
93 57 -6.959896825751e-10 5.586446674853e-10
94 57 2.499147762278e-10 6.354490609493e-10
95 57 9.920705099292e-10 6.431147149085e-10
96 57 2.786976900996e-10 -1.629660358117e-09
97 57 -5.079311015708e-10 -1.021065096032e-09
98 57 -1.185431027250e-09 2.449613626444e-10
99 57 -1.354440754823e-10 -6.187871316619e-10
100 57 -2.108157481879e-10 -2.445826291905e-10
101 57 -4.593242517241e-10 4.422555589466e-10
102 57 6.018229676513e-10 2.054153096318e-10
103 57 -7.249219368991e-10 1.034989740929e-09
104 57 7.741436053259e-11 1.723246440436e-10
105 57 4.000929215468e-10 6.535539369138e-10
106 57 3.587455119875e-10 -1.333039551066e-09
107 57 2.333738119841e-10 -9.794196352095e-10
108 57 7.720581743510e-11 -4.355347062007e-11
109 57 -3.237032861785e-10 -6.141592562984e-10
110 57 -6.162393884086e-10 3.777646314663e-10
111 57 -8.078912116739e-11 -2.922193914420e-10
112 57 -3.034451026708e-10 2.907413260181e-10
113 57 2.601855736325e-10 3.187043346551e-11
114 57 7.727785589261e-10 -2.716105247489e-10
115 57 4.639684667853e-10 -6.222047354806e-10
116 57 2.446739730331e-10 2.588661973923e-10
117 57 4.025589724273e-10 9.325581946741e-10
118 57 9.942200785634e-11 9.291267867952e-10
119 57 1.040683214316e-09 -7.850228374958e-11
120 57 6.478491575782e-10 6.881693425132e-10
121 57 6.557552674915e-10 2.798764722789e-10
122 57 -4.307485930807e-10 -4.150929016715e-10
123 57 -1.057985650244e-10 2.576182905243e-10
124 57 -3.075309977556e-10 1.951092470277e-10
125 57 -6.294638731141e-10 3.970846912897e-10
126 57 1.776533128459e-10 4.060148110632e-10
127 57 3.652875168304e-10 6.878216907505e-11
128 57 3.502428594696e-10 -7.519651297056e-10
129 57 -4.376186583248e-10 -4.620670717578e-10
130 57 -1.321570077800e-10 -9.320399961752e-12
131 57 2.559837347330e-10 9.844533919193e-10
132 57 2.732570194874e-10 5.637035944210e-10
133 57 2.013133997307e-10 5.800679956669e-10
134 57 3.126790100032e-10 -4.397484282982e-10
135 57 4.559183460031e-10 -1.615054717260e-10
136 57 -4.171681879951e-10 1.543866559387e-10
137 57 -4.568070166668e-12 8.858286813675e-10
138 57 6.948652555520e-10 1.011752796955e-09
139 57 -4.180946326951e-11 6.229950215165e-10
140 57 -3.701977311632e-10 9.204419378345e-11
141 57 -2.447026277595e-10 1.461465116942e-10
142 57 -1.961610979035e-10 7.669469547675e-11
143 57 -1.299374583994e-10 4.938211948083e-10
144 57 2.893346380800e-10 -1.904926965551e-10
145 57 -4.015569340163e-10 -7.429625934551e-11
146 57 -4.053387546648e-10 -1.346547130778e-10
147 57 -6.732357945110e-10 1.593274793643e-10
148 57 -3.016922064661e-10 3.309943237881e-10
149 57 -2.218450911975e-10 -1.857444356863e-10
150 57 2.972806536027e-11 -1.185382634580e-10
151 57 2.454575636805e-10 -2.475480904008e-10
152 57 -1.308815631944e-10 -3.003076730089e-10
153 57 3.825546933066e-11 4.069799835294e-10
154 57 1.307880225929e-10 1.985232390196e-10
155 57 -7.028425783512e-10 2.376737684284e-11
156 57 -6.506055917905e-10 2.354203476215e-10
157 57 -8.165904641570e-11 2.673984734610e-10
158 57 4.902063819400e-10 6.606650867817e-11
159 57 2.567660316218e-10 -2.950221179176e-10
160 57 1.148204354474e-10 -2.243510919404e-10
161 57 -8.328278704691e-12 -9.944964069226e-11
162 57 -7.550686872931e-10 4.415390639539e-12
163 57 -4.045200389697e-10 -1.129626008212e-11
164 57 -2.449529710674e-10 -5.384484039594e-10
165 57 3.661967206797e-11 1.147275914736e-10
166 57 -1.369280531410e-10 -1.583759887676e-11
167 57 -2.632655559496e-10 2.676566637747e-10
168 57 -2.407344381804e-11 -1.082307958682e-10
169 57 1.195056222974e-10 -7.288456856235e-11
170 57 -4.497024883077e-10 -4.463804836455e-10
171 57 -1.520889136199e-10 -1.716806306528e-10
172 57 -5.878307563159e-10 -6.091838711380e-11
173 57 2.969646242299e-10 -2.456692141376e-10
174 57 3.632952558701e-10 -6.018094252255e-12
175 57 8.314359030216e-10 -4.650868435685e-11
176 57 -1.308013897269e-10 -6.270442659141e-11
177 57 1.101940224364e-10 -2.528827404943e-10
178 57 -5.053676782442e-10 1.244938160950e-10
179 57 -2.360518569126e-11 -2.255468508653e-10
58 58 -1.548320961734e-09 -1.245281290552e-09
59 58 1.501687488606e-09 -2.837690686302e-10
60 58 1.096362846276e-09 1.617465419648e-09
61 58 -2.357224987083e-09 2.801942618965e-09
62 58 -1.305943934464e-10 2.757599169364e-10
63 58 -8.546106345653e-10 -3.293796193570e-09
64 58 8.363018542053e-10 1.679063008224e-09
65 58 4.467110552108e-11 -9.593381491959e-10
66 58 1.056523689093e-09 -2.102893842098e-09
67 58 -1.835021339768e-09 1.756908822359e-10
68 58 -1.176852459364e-10 -5.748602201353e-10
69 58 -1.070995290860e-09 6.307344877973e-10
70 58 -2.523092828916e-09 -2.242476107243e-09
71 58 -1.597145697609e-09 7.396237079652e-10
72 58 -1.678925514249e-09 -6.161310672501e-10
73 58 -7.560801569574e-10 -9.840734543228e-10
74 58 -3.369871846542e-10 1.666081692236e-09
75 58 -6.563562886199e-10 -2.359103914051e-09
76 58 1.201211256527e-10 -2.459980399362e-09
77 58 -1.798475078513e-09 -1.320444697719e-09
78 58 -1.294477110305e-09 -7.166339132683e-10
79 58 1.587172978322e-09 -7.290559957887e-10
80 58 -1.022492004842e-09 5.517555733822e-10
81 58 -2.393396047410e-10 1.486573902693e-10
82 58 1.222513122522e-09 2.605170186707e-12
83 58 1.964662648047e-10 -7.035071618386e-10
84 58 -4.667583192897e-10 -1.222994883135e-10
85 58 -4.808721288694e-10 7.591562720417e-10
86 58 1.432080986598e-09 -8.871468351145e-11
87 58 2.434901965701e-10 -1.021754811496e-09
88 58 7.712839923904e-11 1.989582799873e-10
89 58 6.369801463969e-10 -6.798487062070e-10
90 58 1.061394558745e-09 -6.023458086075e-11
91 58 -1.939786756114e-09 4.097619136400e-10
92 58 8.020327722880e-11 4.368729067228e-11
93 58 -1.105159865088e-09 -1.957690809645e-10
94 58 7.928304528346e-12 4.343957441806e-10
95 58 -1.640098399519e-11 1.107223434042e-09
96 58 -1.137165273205e-10 -3.078440094057e-10
97 58 1.576696273003e-10 -7.689405615528e-10
98 58 -8.120148058280e-11 -1.261082846403e-09
99 58 -1.778419592227e-10 -1.008194732147e-09
100 58 2.263006671617e-10 4.137732968209e-10
101 58 9.066738413939e-10 2.026078561738e-10
102 58 2.522432212902e-10 -3.377202141057e-10
103 58 -1.233963373139e-09 2.387345185524e-10
104 58 -6.571657705589e-10 8.806508894349e-10
105 58 7.247241155068e-10 3.666282198238e-10
106 58 -4.343543593307e-10 -1.183581365124e-09
107 58 -1.865388028155e-10 -5.073020996925e-10
108 58 -1.723218270117e-10 -1.931453897737e-10
109 58 7.323213894455e-10 -3.072000753338e-10
110 58 -1.895363661309e-10 3.124466321759e-10
111 58 3.863703987007e-10 2.087829451604e-10
112 58 -2.838671799480e-10 7.068532502420e-10
113 58 -1.207631252638e-09 6.842436143513e-10
114 58 -3.546313005476e-10 4.235768760495e-10
115 58 5.371694885202e-10 1.140435130109e-09
116 58 8.110450798754e-10 -3.486805584452e-10
117 58 3.735994045852e-10 -3.868253878413e-10
118 58 -4.059503020708e-10 -1.169066985460e-09
119 58 -5.741040347411e-10 -2.247127423639e-10
120 58 -2.893868570731e-10 4.541242489072e-10
121 58 5.466667785075e-11 -5.161969194446e-10
122 58 1.502403957294e-10 9.750905558601e-10
123 58 1.118391664614e-09 6.462125658906e-10
124 58 1.895663243967e-10 1.840966237192e-10
125 58 -2.465052158632e-10 2.098620239727e-10
126 58 -8.810516451603e-10 9.207387353886e-10
127 58 1.087980044197e-10 5.560907726470e-10
128 58 4.279355246147e-11 1.635765509667e-10
129 58 2.608754210630e-10 -3.540009572359e-10
130 58 7.238326389760e-10 -1.431720984771e-10
131 58 -1.716708259323e-10 4.783099646112e-10
132 58 -2.616493428640e-11 -1.005629969299e-11
133 58 3.808511197971e-11 1.641078956471e-10
134 58 1.151183884713e-11 7.915786788248e-11
135 58 -2.032414415100e-10 -7.797365038481e-11
136 58 2.080925588977e-11 3.116684729328e-10
137 58 6.026635023580e-10 -5.732584285281e-10
138 58 -2.429345169114e-10 -3.641999472641e-10
139 58 -6.476142232354e-10 -4.789196213750e-10
140 58 -4.225130512960e-10 8.318200986071e-11
141 58 -2.103485587763e-10 -1.148432816218e-10
142 58 -4.984752969675e-11 4.126074544857e-10
143 58 9.705239852522e-11 2.706053043371e-10
144 58 2.038614532720e-10 -3.876458872555e-10
145 58 3.435693336926e-10 -4.490738687453e-10
146 58 -5.912754518231e-10 -4.772903339698e-11
147 58 -3.784222772239e-10 1.664543004745e-10
148 58 -5.218109418688e-10 -3.776885367865e-10
149 58 -4.311744640661e-10 -4.052622005360e-10
150 58 -2.520929060952e-10 3.491429036230e-10
151 58 -7.754436793804e-11 1.624204114943e-10
152 58 1.865577451478e-10 3.025006526595e-10
153 58 5.357258669566e-11 1.593437074220e-10
154 58 4.845993109057e-11 -2.522215179016e-10
155 58 -9.665643377921e-11 -8.756221461595e-10
156 58 -5.042725905287e-10 -1.857790526468e-10
157 58 -7.837822221064e-11 -1.151388054073e-10
158 58 -2.150198992329e-10 -2.250321009521e-10
159 58 2.878464011538e-10 1.945055189553e-10
160 58 -1.568350467425e-10 2.183050352132e-10
161 58 -1.681019700095e-10 6.813754667978e-11
162 58 -9.495018839969e-10 5.466684919661e-11
163 58 -8.903445361020e-11 -1.917968039132e-11
164 58 6.373193290373e-11 1.238091564703e-10
165 58 4.801723696345e-10 -2.514944650176e-10
166 58 -2.772717134509e-10 3.386108688112e-11
167 58 2.670979034421e-10 2.998181828531e-10
168 58 2.293261738851e-10 1.110639735816e-10
169 58 7.517267421942e-10 7.553843922128e-11
170 58 2.971141404679e-11 -2.244437152743e-10
171 58 -1.131548228530e-10 -3.781887758176e-11
172 58 -3.038030659137e-10 -6.434474562206e-10
173 58 -4.705142100203e-10 5.248522819605e-11
174 58 -4.257988785442e-10 -7.409950321381e-11
175 58 4.208944943963e-10 8.461988276692e-11
176 58 2.470581133595e-10 -3.224092368831e-10
177 58 6.803581225640e-11 3.316402167843e-10
178 58 -2.709282343224e-10 -5.318880615281e-10
179 58 2.871667845421e-10 -4.838916696623e-10
59 59 2.840918878187e-09 3.659272565447e-10
60 59 -4.975661480925e-11 8.298153710931e-10
61 59 -1.963904487452e-09 2.154800333158e-09
62 59 2.257818149145e-09 9.577416067613e-10
63 59 1.086805715984e-09 -1.748955188396e-09
64 59 -3.253919709194e-09 1.646728631856e-09
65 59 5.231346351099e-10 -2.737058366597e-09
66 59 4.738442206423e-10 2.226102336621e-09
67 59 -1.269173843017e-09 1.908581566077e-10
68 59 1.318827393434e-09 3.060560886684e-09
69 59 -1.000840290794e-09 -2.669525600101e-09
70 59 2.415073856455e-09 -3.492710540786e-12
71 59 -1.145970198502e-09 1.732363625200e-09
72 59 3.803614071220e-09 -8.874850416572e-10
73 59 -1.376769409634e-09 -1.698570940554e-09
74 59 -7.607883961324e-10 -3.610340923422e-09
75 59 -1.029408402110e-09 1.473176262453e-09
76 59 -1.790051486715e-10 -8.000541392795e-10
77 59 -5.768113753702e-10 -1.953216815881e-09
78 59 -1.201011760205e-09 -1.143017360127e-09
79 59 2.322283680326e-09 -1.206563742752e-10
80 59 -1.244923449136e-10 -3.633964782038e-10
81 59 7.963452634622e-10 -7.183830168238e-10
82 59 8.291269774414e-10 -8.132327550785e-10
83 59 5.949846048297e-10 -4.442755748338e-10
84 59 3.413585492090e-10 1.748092072306e-09
85 59 1.141455596127e-09 1.231602175936e-09
86 59 7.452552076602e-10 -7.556446615655e-10
87 59 -3.275628063141e-11 4.214643785254e-10
88 59 9.926156927593e-11 4.984101194671e-10
89 59 -1.202664746836e-09 -8.733453437244e-10
90 59 -1.353129781260e-09 -1.387651863037e-09
91 59 -1.741690506648e-10 -2.817759616145e-11
92 59 8.206423613896e-10 3.916906133650e-10
93 59 -9.096278071735e-10 -7.966324300300e-11
94 59 -1.164152123137e-09 2.263939749575e-10
95 59 -4.439726885264e-10 -1.628605213562e-11
96 59 1.526254755181e-10 -1.071269169661e-09
97 59 -4.855322275077e-10 -4.027216552907e-10
98 59 -2.808484599256e-10 2.657033292151e-11
99 59 8.086024720834e-10 -4.562993993845e-10
100 59 -7.835195600427e-11 4.741573067711e-10
101 59 4.132043907241e-10 -1.690222704282e-10
102 59 -9.345245541591e-10 6.314491883455e-10
103 59 -9.941006325147e-10 3.104850814075e-10
104 59 -9.214749924538e-10 -2.734760512111e-11
105 59 -8.449848629739e-10 8.253077169682e-10
106 59 1.607206628173e-10 -4.896665287992e-11
107 59 3.792362272731e-10 -3.237321243449e-10
108 59 -5.685046545850e-10 -6.106987028558e-10
109 59 -1.944604459655e-10 7.357986908875e-10
110 59 7.572642392883e-11 5.925735573988e-10
111 59 5.037539956684e-10 2.458465934252e-10
112 59 5.145803860180e-11 1.924857149975e-10
113 59 -1.453509531473e-09 -8.487904015025e-10
114 59 -4.492194212888e-11 -1.721725033352e-10
115 59 1.884641554226e-12 -4.261523285350e-10
116 59 -8.380025558129e-10 -4.017763149311e-10
117 59 -1.772806604064e-10 -5.371486453364e-10
118 59 1.133003677753e-09 -4.934544063193e-10
119 59 8.178466635159e-10 -3.531968480275e-10
120 59 5.843304979783e-10 -1.225210696706e-10
121 59 -4.679957026945e-10 -4.052106039005e-10
122 59 3.704528232051e-11 1.868667215860e-11
123 59 -5.820386909825e-10 3.190537370958e-10
124 59 8.811518529693e-11 3.636056579107e-10
125 59 9.797875392050e-10 8.989053373781e-11
126 59 8.738715421325e-10 -2.271892840137e-10
127 59 4.138327546154e-10 3.085605748088e-10
128 59 2.434485574017e-10 -6.710789971817e-10
129 59 6.041916636582e-10 -1.139425873329e-09
130 59 4.081272410335e-10 -1.910201807458e-11
131 59 2.121268772951e-11 4.205078066442e-10
132 59 4.452715837256e-11 3.853897769676e-10
133 59 4.267026399016e-11 -3.542997769733e-10
134 59 -4.238538153083e-10 -9.649144344298e-10
135 59 -2.740133406587e-10 -6.140566499423e-11
136 59 9.623859067171e-11 5.577001947871e-10
137 59 8.543223838730e-10 2.560897688083e-11
138 59 8.641633845836e-10 -2.026695846593e-10
139 59 3.241188630062e-10 -1.344125853598e-11
140 59 5.240819183881e-10 -4.939022802446e-10
141 59 -5.832707452738e-11 -2.274355561770e-10
142 59 2.980427807740e-10 7.095104769678e-10
143 59 -4.996894350782e-10 1.762421642720e-10
144 59 2.608449678721e-10 1.111806292812e-10
145 59 -5.745150399593e-11 4.232166206724e-10
146 59 1.270065357252e-10 3.215998809786e-10
147 59 3.005567406484e-10 1.770892704630e-10
148 59 3.689984632983e-10 1.479854233582e-10
149 59 1.982956544413e-10 1.061724389484e-10
150 59 5.482995431673e-10 -3.922707368563e-10
151 59 4.123590723510e-10 -3.649397976997e-10
152 59 4.818396455130e-10 2.651263377305e-10
153 59 -7.401401620911e-10 3.053157089848e-10
154 59 -6.617496351119e-10 1.413123943433e-10
155 59 -1.859536132453e-10 -1.985894061768e-10
156 59 2.209099183889e-10 -3.406558450942e-10
157 59 -2.749876010836e-11 6.384826675399e-11
158 59 2.001774537797e-10 1.550985646912e-10
159 59 -1.318832746620e-10 -7.613460613078e-11
160 59 -3.071707563691e-10 2.057306695158e-10
161 59 -4.036739703002e-10 1.282876383197e-10
162 59 1.817796390666e-10 4.866686552436e-10
163 59 4.570797786921e-10 -1.371284112027e-10
164 59 7.482123397335e-10 -5.642038279232e-10
165 59 -9.455474541629e-11 -4.553544090080e-10
166 59 -2.468395282578e-10 3.204403929322e-11
167 59 -1.880274089997e-10 6.356959550671e-10
168 59 -2.367916931275e-10 4.981643074336e-10
169 59 1.818577462686e-11 1.500652646606e-10
170 59 -2.287342970391e-10 2.155560670916e-10
171 59 2.300707742458e-10 -4.220651478705e-12
172 59 2.516066052989e-10 -2.409012413463e-10
173 59 2.133346996332e-10 5.424905018919e-11
174 59 2.923287569107e-10 2.301146418288e-10
175 59 4.794807769584e-10 -7.093557765336e-11
176 59 -3.639915800444e-10 4.494946699108e-10
177 59 -3.254917763868e-10 4.779939988884e-10
178 59 3.553719294058e-10 4.208549761330e-10
179 59 2.791214298946e-10 -2.908874302700e-10
60 60 3.575842580614e-09 1.522401302686e-09
61 60 -3.341990801583e-09 2.697504162702e-10
62 60 -3.655228826089e-10 2.056997920898e-09
63 60 2.490445993116e-10 3.447759363089e-10
64 60 5.005691306992e-11 1.021332212318e-09
65 60 -1.200241405155e-09 2.554733853887e-09
66 60 1.411134494855e-10 -2.567487818484e-09
67 60 1.446626631596e-09 2.025946430107e-09
68 60 -1.712066031245e-09 -6.907212407166e-10
69 60 9.497045019323e-10 7.395167933783e-10
70 60 -1.038148767255e-09 2.240951814503e-09
71 60 6.560864896052e-10 -1.609323424712e-09
72 60 1.721546611776e-09 2.419901438846e-09
73 60 1.209959461207e-09 -4.798643006815e-10
74 60 -1.271372120615e-09 1.435216573549e-09
75 60 -1.257154843624e-09 -4.708686561524e-10
76 60 -4.235969247736e-11 -2.115510227273e-11
77 60 -2.563565328422e-09 1.314288015436e-09
78 60 -1.711639781212e-09 7.839635954173e-10
79 60 7.759642920949e-10 -4.755268063800e-11
80 60 -1.226766000295e-09 -9.559405325072e-10
81 60 -1.885296402433e-09 -5.816857851210e-10
82 60 -8.971483899230e-10 -9.869755862784e-11
83 60 -1.492595035744e-09 -1.430707431716e-09
84 60 -1.451200169408e-09 2.385902622174e-10
85 60 8.414579299128e-10 1.059270133429e-09
86 60 3.716231705600e-10 -3.341345836213e-10
87 60 7.064768533360e-10 -1.232669298902e-09
88 60 1.785496179765e-09 2.477822834417e-11
89 60 -2.700791400341e-10 9.318680578158e-11
90 60 2.055188727343e-11 1.762714924778e-10
91 60 3.473416652229e-10 8.561590318529e-10
92 60 2.537651364526e-10 -1.662143560178e-10
93 60 7.885880106947e-11 1.919096083372e-10
94 60 8.384715073531e-10 2.949268063646e-10
95 60 -5.708922445900e-11 7.681671938428e-10
96 60 1.279137459883e-10 -2.600835941333e-10
97 60 2.041580218758e-10 5.744465439710e-10
98 60 9.645175442251e-11 -5.658782855045e-10
99 60 5.434156460328e-10 4.357555211620e-10
100 60 1.623345147139e-10 -2.176640613369e-10
101 60 -2.400909517105e-10 3.231274329882e-10
102 60 -1.879531553300e-10 2.315011886313e-10
103 60 -1.264674212115e-10 -6.157630325531e-10
104 60 -5.601977621856e-10 -8.161622307337e-10
105 60 -9.101010030563e-10 -2.347402119848e-10
106 60 3.040831938592e-10 -5.365111347664e-10
107 60 1.115871003979e-11 4.378993420979e-10
108 60 -3.088508598489e-10 7.027555434297e-11
109 60 5.719891889846e-10 -5.344888061713e-11
110 60 7.701029252779e-10 -5.348555963938e-10
111 60 3.671616568926e-10 -3.837712855807e-10
112 60 -5.838765530935e-10 -1.244395845182e-10
113 60 -5.531319172012e-11 1.605291257104e-10
114 60 6.552873867123e-11 -2.526989620341e-11
115 60 -2.457958078292e-10 -1.635289228810e-10
116 60 -6.783048067988e-10 7.667673449763e-10
117 60 2.391003668774e-10 -3.236014610199e-10
118 60 -2.630603480965e-10 -2.359393411684e-10
119 60 -5.535462876763e-10 1.443713941519e-09
120 60 -2.204385994865e-10 1.621269187791e-09
121 60 1.258568680518e-09 4.144038191951e-10
122 60 -1.322043317348e-10 -2.169943264003e-10
123 60 -1.627323084689e-10 3.445583185215e-11
124 60 -5.939923151856e-11 -4.118886844646e-10
125 60 -3.230602292789e-10 -7.603292843695e-10
126 60 1.779505438819e-10 1.673349566456e-10
127 60 1.225888515233e-09 7.402917820689e-10
128 60 5.567094004303e-10 1.927155913029e-10
129 60 -1.157636935486e-10 1.230343790570e-10
130 60 -4.891475013473e-10 -1.078679706581e-10
131 60 -8.366864205421e-10 -7.207009829504e-10
132 60 -5.389717185805e-10 -2.170275425430e-10
133 60 -2.361113526252e-10 2.900613360847e-10
134 60 5.199042659970e-10 2.421045888636e-10
135 60 2.704235535157e-10 -1.981052910731e-10
136 60 1.041224768902e-10 -3.646535829966e-10
137 60 -1.351737869425e-10 6.864713611194e-10
138 60 -2.746054702111e-10 -5.045709807937e-11
139 60 3.053009433060e-10 -2.361359613813e-10
140 60 -1.607388191838e-10 -1.370415003005e-10
141 60 3.036951134912e-10 6.774081006762e-10
142 60 6.937725294830e-10 -1.135759136712e-10
143 60 4.289758486065e-10 -5.550119340065e-10
144 60 7.706062682367e-10 -3.786050189161e-10
145 60 1.561649978645e-10 6.085892927105e-10
146 60 -6.152455348268e-10 1.995278370381e-10
147 60 -3.720232836100e-10 3.649875522463e-10
148 60 -3.095139429303e-10 5.465179504290e-10
149 60 2.481433037700e-10 -8.387326886913e-12
150 60 -2.700414846377e-10 -5.688581907559e-11
151 60 -2.247643925668e-10 3.787216565148e-10
152 60 -1.331329544302e-10 3.006563004607e-10
153 60 -2.036949899559e-10 4.694895857986e-10
154 60 -2.791733208015e-10 2.248201707698e-10
155 60 -2.240672158392e-11 5.117406357757e-11
156 60 -2.922542503139e-10 -3.615752687865e-10
157 60 1.290480969783e-10 -2.226416270102e-10
158 60 5.002470786433e-10 -7.371716186477e-11
159 60 1.561615660237e-10 1.105340446073e-10
160 60 -1.017449841153e-10 4.726013131465e-10
161 60 -3.562737877107e-10 3.122951193368e-10
162 60 8.645146893793e-11 3.801329688657e-10
163 60 -5.199472178364e-10 7.645528294413e-11
164 60 -1.631918645434e-10 3.198845091676e-10
165 60 3.468555132620e-10 -2.508410471798e-11
166 60 5.084629945228e-10 1.708317094609e-10
167 60 2.056234163856e-10 -2.606649875883e-11
168 60 -5.220556109808e-11 4.250930051023e-10
169 60 -1.945518019269e-10 -2.585966683954e-10
170 60 3.857694005634e-10 -1.338970114583e-10
171 60 2.306954241395e-10 -4.484896495251e-11
172 60 5.032093587880e-10 4.715136525547e-10
173 60 5.695337202100e-10 -1.157191760529e-10
174 60 3.848424585017e-10 -1.613649775235e-10
175 60 1.706895245284e-10 -4.072563866723e-10
176 60 -2.112295249841e-10 7.087130809895e-10
177 60 -3.154386433892e-10 -1.486964774543e-10
178 60 -5.487861140000e-10 -2.528908056604e-10
179 60 7.889854113938e-11 -9.414039390793e-11
61 61 -9.360894547011e-10 2.224403638972e-10
62 61 -1.650238340565e-10 9.642216341632e-11
63 61 -1.195458590669e-09 3.158951501703e-09
64 61 -1.238078532927e-09 -2.081759151371e-09
65 61 -2.399826278580e-09 1.096205534154e-09
66 61 1.248447640356e-09 1.055969801598e-09
67 61 7.174107213181e-10 -1.926920748164e-09
68 61 2.401633599514e-10 1.557790334178e-09
69 61 1.619891269673e-09 -2.298714422181e-09
70 61 8.866984205568e-10 -1.995955433344e-09
71 61 -2.423362459929e-09 5.506165188042e-10
72 61 -1.413365694291e-09 -1.076904420983e-09
73 61 6.568112092903e-10 1.144571291263e-10
74 61 -1.047710096242e-09 2.950403547882e-10
75 61 -8.025563011140e-10 1.760025156531e-09
76 61 3.331508390191e-10 1.990958997512e-10
77 61 9.684898434410e-10 -6.482545581402e-10
78 61 7.620457206601e-10 5.401504130528e-10
79 61 -3.216848683966e-10 6.461763398904e-10
80 61 1.933960521387e-10 -1.078007902499e-09
81 61 4.881782594406e-10 -1.778967426640e-09
82 61 -1.219913753111e-09 -4.382969965058e-10
83 61 -1.153184941477e-09 -2.409200233927e-10
84 61 -1.075013007761e-09 8.147310144695e-10
85 61 -6.250510650375e-10 -7.994142106121e-11
86 61 6.961769827658e-10 2.396012892321e-10
87 61 6.997963336216e-10 -3.581916768896e-10
88 61 5.999388034936e-10 3.365030322638e-10
89 61 -5.986827530804e-10 1.312611448236e-09
90 61 1.164247158205e-09 1.161017477172e-09
91 61 9.897685852208e-10 -3.064367704273e-12
92 61 -5.243831610404e-10 1.436528375030e-09
93 61 -2.054955207415e-09 6.820392791652e-10
94 61 -4.310922136359e-10 -8.305681083664e-10
95 61 -1.732721490300e-09 6.708145135836e-10
96 61 8.026166616257e-11 -3.624259273446e-10
97 61 -1.039779551368e-09 1.139586567292e-09
98 61 -1.249069137891e-09 1.452592380076e-10
99 61 5.800478271459e-13 3.486088714493e-10
100 61 8.397705115093e-10 -7.523741562473e-11
101 61 -8.674027823553e-11 -2.603220310961e-10
102 61 -3.986573538086e-10 -6.098270020616e-10
103 61 -2.296342686963e-10 -9.914773615478e-10
104 61 3.120943889258e-11 1.298748778069e-10
105 61 6.693022914921e-10 -3.332458421040e-10
106 61 7.779467456997e-10 -8.105788037200e-10
107 61 1.448709233966e-11 -2.508108435485e-10
108 61 2.267297318725e-10 6.143746052615e-10
109 61 9.735903929386e-11 4.715099815606e-10
110 61 2.381034413716e-10 2.642070287346e-10
111 61 2.577218220357e-10 -1.216363546093e-10
112 61 -4.017427055899e-10 -6.734211503795e-10
113 61 3.916582786264e-10 -6.358378671416e-10
114 61 -3.718608500154e-10 6.611848102329e-10
115 61 -2.372167304154e-10 1.003036587472e-09
116 61 4.400436064637e-10 2.807447372216e-10
117 61 -6.674645018137e-10 -1.477253671474e-10
118 61 3.584892017607e-10 -3.294086717054e-10
119 61 2.024012652680e-10 -1.233787014822e-10
120 61 -2.465386436691e-10 -1.813496463111e-10
121 61 -4.525026198857e-10 -1.041165540559e-11
122 61 -3.947732089027e-10 -5.139852995873e-10
123 61 9.251273632518e-11 -1.784141719778e-10
124 61 6.111626920698e-10 -1.254745737154e-09
125 61 2.564070380052e-10 -1.232746673985e-09
126 61 4.531493117005e-10 -4.322382287708e-10
127 61 1.443234884935e-10 -4.831137105801e-10
128 61 -6.684263130683e-10 5.595758756963e-11
129 61 3.663535858676e-10 5.965944717752e-10
130 61 -4.607320180475e-10 8.056222026574e-10
131 61 -2.124638430941e-10 -4.597808975360e-10
132 61 5.744941759949e-11 -7.171242081305e-11
133 61 3.709824206754e-10 -1.910361167244e-11
134 61 3.271213667047e-10 -1.784859971703e-10
135 61 -6.308984700438e-10 8.065827382858e-11
136 61 2.628320830414e-10 1.790906112553e-10
137 61 8.887537697538e-10 7.590001591162e-10
138 61 1.960644386425e-10 -1.381029597980e-10
139 61 -8.158499474776e-10 -9.067407515027e-10
140 61 -6.013067307926e-10 -7.919539974737e-10
141 61 -4.054998525331e-10 -1.038906048520e-09
142 61 -3.226065186370e-10 -2.013303539888e-10
143 61 4.994848593073e-10 -2.324480001395e-10
144 61 8.629885169629e-10 4.458186813259e-10
145 61 -8.933813532063e-11 -1.760200527287e-10
146 61 -3.130384771074e-10 -7.456636362998e-11
147 61 -5.056051110256e-10 -8.847490818839e-11
148 61 -1.716919195707e-10 -1.353154431927e-11
149 61 -2.773249882922e-10 -3.449835588492e-10
150 61 2.082522054687e-10 -7.368570019059e-10
151 61 6.319848672401e-10 9.317997827142e-11
152 61 5.435431573739e-10 -1.834910605069e-10
153 61 1.973867048907e-10 2.293168275679e-10
154 61 2.003583727199e-10 1.950041235304e-10
155 61 -3.167146165813e-10 -3.205010418272e-10
156 61 -3.459203675726e-11 -3.435699505282e-10
157 61 -1.814795621501e-10 -3.066637210965e-10
158 61 2.707651593252e-10 4.926353723246e-10
159 61 2.053136461821e-11 -2.365544954242e-10
160 61 -1.945188466334e-10 7.948243842460e-11
161 61 -1.460420064244e-10 -1.267527285880e-10
162 61 -8.392544845672e-11 -1.048787694986e-10
163 61 -3.394328336024e-11 -3.293389697772e-10
164 61 2.081917806312e-13 -4.309713501417e-10
165 61 1.722237342089e-11 -4.699972080358e-10
166 61 6.426514450074e-10 -4.663904076959e-10
167 61 3.281958345359e-11 1.996936947039e-11
168 61 2.846665788741e-10 4.030192914770e-10
169 61 -9.514242291041e-11 -4.002815933356e-10
170 61 -2.609269546120e-10 -3.914815587927e-10
171 61 4.282929560060e-11 -5.248108572806e-10
172 61 5.904144662313e-11 1.769690507345e-10
173 61 9.373157545693e-11 -7.057056378153e-10
174 61 -1.519355435307e-10 4.355323688030e-11
175 61 3.181939087889e-10 3.402642383254e-10
176 61 2.804171243950e-10 -3.173387912173e-11
177 61 -1.566877597288e-10 -4.984229478247e-10
178 61 -6.893784626404e-11 1.133551047159e-10
179 61 3.168914399146e-10 -2.315861058732e-10
62 62 -1.019847418451e-09 -1.870768356716e-09
63 62 -3.270920856309e-10 4.342861785561e-11
64 62 -9.518474133289e-10 -8.466730986754e-10
65 62 -1.472139565892e-10 5.124836254214e-10
66 62 3.496705936480e-09 1.473135314082e-09
67 62 9.503709177689e-10 -3.255480316458e-09
68 62 2.311576657668e-09 1.251618443616e-09
69 62 -1.101126470991e-09 -2.270558137260e-11
70 62 6.926948135524e-10 3.984250953844e-11
71 62 -2.239752370192e-09 -1.625222687093e-09
72 62 1.035216070689e-09 -1.002500896646e-10
73 62 -4.341095957232e-09 -1.731171960323e-10
74 62 1.071795489496e-09 8.221489888281e-10
75 62 -1.924574773903e-09 1.225562155628e-09
76 62 2.730992831076e-09 -1.886084272970e-09
77 62 7.647753129844e-10 1.551275305085e-09
78 62 -1.283189210401e-09 -1.964541224722e-09
79 62 -2.910970799390e-10 -6.286619245872e-11
80 62 -2.626340711445e-09 -4.364107203468e-10
81 62 -5.408059873006e-10 -4.663444008274e-10
82 62 -1.665100973347e-09 2.707577876070e-09
83 62 8.944681720927e-10 -8.385680583779e-10
84 62 -1.096123340208e-09 -1.933434474873e-09
85 62 -1.128381798522e-09 -2.765804598079e-10
86 62 1.047189476024e-09 9.675873224334e-10
87 62 6.290440103048e-11 -2.031082416550e-09
88 62 5.468170390774e-10 8.255014416386e-10
89 62 -2.580725983090e-10 2.494700194632e-09
90 62 1.772491080663e-11 9.247897633861e-10
91 62 -3.570725075598e-10 6.964997793760e-10
92 62 2.618688075402e-10 8.973534537951e-11
93 62 4.838103102293e-10 -6.217166905456e-10
94 62 -1.133997050280e-09 -1.397024034221e-09
95 62 -6.308265845572e-10 1.967281313872e-11
96 62 -4.859113042657e-10 -4.026000405313e-10
97 62 -6.192312852056e-10 -7.444684109058e-10
98 62 -4.388771535532e-10 -1.853066009993e-10
99 62 -1.586134773855e-10 8.134017086360e-10
100 62 2.037418827906e-09 2.485712268448e-11
101 62 4.917540560526e-10 1.708221285401e-10
102 62 -2.039943491461e-10 7.654058800225e-10
103 62 7.571054500436e-10 1.044048080516e-09
104 62 8.254152976850e-10 -3.763380508008e-10
105 62 2.870458347921e-10 -3.547268931980e-10
106 62 1.953907097764e-10 2.823375309667e-10
107 62 2.192554173596e-11 -4.026003993637e-10
108 62 -7.446451573486e-10 -5.985024616146e-10
109 62 -3.445991046277e-10 7.503584290996e-10
110 62 -1.599167901821e-10 4.657307033195e-10
111 62 -2.449829080654e-10 1.076823407823e-10
112 62 -1.006162869957e-09 -6.144148965250e-11
113 62 -2.214593637532e-10 -1.094039525389e-10
114 62 2.454271637189e-10 9.266733258160e-10
115 62 1.326797947545e-10 -4.312522781327e-10
116 62 1.217336535936e-10 -4.606590882970e-10
117 62 -9.035832539117e-12 -1.284220653371e-10
118 62 -1.982776942395e-10 4.564208785357e-10
119 62 -4.956882792101e-10 -1.989452601917e-10
120 62 -4.106744582978e-10 1.644338017962e-10
121 62 1.267571499864e-10 1.356403009756e-10
122 62 -7.432007977823e-11 5.141756857263e-10
123 62 1.730760940674e-10 -7.222419102370e-10
124 62 -1.250032023246e-09 1.524325433949e-10
125 62 -3.372334012145e-10 9.432545904453e-10
126 62 9.626054526492e-11 8.101238269117e-10
127 62 1.752792903639e-11 2.492068207655e-10
128 62 1.518398881738e-10 3.946523050649e-10
129 62 -8.261256433381e-10 -1.417215053356e-10
130 62 -7.214686036047e-10 -9.326164169520e-11
131 62 -1.201305147404e-10 2.732383195106e-10
132 62 9.309015880091e-10 2.391479960839e-10
133 62 7.438811833461e-10 1.610660443246e-10
134 62 -2.818638991364e-10 -1.555811304874e-10
135 62 -8.189795140528e-10 -3.240615059029e-10
136 62 -4.820287025512e-10 3.115420041481e-10
137 62 -8.535163568695e-10 9.620674093347e-11
138 62 -4.736527918535e-10 -3.185383760347e-11
139 62 1.791593547754e-10 8.653714271188e-11
140 62 -1.122550111414e-10 -2.869158861620e-10
141 62 -5.622639022968e-11 -2.333535409412e-10
142 62 1.081962929427e-10 -2.178214465054e-10
143 62 1.015183997442e-09 -3.996596584566e-10
144 62 -2.611440347218e-10 -1.010637330211e-10
145 62 -7.447626193680e-10 6.787443347638e-10
146 62 -2.979284804952e-10 8.257585451269e-10
147 62 -1.416154651370e-10 3.274248992479e-10
148 62 6.179909168494e-11 -4.882128851323e-10
149 62 1.433520426506e-10 -2.817578517870e-10
150 62 3.749810129781e-10 -2.535458008508e-10
151 62 2.052512413887e-10 8.423034926031e-11
152 62 1.951957166125e-10 9.204355452796e-10
153 62 2.555757509159e-10 7.203053720391e-10
154 62 -3.611231047129e-11 6.601871371525e-10
155 62 -5.815717284845e-11 -2.169351210900e-10
156 62 -4.082847867147e-10 -1.019069450954e-09
157 62 -6.366124160254e-10 -7.199516345633e-10
158 62 1.769568624183e-12 -4.102709050369e-11
159 62 1.208957609095e-10 2.614675844271e-10
160 62 4.454212880077e-10 -3.826780828432e-10
161 62 4.870600905807e-10 2.976413784859e-10
162 62 7.722833784970e-13 -5.628799754458e-11
163 62 -1.007471899277e-10 1.678029159410e-10
164 62 1.802682410523e-10 -6.967619283744e-10
165 62 -4.056659406418e-11 -2.592155188187e-10
166 62 3.482015722986e-10 -1.718415788455e-10
167 62 2.562112557376e-10 5.126605503056e-10
168 62 -2.359214821085e-11 2.562334765472e-10
169 62 -2.384477116864e-10 3.427391753425e-10
170 62 -9.731971350061e-11 -2.906997481583e-11
171 62 -1.626236823068e-10 -1.067518047466e-10
172 62 3.446023052040e-10 -6.459505031420e-10
173 62 6.158425891265e-11 -1.603507973884e-10
174 62 4.665006437939e-10 -7.410269900552e-10
175 62 4.160128412351e-10 2.312789427068e-10
176 62 3.881653993476e-10 -3.815101107963e-11
177 62 -4.506371230902e-10 4.725286144685e-10
178 62 2.023101438485e-10 -3.641244062290e-10
179 62 -4.426572342532e-10 1.262167867065e-10
63 63 -2.306950208860e-10 5.440738690377e-10
64 63 1.997234282766e-09 -1.176128486463e-09
65 63 -1.373632399578e-09 -2.718678820412e-09
66 63 1.488484083868e-09 1.962287878483e-09
67 63 4.171020386396e-11 2.181604072073e-09
68 63 -1.203523965958e-09 -2.768585687124e-09
69 63 1.189590503882e-09 2.067322793465e-09
70 63 -1.529639787118e-09 7.779571347280e-10
71 63 5.614245747618e-10 4.085652519891e-10
72 63 -1.489809493744e-09 9.210672502572e-10
73 63 1.868669838749e-09 -1.656907587938e-09
74 63 1.093028446374e-09 -4.348270543375e-11
75 63 -3.311448597620e-09 -4.907761325244e-10
76 63 7.806326582478e-10 1.355382809484e-09
77 63 7.468634957016e-10 -1.721569727415e-09
78 63 7.090581491994e-11 -1.995217911196e-10
79 63 -1.847314116877e-09 7.163559317299e-10
80 63 -1.177176532580e-09 -1.057033881470e-09
81 63 -1.918197970954e-09 -9.284504789141e-10
82 63 -2.128984709943e-09 1.176295563994e-09
83 63 -6.896657556168e-10 -1.012540209451e-10
84 63 -3.138851338687e-10 -8.306786540412e-10
85 63 5.140390493044e-10 -1.727567654470e-09
86 63 1.295286767783e-09 -8.698061171092e-10
87 63 -1.212222820280e-09 -8.256374176442e-10
88 63 -1.052734831702e-09 -6.582077991229e-10
89 63 3.057528074998e-12 4.805291954352e-10
90 63 8.689056785380e-10 1.026797610826e-09
91 63 9.234468574728e-10 1.723648900593e-09
92 63 1.007810879201e-09 4.402499481015e-10
93 63 -1.591861891918e-11 -9.106484564522e-10
94 63 6.493851374242e-11 -4.851386082392e-10
95 63 1.096021621520e-09 -2.987566786585e-10
96 63 1.542835770410e-09 2.494313304712e-10
97 63 5.903248588644e-10 9.286065136779e-10
98 63 -1.408870668829e-10 -4.530277770863e-10
99 63 3.634634320258e-10 5.471580731291e-10
100 63 -5.894912164293e-10 -8.437350453708e-10
101 63 -5.124990287319e-10 9.704144025082e-10
102 63 -8.920829395719e-10 7.734975985504e-10
103 63 -3.439483755879e-10 8.463410278345e-10
104 63 -6.797963398253e-10 -2.761814213862e-10
105 63 5.757511691654e-10 -3.126352396870e-10
106 63 8.194454205135e-10 -1.846045924896e-10
107 63 -3.506062156371e-10 -7.142249746505e-10
108 63 -8.656178677802e-10 -1.957127974572e-10
109 63 -5.480864197362e-10 1.834458258625e-10
110 63 -5.631216104262e-10 -6.652303596892e-10
111 63 -8.365280577135e-10 -1.383119315877e-09
112 63 -7.357796666667e-10 -3.891090094421e-10
113 63 1.701980122436e-10 2.121607649949e-10
114 63 1.721091875177e-10 8.108173977383e-10
115 63 6.358163079057e-10 8.300020223182e-10
116 63 1.082660115988e-09 -5.262832244034e-10
117 63 1.222342526934e-09 -1.077860687468e-09
118 63 -6.851654875837e-12 2.496596271014e-10
119 63 -1.721279145179e-10 6.662492641996e-10
120 63 -7.116001132008e-10 2.060143102414e-10
121 63 -6.092119798438e-10 6.652756585430e-10
122 63 -2.309740280949e-10 2.607139594071e-11
123 63 -8.531570656550e-12 1.312482030727e-10
124 63 1.091814445100e-10 3.707061263183e-10
125 63 4.834328299018e-10 3.375717100529e-10
126 63 2.824252210009e-11 -2.376103115430e-10
127 63 3.846928297805e-12 1.244593817483e-10
128 63 4.564527222110e-10 -3.276199632917e-10
129 63 -3.457194205223e-10 3.281273436809e-10
130 63 2.995506716347e-11 5.771744058965e-12
131 63 7.036341024722e-10 7.997695935364e-10
132 63 7.228183261403e-10 5.747502634661e-10
133 63 -7.490481376289e-11 -1.300844107919e-10
134 63 -6.828569095320e-10 7.563718092979e-10
135 63 7.429053556542e-11 -1.854812195277e-10
136 63 2.265596874679e-10 -5.713557399707e-11
137 63 -1.308857655841e-10 2.766486167980e-10
138 63 6.390024110811e-10 6.751669775519e-10
139 63 -2.058838306290e-10 3.812992440257e-10
140 63 -1.005212401195e-09 4.103266951956e-10
141 63 -1.714558778881e-10 9.072635457343e-10
142 63 2.547265200481e-10 9.660220796337e-11
143 63 3.640912021505e-10 -4.239168918993e-11
144 63 -1.957157328498e-10 1.087927820869e-10
145 63 -5.613030103410e-10 -1.994722120546e-10
146 63 -4.064321710342e-10 -4.447341631003e-10
147 63 -1.018603276111e-09 -6.807201848277e-11
148 63 -1.584260499556e-10 -2.671519110093e-10
149 63 1.882227483304e-10 -3.578288203813e-10
150 63 1.991476630669e-10 -3.240552460400e-10
151 63 -1.349718978142e-10 2.319307451273e-10
152 63 -7.548653996841e-11 3.094424437597e-10
153 63 -1.571967299480e-10 1.978327594283e-11
154 63 -7.651705675654e-10 -1.174056037077e-10
155 63 -1.278179057852e-10 -1.334402182065e-10
156 63 -3.013784037246e-11 -2.824808452001e-10
157 63 1.831721455478e-10 -4.671226853841e-10
158 63 -2.550650952491e-10 -3.614514772222e-10
159 63 -2.297791701849e-10 -1.561558148491e-10
160 63 -3.952441558605e-10 9.848027317559e-11
161 63 -1.370680263324e-10 4.937308486992e-10
162 63 -2.654843105058e-10 3.051991156052e-10
163 63 -2.411841972918e-10 -4.008081898371e-10
164 63 -2.147926019979e-10 -4.928114526981e-10
165 63 -7.781453751751e-11 -1.106220420871e-10
166 63 2.911935950112e-10 -1.791699079668e-10
167 63 2.471877669012e-10 -9.807650638108e-11
168 63 -2.413776774982e-11 1.779366929966e-10
169 63 7.556524538467e-11 3.943260530719e-11
170 63 -3.104215791528e-10 -6.423665669266e-10
171 63 -2.396581672480e-10 -4.776903198486e-10
172 63 -3.316726471658e-10 1.772594259743e-10
173 63 1.805516245596e-10 1.552218423944e-10
174 63 3.389262716390e-10 -2.087574443340e-11
175 63 -2.878825167465e-10 7.669357435446e-11
176 63 -2.158506008245e-10 2.659222310300e-10
177 63 -1.823247224465e-10 3.171715937091e-11
178 63 -5.691695731043e-10 1.849807244069e-10
179 63 -4.812989191911e-10 -9.241603486407e-11
64 64 7.066648213748e-10 -6.825203489717e-10
65 64 -5.927737753928e-10 1.378411466226e-09
66 64 -7.230743712261e-10 -1.145539479957e-09
67 64 1.651216322571e-09 -1.070594199768e-10
68 64 -6.116158625851e-10 -1.374271492554e-09
69 64 -3.266418648120e-09 1.122158670095e-09
70 64 3.527163488632e-10 1.631824659190e-09
71 64 -1.891398601529e-09 1.987223943951e-10
72 64 1.747163535567e-09 2.570747903240e-09
73 64 7.865650808937e-10 1.359995224530e-09
74 64 1.626003441738e-09 -3.374218857599e-09
75 64 1.634610178257e-09 7.237826773224e-10
76 64 -7.714561534237e-10 -1.584946463562e-09
77 64 1.171847651475e-09 4.540650073477e-10
78 64 -2.730440672755e-09 -1.009404037100e-09
79 64 9.876972080341e-11 1.927230421679e-09
80 64 6.525628581239e-10 4.776715599566e-11
81 64 -2.108887588763e-10 -9.450330485847e-10
82 64 2.716731722781e-10 -5.827529476803e-10
83 64 4.555428542073e-11 -9.549161591773e-10
84 64 -1.301867510661e-10 -4.341564584494e-10
85 64 3.537877051695e-10 -6.125666689816e-10
86 64 1.081386122735e-09 1.739928154110e-09
87 64 1.152869103448e-09 5.600353829412e-10
88 64 1.357697363361e-09 3.542207613139e-10
89 64 -1.502311628983e-09 1.353857212844e-09
90 64 5.085904353848e-10 3.271214307320e-10
91 64 -6.649384758282e-11 1.385330873432e-11
92 64 -3.075667692296e-10 -5.569871596777e-10
93 64 -7.414366540581e-10 2.470626857117e-10
94 64 -1.668948628543e-10 1.820905403272e-09
95 64 -4.984900837798e-10 8.909838680956e-10
96 64 1.108068320546e-09 6.389790129854e-10
97 64 4.999496819746e-10 5.373369596776e-10
98 64 6.738135039770e-10 -6.325531004862e-10
99 64 -5.067227596861e-10 2.188422000628e-10
100 64 -1.185584831455e-09 -2.616851063335e-10
101 64 -2.852533475113e-10 6.211667591850e-11
102 64 -7.877935411825e-10 -1.009355793992e-09
103 64 -7.470071321660e-10 2.049823687150e-10
104 64 -1.926482230103e-10 -1.652488542056e-09
105 64 1.188201056916e-09 -8.586651740697e-10
106 64 2.556380152898e-10 -7.310080354792e-10
107 64 1.692492109339e-12 5.176003825434e-12
108 64 2.529803119948e-10 1.777347046440e-10
109 64 6.568109471545e-10 -2.076930227145e-10
110 64 6.107830478972e-11 -5.790899795644e-10
111 64 -8.426563424912e-10 -2.784413942576e-12
112 64 -4.455712096946e-10 -3.222494855119e-11
113 64 -1.071612260530e-09 2.129863853895e-10
114 64 -1.367185834916e-10 4.437468842823e-10
115 64 2.093898788473e-10 7.278571008474e-11
116 64 3.728404649621e-10 -5.086794443389e-10
117 64 -8.593087950574e-10 -2.199032815506e-10
118 64 -8.575959182373e-10 1.021053043297e-09
119 64 1.771583745877e-10 1.335582039364e-11
120 64 2.028942988549e-10 -8.424047973579e-10
121 64 -9.118453616252e-10 -4.980581020948e-10
122 64 -3.920757832670e-10 8.345573761008e-11
123 64 -1.028506274657e-09 2.809050203741e-10
124 64 1.436135593037e-10 6.415143247438e-10
125 64 3.153108452902e-10 -5.346985320864e-11
126 64 1.108153229891e-10 -1.149436045260e-11
127 64 1.806473032564e-10 2.183138997158e-10
128 64 -1.013927099243e-10 4.333863927926e-10
129 64 -5.240113635709e-10 -4.773734245181e-10
130 64 -1.136227238297e-09 -8.093880708245e-10
131 64 -4.121536603420e-10 1.033523063991e-10
132 64 -2.967439178687e-10 1.013230788779e-10
133 64 -7.012329436190e-10 1.742612684574e-12
134 64 -4.093960405231e-10 9.149761093700e-11
135 64 1.737188687819e-10 -7.306522178962e-11
136 64 -3.030482677853e-10 3.814764722532e-10
137 64 9.263521595987e-12 2.545349746352e-10
138 64 5.352334017543e-10 1.041637375916e-10
139 64 -5.812729426643e-11 1.566579449817e-11
140 64 2.011944614941e-10 -2.226992778810e-10
141 64 -9.834873185010e-11 -1.413480571847e-10
142 64 3.423994607349e-10 -2.635838849512e-10
143 64 -3.070614921829e-10 -2.261669600606e-10
144 64 -3.665215926380e-10 2.320330979546e-10
145 64 8.305585444671e-11 1.469364561019e-10
146 64 -2.875456114333e-10 1.744162062819e-10
147 64 7.097303825159e-11 -3.799660031107e-10
148 64 2.847800640361e-10 -1.414613963303e-10
149 64 2.877121981764e-10 -2.862965282206e-10
150 64 -4.080548727258e-10 6.795381436881e-10
151 64 -1.057593279717e-10 6.529994610000e-10
152 64 2.741671892575e-10 2.513124082695e-10
153 64 -2.273292000968e-10 7.432632744388e-11
154 64 -3.677486853398e-10 -1.638195601231e-10
155 64 -5.352850361097e-10 -2.806537681294e-10
156 64 -8.033925459898e-11 -4.194525702125e-10
157 64 1.236320662658e-10 1.274139330656e-10
158 64 5.749670439606e-10 4.540690748997e-10
159 64 2.790241490362e-10 3.670416428507e-10
160 64 5.937317044446e-10 6.420926055099e-11
161 64 -3.051107453802e-10 -1.180182134482e-10
162 64 -6.388909017585e-10 -2.802662559445e-10
163 64 -3.495075446325e-10 -8.250759931169e-10
164 64 -1.495316822870e-11 -3.995587054756e-10
165 64 3.469380518240e-10 -5.239106109472e-10
166 64 -1.938068438725e-10 -2.109527180621e-10
167 64 -1.859361811979e-10 -3.405450867528e-10
168 64 -1.148572328043e-10 -3.558080092436e-10
169 64 -2.751739314334e-10 -4.985462920661e-11
170 64 -1.898055049779e-10 -6.032554015819e-11
171 64 -4.378937531763e-10 -2.449525118633e-10
172 64 2.865489398121e-10 -2.475523007446e-10
173 64 -7.971216869367e-11 -7.480111758373e-10
174 64 -1.822011424048e-10 1.334703656680e-10
175 64 -7.792246565498e-10 3.019740866646e-10
176 64 -3.252913006671e-10 1.150330284148e-10
177 64 -9.680796540252e-11 -4.650468514472e-10
178 64 -2.429718338263e-10 -1.804375016262e-10
179 64 1.768427033886e-10 -6.677511471127e-11
65 65 2.200178008698e-09 9.182567489508e-11
66 65 -1.215501209416e-09 8.021442839621e-10
67 65 1.439802603978e-09 -3.013329882992e-10
68 65 1.735369551118e-09 -1.557354573773e-10
69 65 1.739216426767e-10 -8.267146189583e-10
70 65 2.676709235509e-09 1.792018674654e-09
71 65 -8.105855334144e-10 -5.343115640876e-10
72 65 4.874205501578e-10 -1.385239400305e-09
73 65 -7.390368270442e-10 -2.973232709059e-10
74 65 6.743343279285e-10 -5.823076151393e-10
75 65 -1.019713335973e-09 8.314212612445e-11
76 65 1.699881712974e-09 -1.239425516073e-09
77 65 -2.541165167794e-09 3.607398356066e-10
78 65 -1.916556765901e-10 -4.364176084815e-10
79 65 -1.014540912369e-09 3.225682162126e-09
80 65 -7.902616191668e-10 -1.093561532539e-09
81 65 1.972672425208e-09 1.068123651293e-09
82 65 -8.956995151135e-10 -6.970694465308e-10
83 65 9.373934278291e-10 -1.128478713933e-09
84 65 -9.174663603831e-11 -6.315415226639e-10
85 65 -1.129908515005e-09 -2.603325235283e-09
86 65 -1.030279629530e-09 1.798837438512e-09
87 65 -1.060632782003e-09 -4.287254136063e-10
88 65 -1.562966311117e-09 -6.066552188513e-10
89 65 1.924342891537e-11 -4.823539759719e-10
90 65 1.617427944682e-09 -2.815723287262e-10
91 65 -4.217150649593e-10 -4.942620811494e-10
92 65 -2.572868665048e-10 -5.570214571677e-10
93 65 -3.389711704190e-10 -1.094916775643e-10
94 65 6.173901063175e-10 -1.314502938963e-09
95 65 -6.533585923181e-10 1.518772609783e-09
96 65 1.156177660334e-10 1.592531086676e-09
97 65 3.434501090944e-10 2.787457819469e-10
98 65 -1.031402937972e-09 -1.075752077394e-09
99 65 -4.382284146915e-10 -2.583939725461e-10
100 65 -1.441736862789e-12 7.336189231603e-12
101 65 -3.433209380271e-10 -3.810752795015e-10
102 65 5.210646697120e-10 -8.308334346259e-10
103 65 5.869743893327e-10 4.073772661340e-10
104 65 6.935677807038e-10 1.346728576526e-10
105 65 4.749159079434e-10 8.326417261312e-12
106 65 4.116233533566e-10 4.112763437179e-10
107 65 4.183441349187e-10 1.358003808393e-09
108 65 -3.486071230496e-11 5.573080770667e-10
109 65 -1.060514146062e-09 6.643657147925e-10
110 65 -1.059856852994e-09 3.784996003017e-10
111 65 4.222582116549e-10 7.845818181787e-11
112 65 4.772140174966e-11 -1.995359176677e-10
113 65 -3.865574857357e-10 -4.097559547191e-11
114 65 -3.051160272393e-10 -5.911171113778e-11
115 65 1.083079000695e-10 -2.557907013694e-10
116 65 -4.576922188892e-10 -3.776827321777e-10
117 65 -4.411146764545e-10 4.485870224619e-10
118 65 -1.974067020046e-10 4.213502769298e-10
119 65 2.921410754290e-10 -1.631394983554e-10
120 65 1.701639740662e-10 2.483457533608e-10
121 65 6.184882265053e-10 -2.483594317976e-10
122 65 4.946241879100e-10 -7.948641447850e-11
123 65 2.779245876469e-11 -2.445097393234e-10
124 65 -1.181790096801e-10 1.929727758246e-10
125 65 7.321386854469e-11 8.208081720597e-10
126 65 -2.705440822580e-10 -9.211706255407e-11
127 65 -6.710946291833e-11 9.310839152317e-11
128 65 -6.791607415219e-11 2.538706881386e-10
129 65 8.411083858136e-11 -2.550166904155e-10
130 65 -3.705308704929e-10 4.185979518556e-10
131 65 -5.450799226914e-10 4.214493073749e-10
132 65 1.615649491460e-10 -3.914159019423e-10
133 65 1.819458810142e-10 -2.027809808448e-10
134 65 -8.237580986282e-11 -1.699486825041e-10
135 65 2.544879916347e-10 4.856892856386e-10
136 65 7.412861068584e-10 7.848001663320e-10
137 65 6.210567278639e-10 2.801308037422e-10
138 65 4.763317073879e-11 4.445114249508e-10
139 65 -4.088641536186e-10 -1.886194003181e-11
140 65 -2.582451519442e-10 -2.159164854953e-10
141 65 5.099114110520e-11 2.290448472750e-10
142 65 5.037259203834e-10 2.955978574823e-10
143 65 3.202107059940e-10 4.372691142948e-10
144 65 1.348484294350e-11 -5.725149235086e-11
145 65 -2.166720329854e-10 -8.353152596007e-12
146 65 -6.272368131878e-10 3.265976782342e-10
147 65 -3.612666759017e-11 2.278265828056e-10
148 65 3.778376669338e-11 -2.690127293538e-10
149 65 -8.651642619297e-12 -3.009845967414e-11
150 65 5.993754766098e-10 5.037948037702e-10
151 65 2.139090488355e-10 2.869988657857e-10
152 65 2.430650737755e-12 1.885791942120e-10
153 65 -2.219696861361e-10 3.189700436462e-10
154 65 3.002988834129e-10 3.727042605516e-11
155 65 4.351492091645e-10 3.187903734220e-10
156 65 9.324463244746e-11 -1.568835039179e-10
157 65 -1.691651753027e-11 2.847474460216e-11
158 65 -1.206064694038e-10 -5.778524259034e-11
159 65 1.716475531448e-11 -1.674168075934e-10
160 65 -1.878847946542e-10 5.196019158486e-10
161 65 -4.834639126370e-10 3.085681768367e-10
162 65 -2.283234365987e-10 -3.131287612687e-10
163 65 -1.331074085106e-10 -1.722161278983e-10
164 65 1.095149681730e-11 1.699821449421e-10
165 65 -2.981747700998e-10 1.268159237978e-10
166 65 3.294082751713e-10 2.767329155951e-10
167 65 2.135773653109e-10 2.576670099505e-10
168 65 -1.813602023533e-10 -7.065489745217e-11
169 65 -5.267247131165e-10 2.001277268039e-10
170 65 -5.770593116024e-11 5.679776830345e-11
171 65 2.224032944692e-10 -3.078295673138e-10
172 65 -1.130182556604e-10 1.156725082065e-12
173 65 4.744721401635e-10 3.314172888448e-10
174 65 2.619902696392e-10 2.822136238158e-10
175 65 -4.227656933137e-11 2.501940970847e-10
176 65 -4.219714178359e-10 -1.306025828624e-10
177 65 -1.568282881114e-10 1.390699176892e-10
178 65 -3.469470445759e-11 1.453562214069e-11
179 65 2.174535883432e-10 -1.515881655882e-10
66 66 -1.273480373822e-09 1.386564559851e-09
67 66 2.824376560127e-09 -7.677670574361e-10
68 66 3.700197534847e-09 5.831304278370e-10
69 66 -1.761504051832e-09 -6.783262668989e-10
70 66 6.214699953573e-10 8.869778527197e-10
71 66 1.781865513440e-09 1.932723608074e-09
72 66 -4.853515130155e-10 -9.212591656536e-10
73 66 1.140268590327e-09 -3.927442534019e-11
74 66 -5.962317374075e-10 -1.188099704519e-09
75 66 8.445217333150e-10 -9.893894142973e-10
76 66 -7.154262622820e-10 2.702116283141e-09
77 66 -3.510767874983e-10 -1.129392900513e-09
78 66 1.521367755024e-10 -8.529410620946e-10
79 66 -1.201929828748e-09 -2.751246843042e-09
80 66 9.332506261454e-10 6.734745419510e-10
81 66 -8.971776774477e-10 -1.967992855431e-09
82 66 -9.965578679016e-10 -1.282547925173e-09
83 66 -1.095608811976e-09 3.035512934832e-10
84 66 6.185295582649e-10 1.778357415735e-10
85 66 -6.410900660823e-10 -5.314789976346e-10
86 66 -1.400743796017e-09 -3.459363991491e-10
87 66 -7.093381135770e-11 -2.623275627114e-10
88 66 -5.379784957492e-11 -9.500622694023e-10
89 66 -2.339670989510e-09 -1.070103911274e-09
90 66 -1.824399779669e-10 -1.555049853806e-09
91 66 7.775952851235e-10 7.221524084407e-12
92 66 -4.813959094700e-10 -1.028932716238e-09
93 66 6.305517102742e-11 -1.176523630656e-09
94 66 2.964279561789e-10 -7.144751716416e-10
95 66 9.735552408522e-10 -2.065394890218e-10
96 66 1.107613861836e-09 -3.017863812748e-11
97 66 -7.907506441574e-10 1.127308831226e-10
98 66 -6.887965076379e-10 1.111383428786e-09
99 66 -3.826722999909e-10 5.906201663789e-10
100 66 2.689027153684e-10 -1.799352151223e-10
101 66 3.237760014580e-10 4.716092206964e-10
102 66 1.443859883138e-10 -4.624342271152e-10
103 66 8.956273891292e-10 -1.103944296779e-09
104 66 -6.873565784465e-10 -4.775702632298e-11
105 66 -3.635613514744e-10 6.848542523737e-12
106 66 -8.085517813467e-10 -1.669972723623e-10
107 66 -1.694115668273e-10 5.690780347172e-10
108 66 -5.315050540890e-10 5.861747522393e-11
109 66 -1.667647552213e-10 6.349490419959e-11
110 66 -3.975579390668e-10 1.833351430205e-10
111 66 -5.931131694302e-10 -8.267657071147e-10
112 66 -1.440590894073e-09 1.691416453487e-10
113 66 1.584625792250e-10 8.603927612407e-11
114 66 5.194473403164e-10 -2.468548102811e-11
115 66 8.371638804010e-10 -4.535588994673e-10
116 66 3.145528218682e-11 7.126164746923e-10
117 66 -5.673827762337e-10 5.862095587999e-10
118 66 -1.104995880133e-09 3.544574596495e-10
119 66 -4.998207379692e-10 -3.253508771343e-10
120 66 1.958160225676e-10 -2.943736117431e-10
121 66 3.769076905783e-10 -6.621728107676e-11
122 66 -3.940274230024e-11 -1.698834407127e-10
123 66 -4.643315440732e-10 3.979714358243e-10
124 66 1.551053718534e-11 4.776947666894e-10
125 66 1.217368067873e-10 4.207223207494e-10
126 66 -6.927135475474e-10 -4.498074462732e-10
127 66 -6.446677133430e-10 1.610084277159e-11
128 66 7.366287104568e-11 3.703846290208e-10
129 66 2.110941967385e-11 -5.812516754704e-11
130 66 6.276083487315e-10 2.601444840553e-10
131 66 -1.121188470036e-10 1.091432900958e-10
132 66 7.178110340601e-11 2.654666493768e-10
133 66 5.536501631247e-10 1.571571434601e-10
134 66 6.919905903692e-11 2.507160510316e-10
135 66 -2.584030411759e-11 4.023203949736e-10
136 66 -3.973141438194e-10 9.333248121546e-12
137 66 -1.261683318370e-10 -1.647810766994e-10
138 66 1.004121924905e-10 -2.307465911989e-10
139 66 4.364759202255e-10 -7.710718716203e-10
140 66 1.795218331228e-10 -8.205873021502e-10
141 66 -2.905535684230e-10 -5.071789049325e-10
142 66 2.749639593846e-10 -4.913107590050e-10
143 66 1.100893234372e-10 1.611405820825e-10
144 66 5.204270409290e-10 2.820506114018e-10
145 66 -1.165860856015e-11 4.357354300840e-10
146 66 8.111524441895e-11 2.865307624984e-11
147 66 4.873362632504e-10 -3.679243321510e-10
148 66 -2.087592478167e-11 -9.268358587552e-11
149 66 3.584182126182e-10 -2.722437566169e-10
150 66 2.861848095717e-10 -1.847946497155e-11
151 66 1.230268102394e-11 2.705368315524e-10
152 66 3.146729033408e-10 -9.156487090843e-11
153 66 -3.591788787945e-10 -2.781638299964e-10
154 66 -5.696746283872e-10 -3.472311560051e-10
155 66 -3.231898241894e-10 -3.750967427898e-11
156 66 2.976542962449e-11 5.230686505744e-11
157 66 -9.609263119122e-11 -8.285875102407e-11
158 66 -2.822676164867e-10 -7.335983705783e-10
159 66 4.885883136518e-10 -5.670621492854e-11
160 66 1.847960577688e-10 5.471564850756e-10
161 66 -3.604186473934e-10 3.290215680908e-10
162 66 -3.461669105504e-10 -1.917334347341e-10
163 66 5.344510242903e-11 9.954679585817e-11
164 66 -2.950450486660e-10 3.913136058213e-10
165 66 -2.794162394618e-11 8.122377104650e-12
166 66 2.441978408132e-10 -2.494059430611e-10
167 66 -5.534405028223e-10 -2.766921032751e-10
168 66 -2.292587547385e-10 -5.677711194942e-11
169 66 -2.300831790207e-10 8.600966442578e-11
170 66 -2.334182642275e-10 -1.538792083747e-10
171 66 -3.183046125501e-10 3.900802042807e-11
172 66 2.301364476762e-10 -3.269162703498e-10
173 66 -4.591113891841e-10 -1.338765015675e-11
174 66 -2.679098668840e-10 -6.942147862810e-11
175 66 -6.628201437731e-10 1.967822231067e-10
176 66 -5.168834116136e-11 2.226700492880e-10
177 66 -2.075075183794e-10 -8.223550928192e-11
178 66 2.447805057319e-10 -4.147269310290e-10
179 66 -3.723638350122e-10 1.563413432044e-10
67 67 -1.683707277919e-09 -3.145555804076e-11
68 67 2.517968965631e-09 4.585235970124e-10
69 67 1.429598251325e-09 2.915188367867e-09
70 67 -8.075232620479e-10 8.280022407864e-10
71 67 -7.425581377416e-10 -4.716832587091e-10
72 67 -8.033016458390e-10 -3.478456828195e-09
73 67 -2.219681009347e-09 6.631109461154e-10
74 67 7.263158416371e-10 -3.648040455649e-10
75 67 -2.250556193086e-09 1.523798449328e-09
76 67 -7.786820356185e-12 -1.219938363398e-10
77 67 8.536273665542e-10 2.959529709543e-09
78 67 1.776736286220e-10 -1.890297923595e-09
79 67 3.534297152995e-10 8.508337149056e-10
80 67 3.126658731665e-10 4.920833606146e-10
81 67 1.676088631742e-09 -2.045076316301e-09
82 67 -8.814610871686e-10 -1.611659776553e-09
83 67 -4.464810889575e-10 -6.051553776165e-10
84 67 8.261881941889e-10 2.660657205227e-10
85 67 2.424206456159e-10 5.329304293301e-10
86 67 8.924459673238e-10 1.456864211483e-09
87 67 1.830098175503e-09 -1.303901213695e-09
88 67 2.343488167034e-09 -1.863673147787e-10
89 67 -3.875928279634e-10 2.209761116177e-10
90 67 -1.680734515988e-10 4.070974104665e-10
91 67 -7.886113609054e-10 3.438996722639e-10
92 67 -9.156949051879e-10 -3.868283335152e-10
93 67 -5.728633648153e-10 1.048369848534e-10
94 67 5.984646330726e-10 -1.567747107151e-09
95 67 3.790733790409e-10 4.564714436690e-10
96 67 -9.857444627527e-11 -4.979496295162e-10
97 67 -8.505007460224e-11 3.282590578094e-10
98 67 -4.610646571586e-10 -6.864219104311e-10
99 67 -1.232566050333e-09 -8.719630339647e-10
100 67 -2.753773002561e-10 4.923169887001e-10
101 67 -5.204833296039e-10 1.643148297649e-10
102 67 -2.694616374881e-10 -8.318950534872e-10
103 67 -1.914023853517e-10 1.119692482682e-10
104 67 -2.312487115231e-10 -3.530681533029e-10
105 67 -2.924837705707e-10 -5.675122547285e-10
106 67 -4.325059625170e-10 -6.674394159963e-10
107 67 -5.505090397480e-11 4.385091813296e-10
108 67 -1.070652278834e-09 -3.034942112151e-10
109 67 6.193482933144e-10 3.346866358500e-10
110 67 -2.639516529228e-10 -4.097196498429e-11
111 67 5.635100516131e-10 1.072847985194e-10
112 67 -4.774949466480e-10 -1.417022070421e-10
113 67 -3.655773615641e-10 2.059121893108e-10
114 67 -3.729523937212e-10 2.493266528606e-10
115 67 -9.361447094015e-11 3.832791617459e-10
116 67 -2.144912238303e-10 8.589722375136e-10
117 67 -3.587895417447e-10 1.248839566027e-09
118 67 -3.248685099915e-10 -4.591680059117e-10
119 67 -5.314755259369e-10 3.203895372977e-10
120 67 8.508325187300e-10 -7.976876153440e-10
121 67 -8.115700730155e-11 -1.452060858784e-09
122 67 -4.123616991438e-10 -2.305248607597e-10
123 67 4.382798670877e-10 2.085021964054e-10
124 67 4.180910669203e-10 4.666605752624e-10
125 67 -5.774336713819e-11 -5.357218610746e-11
126 67 4.711815558048e-10 3.691171058431e-10
127 67 5.318082132530e-10 5.175922274783e-10
128 67 4.134523489916e-10 -2.599188426167e-10
129 67 3.965638294420e-10 3.367721148013e-10
130 67 -1.976337475271e-10 -4.269256634231e-12
131 67 -1.613320601615e-10 -5.098925021656e-10
132 67 -3.442876767545e-10 1.177743886457e-10
133 67 -4.690686062705e-10 -3.104652151644e-10
134 67 -5.370299084262e-10 -5.873222901325e-10
135 67 -5.182275803399e-11 -6.183554692294e-10
136 67 1.762636788398e-10 -7.344604142812e-10
137 67 9.522169684059e-11 5.428551116265e-11
138 67 -4.673673883031e-10 -1.024391372282e-11
139 67 -5.820939835339e-10 2.538504435354e-10
140 67 -2.944443600096e-10 3.237346631910e-10
141 67 -2.616172199731e-10 -3.071089243828e-11
142 67 6.421887976515e-10 -6.966800970879e-11
143 67 3.205410870181e-10 -2.646920040606e-10
144 67 -2.635912453665e-11 -7.195095163925e-11
145 67 -2.959747327587e-10 -1.078796637781e-10
146 67 -6.798694656851e-11 -2.368782898210e-10
147 67 -3.033357052127e-10 -1.423934835589e-10
148 67 -1.903062712744e-10 2.695215212641e-10
149 67 3.461007413895e-10 -4.347238015796e-11
150 67 -1.002190771321e-10 -3.442082077092e-10
151 67 -1.771976022402e-10 -2.674879644848e-10
152 67 4.137063398877e-11 7.156057528095e-11
153 67 3.091887698470e-10 7.057784518959e-12
154 67 1.593399544472e-10 -1.913623513197e-10
155 67 -5.580860165529e-11 7.769392965796e-11
156 67 1.280238883186e-11 4.021121175115e-10
157 67 1.769931817465e-10 -2.359520464495e-10
158 67 2.008204106651e-10 -1.740572133911e-10
159 67 5.307935911156e-10 5.274071715725e-10
160 67 3.472778796620e-10 5.873312373068e-10
161 67 -1.058183549127e-10 -2.319983132326e-10
162 67 1.083523212148e-11 -1.869377419621e-10
163 67 2.780341786770e-10 3.414920562088e-10
164 67 -1.098606008596e-10 4.837074073232e-12
165 67 9.828463154440e-11 5.998373732290e-11
166 67 2.533309897260e-10 -7.413168360697e-12
167 67 1.778978783028e-10 1.539112925986e-10
168 67 -3.087141451384e-10 -3.130049582932e-10
169 67 -2.479335437473e-10 -2.181987554357e-10
170 67 -6.052609097508e-11 9.222256953428e-11
171 67 1.859982300144e-10 6.803559465167e-10
172 67 -2.052157641528e-10 8.003266081346e-11
173 67 1.549682388145e-10 5.594638088478e-10
174 67 -2.307197506809e-11 2.105878019734e-10
175 67 2.606860585789e-10 3.652991860796e-11
176 67 -2.036218481325e-10 -2.225438759275e-10
177 67 -2.130557786989e-10 -8.922459010549e-11
178 67 -5.471948728426e-10 3.229866052293e-11
179 67 7.159657927665e-11 2.414145052881e-10
68 68 3.096931454884e-10 -6.053296378213e-10
69 68 1.871315567431e-10 -6.789690483903e-10
70 68 -4.805173307331e-09 6.328310712297e-10
71 68 1.717306445860e-10 7.042926253053e-10
72 68 4.722517158166e-10 -7.937891076807e-10
73 68 -9.345371649309e-10 -4.463142031051e-10
74 68 8.879692381560e-10 1.174085504280e-10
75 68 -8.895265046075e-11 -5.432233634112e-10
76 68 -1.839582437922e-09 -1.547587730480e-09
77 68 1.857474902968e-10 7.330975885938e-10
78 68 -3.560424935412e-10 -1.617062693464e-09
79 68 -1.212977878741e-10 1.249360431297e-09
80 68 -9.111364929849e-10 -7.970538922654e-10
81 68 -2.055460406387e-09 2.571187433675e-09
82 68 -1.395156954478e-10 -2.383973660509e-09
83 68 6.512375962929e-10 6.774086182480e-10
84 68 -7.755589091147e-10 6.812986220916e-10
85 68 1.738421083719e-09 -3.780021748050e-10
86 68 8.444519632265e-10 -3.502478979929e-10
87 68 -8.163049032031e-10 -4.501385339001e-10
88 68 1.596590514215e-09 6.517547549881e-10
89 68 -1.440627709160e-09 1.063027537336e-10
90 68 -6.923031076470e-10 4.594634823698e-10
91 68 1.895805712413e-09 -7.479860033163e-11
92 68 1.090129139257e-09 -1.292717880066e-09
93 68 2.829301689108e-10 4.257661924211e-10
94 68 5.667275950843e-10 -2.914687607750e-10
95 68 9.509354377939e-11 -1.701854469666e-10
96 68 -5.264611576640e-10 4.477507754846e-10
97 68 -4.353430890239e-11 1.577406319097e-09
98 68 -8.828462863592e-10 1.134977856047e-10
99 68 -1.128055791105e-09 5.353326101723e-10
100 68 1.595985176536e-10 2.222156798726e-10
101 68 3.255902174876e-10 1.559963818680e-10
102 68 -2.445635157100e-10 -6.508222880853e-10
103 68 5.242179979257e-10 -7.703582944226e-11
104 68 2.601260886725e-10 -1.753725160260e-10
105 68 8.890361063890e-11 2.698863514091e-11
106 68 2.073507331165e-10 1.342934733603e-10
107 68 -1.862389122643e-10 4.204751153841e-10
108 68 9.490285212806e-10 6.006770366276e-10
109 68 3.156854108133e-10 1.281253488959e-10
110 68 -3.763915876583e-10 4.418556454442e-10
111 68 -5.779293723471e-10 4.001539356655e-10
112 68 -6.277807392478e-10 -2.711968615490e-10
113 68 9.282947620549e-10 1.195549473380e-10
114 68 8.594990406497e-10 5.883117493337e-10
115 68 9.055257241359e-10 -1.017229401445e-10
116 68 5.147511842713e-10 -6.806204883387e-10
117 68 -1.354582337602e-09 -8.220375475890e-11
118 68 -6.443708836707e-10 6.260691372614e-10
119 68 7.558460040558e-10 8.700072568540e-11
120 68 3.399904642187e-10 -1.802609239949e-10
121 68 3.938493225186e-10 2.568401905946e-10
122 68 1.994490783668e-10 2.698216484736e-11
123 68 4.903446245278e-10 -3.586319608435e-10
124 68 -6.134973735929e-11 1.176307625547e-10
125 68 -1.061003983470e-09 4.160332437885e-10
126 68 -2.597610598445e-10 1.860100142463e-10
127 68 -2.544151097099e-10 6.665285517010e-11
128 68 -6.859614317916e-10 3.425492662333e-10
129 68 -2.085397191124e-10 6.802269752274e-10
130 68 -1.773105690557e-10 -1.595024096716e-10
131 68 -2.701894169720e-10 -4.786087364904e-10
132 68 -8.182373215703e-11 1.447855039072e-11
133 68 -2.897107524779e-10 1.391650498510e-10
134 68 -6.705232690915e-11 -8.706491751825e-11
135 68 -3.236154662646e-10 2.680677892873e-10
136 68 2.754974907706e-10 8.467087626674e-10
137 68 2.843895831688e-10 5.589140364628e-11
138 68 1.284814693636e-10 -4.736414628806e-11
139 68 -7.488338556899e-11 2.017010417765e-11
140 68 6.127622538412e-11 3.282325843110e-10
141 68 -8.504345284616e-11 -3.754516399604e-11
142 68 -5.176900334010e-10 -2.448395107264e-11
143 68 1.805061458988e-10 -7.069330031358e-11
144 68 6.033783470540e-10 -2.960635046260e-10
145 68 -1.851907095002e-10 -1.961463585927e-10
146 68 -6.688282480943e-12 -4.165433985318e-11
147 68 2.805299885169e-10 3.622752675263e-10
148 68 -3.489768602821e-10 -1.798853744363e-10
149 68 -5.807187509150e-10 4.860390253780e-10
150 68 1.228088085212e-10 3.497339275110e-10
151 68 7.881712766254e-10 4.559105515492e-11
152 68 4.821732220953e-10 6.708978895471e-12
153 68 2.458946403204e-10 1.031673176818e-10
154 68 5.283665382479e-10 8.581783083647e-11
155 68 1.655991255338e-10 3.370365148835e-11
156 68 3.439340871714e-10 1.595562688522e-10
157 68 -5.294908006411e-11 -4.661688354250e-10
158 68 -1.225800822180e-10 -1.277505052480e-10
159 68 -1.705377937866e-10 -4.042294608647e-11
160 68 -7.456108925350e-10 -2.886119072797e-11
161 68 -3.557103972614e-11 -4.597063984114e-11
162 68 1.411870125948e-11 2.001491977548e-10
163 68 1.620856642608e-10 -2.200887605656e-11
164 68 -1.255837039666e-10 -3.215434446921e-10
165 68 -7.505218359116e-11 3.475612362562e-10
166 68 2.135847505388e-10 1.219497145008e-10
167 68 -5.861656452061e-11 -3.563036913785e-10
168 68 -2.453086737978e-10 2.649223300345e-10
169 68 9.965698381357e-11 1.635461727562e-10
170 68 4.500609678550e-10 2.337199379695e-10
171 68 2.813233353784e-10 -1.591824216172e-10
172 68 -1.993156911138e-10 1.257746873174e-10
173 68 -1.145371900963e-10 8.997480798571e-12
174 68 -8.426001843349e-12 4.662248992882e-10
175 68 -1.917294234140e-10 5.154476204071e-11
176 68 -4.380316464741e-10 3.918652275743e-10
177 68 5.546202507680e-10 -1.778461471297e-10
178 68 5.348985844361e-10 1.798730300038e-10
179 68 7.611407026315e-11 2.315703272694e-10
69 69 1.283255898809e-09 -3.190049014339e-10
70 69 -6.873696079481e-10 3.833112989672e-10
71 69 -1.050492947432e-09 -1.520563559790e-09
72 69 2.318114882841e-09 -7.428766732488e-10
73 69 -2.406243937844e-10 7.543438061779e-11
74 69 6.995487922965e-10 3.454911591408e-09
75 69 2.180563723816e-09 1.869161203569e-09
76 69 -6.440744744991e-10 -6.007030502951e-10
77 69 3.034890554587e-09 -1.627236300314e-09
78 69 -8.569761173378e-11 -2.370596055447e-10
79 69 -1.484888746556e-09 -1.111818259142e-09
80 69 -7.010435312701e-10 1.056402402777e-09
81 69 6.946601625600e-10 -7.341328170943e-10
82 69 1.823921545635e-09 -7.413435708476e-10
83 69 -1.508858776293e-09 -1.314453854569e-09
84 69 1.817120674849e-09 -2.878591115323e-10
85 69 -5.987408245004e-10 5.039277178591e-10
86 69 2.088604665100e-10 -1.416434235701e-09
87 69 -1.051983516830e-09 6.986101858291e-10
88 69 3.349030180344e-10 1.137827582531e-09
89 69 -3.889732413726e-10 -4.823996724106e-10
90 69 -2.117370830870e-09 1.505753009753e-10
91 69 -1.463840743527e-09 -8.560526132230e-11
92 69 5.823268140651e-11 -1.269600859255e-09
93 69 1.506032974134e-09 1.791107365745e-10
94 69 3.499153755611e-10 -2.330874811578e-10
95 69 2.183315180115e-10 4.003676217734e-10
96 69 -7.503056948273e-10 6.460935056525e-11
97 69 8.776921777958e-10 -2.254448691954e-10
98 69 -1.679384759307e-10 5.983697330256e-10
99 69 -4.540985918422e-10 1.957200689535e-10
100 69 8.193732973241e-11 -1.671789914740e-10
101 69 -1.063378974926e-09 1.851101870008e-10
102 69 -3.375919047356e-10 8.430811265950e-10
103 69 -2.346604442442e-10 1.052504335881e-09
104 69 -6.990356245854e-10 -4.698415990166e-10
105 69 1.303443896624e-10 4.973521380730e-11
106 69 5.438104092831e-10 6.663664725662e-10
107 69 1.615711714271e-10 -7.361395445179e-10
108 69 -1.600439839490e-10 -5.109162242172e-10
109 69 -1.022157493154e-09 4.618237944035e-10
110 69 -6.551326448473e-10 -7.978363857182e-11
111 69 4.883126297201e-10 -6.218769691861e-10
112 69 -3.819996882962e-10 1.205848849801e-10
113 69 7.799696623197e-11 4.383529048160e-10
114 69 2.032157592946e-10 1.076945817449e-09
115 69 6.691930454733e-10 4.685632683752e-10
116 69 2.943556263427e-10 5.532953800862e-10
117 69 3.727915851176e-10 2.920702852528e-10
118 69 3.470543418101e-10 2.699661848405e-10
119 69 -1.984443038545e-10 -8.161156744172e-10
120 69 -1.142305946338e-09 2.713258373524e-11
121 69 -5.175107256053e-10 1.491202386290e-10
122 69 -6.521054511180e-10 1.003176295915e-09
123 69 2.729411355100e-10 9.856960267713e-10
124 69 5.083703124152e-10 7.495488465259e-10
125 69 4.107162621432e-10 -6.488463306888e-10
126 69 -6.136236139291e-12 -1.292805581166e-09
127 69 -4.920047562365e-10 -6.583048917253e-10
128 69 -3.409054421140e-10 1.905730652703e-10
129 69 5.643982460567e-10 4.349210213943e-10
130 69 7.715342328109e-11 1.107087481508e-10
131 69 -3.132336353664e-11 -3.080897342553e-10
132 69 1.931828971282e-10 3.390004550932e-10
133 69 3.739323320516e-10 9.204933319942e-11
134 69 -1.066837912464e-10 -3.370481544096e-10
135 69 -4.282909440486e-10 1.245933962274e-10
136 69 2.504768388694e-10 7.199882862146e-10
137 69 -2.931139320024e-10 6.881390585461e-11
138 69 -1.080840743158e-09 3.158664507822e-12
139 69 -7.033677265731e-10 -1.063498934074e-10
140 69 -5.376834313323e-10 -7.490962294421e-10
141 69 2.405837876698e-10 -2.456757630669e-10
142 69 -3.418320840758e-10 -2.625663805311e-11
143 69 -1.500081713141e-10 -4.633240575730e-10
144 69 -4.030561752385e-10 -2.253172816843e-10
145 69 -3.953112235217e-10 7.979348432003e-10
146 69 3.986316364433e-10 1.978180565246e-10
147 69 -3.261107090938e-10 -2.743058619006e-10
148 69 -3.605320397126e-10 -2.962809387289e-10
149 69 -2.132623113459e-10 -1.440699144810e-10
150 69 1.480642331369e-10 -6.504502800463e-10
151 69 -6.813438442008e-10 -7.650082271818e-10
152 69 -6.145532716185e-10 -2.643402583555e-10
153 69 2.306982160205e-10 -6.091570481233e-10
154 69 2.365191398305e-10 -1.834847436067e-10
155 69 -4.960471060514e-10 2.619892637791e-10
156 69 -4.315550486956e-10 5.590927540577e-13
157 69 -1.363802333103e-10 -2.534918418961e-10
158 69 -2.627796900267e-10 -1.863796674112e-10
159 69 -8.499689526808e-10 1.721100656095e-10
160 69 -9.270782088659e-11 1.975340827401e-10
161 69 6.164470819431e-11 -1.700074497987e-10
162 69 4.815342531682e-10 -1.089570898347e-10
163 69 -2.685537370594e-11 7.221767493742e-12
164 69 2.148059507493e-10 -2.972526336988e-10
165 69 1.263270812255e-10 1.199431533374e-10
166 69 4.426951384604e-10 -1.070010905969e-10
167 69 -7.322389504911e-11 1.910291276377e-10
168 69 -4.923254622525e-10 -5.589003734382e-11
169 69 -1.116771755726e-10 -5.344644642453e-10
170 69 8.571700512019e-11 3.141892602133e-11
171 69 1.304492444518e-10 4.455685472673e-10
172 69 3.273485173159e-10 1.247230118494e-10
173 69 -1.383216285594e-10 -2.952166866794e-11
174 69 1.577583625500e-10 -2.796838398670e-10
175 69 -3.649634660195e-10 5.657228058653e-11
176 69 5.686345862158e-11 -3.047009736396e-10
177 69 -7.581240174825e-11 -2.072717547553e-10
178 69 4.703554510335e-11 -6.134306812599e-10
179 69 1.394163357455e-10 -1.049431043750e-10
70 70 -1.543191442999e-11 -1.134139512325e-09
71 70 -8.083861580551e-10 1.414929897681e-09
72 70 1.793973318324e-10 7.815466564709e-11
73 70 8.375729515535e-11 -7.012585374703e-11
74 70 -1.021485550074e-09 -3.070482011725e-10
75 70 7.735673981042e-10 4.517727871808e-10
76 70 7.560523656193e-10 -7.990142691683e-10
77 70 -1.571787455961e-09 9.958765056236e-11
78 70 1.880277272573e-09 4.697594669183e-11
79 70 1.068608244712e-09 2.267469349911e-09
80 70 -2.102948687982e-09 -4.787539512293e-10
81 70 1.963480708905e-09 7.740221948074e-10
82 70 -6.334206857032e-10 8.823772599535e-11
83 70 2.453444577189e-09 -5.031085013720e-10
84 70 -8.210070506968e-10 1.802112663629e-09
85 70 1.512012581748e-09 -1.660203632811e-09
86 70 -3.522015175283e-10 3.387090197674e-10
87 70 -2.557825871355e-10 1.535084699608e-09
88 70 -2.268757094391e-11 6.830289983299e-10
89 70 -1.475426908749e-09 5.072281340960e-10
90 70 1.632584184082e-09 -2.110810103131e-10
91 70 5.133184371058e-10 5.325217485484e-10
92 70 1.752620108682e-10 -1.023840505377e-09
93 70 -8.753723919333e-10 -2.700129520448e-10
94 70 -5.143825210002e-10 1.713664560136e-09
95 70 2.063864472085e-10 1.333599583523e-12
96 70 -1.184030570946e-09 -2.014076929464e-10
97 70 -5.309069389626e-10 1.104080786614e-09
98 70 6.771402447049e-10 -2.798173503209e-10
99 70 4.630639432633e-10 -4.215539595793e-10
100 70 -6.477320207537e-10 -1.165926028546e-09
101 70 3.699091384001e-10 1.267331883527e-10
102 70 -5.588823434574e-11 -1.308611067090e-10
103 70 -1.240754271992e-09 -3.113742165577e-10
104 70 -7.079970870741e-10 5.406338699065e-10
105 70 6.671068399652e-10 4.021736455406e-10
106 70 4.817207326297e-10 -8.346369321247e-11
107 70 -3.776749313766e-10 -5.163927287738e-10
108 70 4.385904168987e-10 -8.339099229893e-10
109 70 -9.731098931851e-11 4.229921487565e-11
110 70 -1.462975234299e-10 -9.166995022987e-10
111 70 3.801337792678e-10 -3.982158135969e-10
112 70 6.741377155665e-10 1.018642125874e-10
113 70 1.081699741367e-09 3.054624826471e-10
114 70 -3.468242859714e-10 2.321186142370e-10
115 70 1.786938990227e-10 7.096930722845e-10
116 70 -3.954294709627e-10 1.077959094305e-09
117 70 -5.091638131892e-10 4.996943253096e-10
118 70 -3.461130936502e-10 -4.940976722591e-10
119 70 -2.969996478087e-10 3.568211457565e-10
120 70 8.149390133057e-10 -2.491263489215e-10
121 70 4.703104812556e-10 -7.349785635722e-10
122 70 -4.106097225645e-10 -8.911634442415e-11
123 70 1.426945654861e-10 1.126708790460e-09
124 70 1.357270100448e-10 3.639137011212e-10
125 70 -7.877723583605e-10 -4.921442304942e-10
126 70 -3.523085056048e-10 -1.944602385648e-10
127 70 1.729615948772e-10 7.876718007024e-11
128 70 4.709838932493e-10 8.567836134285e-12
129 70 -5.388373030491e-10 1.784008987745e-10
130 70 2.711843271516e-11 3.390786011712e-10
131 70 -6.135573093317e-10 6.025195079263e-10
132 70 -9.554921166427e-10 2.031586345485e-10
133 70 1.275141371784e-10 6.403348555926e-10
134 70 -1.002244453243e-10 2.675604018953e-10
135 70 1.550094185554e-10 -3.889914139206e-11
136 70 -1.013777330150e-10 -2.951717932598e-10
137 70 -4.275080589897e-10 5.836749154077e-12
138 70 4.411331256207e-11 2.512111936015e-10
139 70 2.147925900470e-12 -7.872148331885e-11
140 70 4.266685172351e-11 -1.559107967323e-10
141 70 -1.903476795377e-10 3.113987421014e-10
142 70 1.990474487981e-10 5.662967014360e-10
143 70 -2.544829279157e-10 4.302990148633e-10
144 70 -5.287200676028e-10 6.672018581778e-11
145 70 -3.741339073323e-10 -5.906395744349e-12
146 70 2.355772955758e-10 2.281100405668e-11
147 70 -6.747481482973e-10 -1.710908630767e-10
148 70 -3.207401988702e-10 1.957002264294e-10
149 70 1.999157047689e-10 2.419509560381e-10
150 70 2.481704323413e-10 2.670827037106e-10
151 70 6.354471456935e-11 8.008966594059e-11
152 70 -4.467870490788e-10 -1.260999572210e-10
153 70 8.042954744758e-11 -3.282296059500e-10
154 70 -1.141375739945e-10 4.287315960639e-10
155 70 4.204840238889e-10 7.794690704754e-10
156 70 2.093808327784e-10 2.215312804310e-12
157 70 3.858190859916e-11 -1.317319814736e-10
158 70 -1.234748150549e-10 -2.038627925179e-10
159 70 -3.912668170257e-10 4.822359633708e-10
160 70 1.656888362073e-10 2.942402735578e-11
161 70 -1.220629327250e-11 -4.512154254417e-11
162 70 -6.294045768444e-11 7.052964361591e-11
163 70 6.092862031190e-11 -9.360042789730e-11
164 70 -2.970157999738e-10 2.019052582539e-10
165 70 -1.081211389400e-10 -2.125679397842e-10
166 70 -2.473098322288e-10 3.624993602835e-10
167 70 4.815291295105e-10 -1.500411217698e-10
168 70 -1.819580184739e-10 -4.012790763582e-10
169 70 -5.090327837145e-12 -2.337567694323e-10
170 70 8.271289014071e-11 -4.998012748649e-10
171 70 3.803112914420e-10 -3.930435170573e-10
172 70 1.202862169813e-11 -4.193216426051e-10
173 70 -1.956321235278e-10 -7.901802824670e-11
174 70 -2.734398009527e-10 1.604996830024e-11
175 70 4.632364422176e-11 -3.302758818109e-10
176 70 2.348241189598e-10 -7.093912252676e-10
177 70 5.120202058557e-10 -3.139582776633e-10
178 70 -1.051911871694e-10 -8.369627945907e-12
179 70 1.248936982199e-10 -3.147831112486e-10
71 71 5.390109550150e-10 -4.496680041444e-10
72 71 -1.257861452697e-09 -1.009289189169e-10
73 71 -2.271934657444e-10 -1.372783559964e-09
74 71 -2.406326991422e-09 -8.250545201314e-10
75 71 -1.182610661647e-09 -6.957819427494e-10
76 71 2.994922968301e-09 -2.614512006614e-09
77 71 -6.383550346935e-10 -4.090385663321e-11
78 71 2.860301482635e-11 1.832758233232e-10
79 71 7.203539222195e-10 5.732226790834e-10
80 71 -2.998472220560e-09 3.177131918130e-10
81 71 2.473521971215e-09 1.445029432973e-09
82 71 4.035127544731e-10 -1.409285167352e-09
83 71 -9.102514065590e-10 3.295078363889e-10
84 71 -1.118904618874e-09 3.414396054110e-10
85 71 -7.680089749127e-10 2.196064708204e-09
86 71 -1.218221288387e-09 2.818036065595e-10
87 71 1.172382477166e-09 5.571729556175e-10
88 71 -6.696659664602e-10 2.455634868401e-10
89 71 8.596306939298e-10 -4.194843850987e-10
90 71 2.261298826879e-10 -9.069129967698e-10
91 71 -7.196728087850e-10 1.226048847919e-09
92 71 1.008085045782e-09 2.489247183951e-10
93 71 -3.551896970716e-10 4.322991991021e-11
94 71 2.808383766632e-11 9.363369722230e-10
95 71 3.362909489182e-10 1.956356020132e-10
96 71 -5.076411004622e-10 -1.916950091964e-10
97 71 6.797031560061e-10 5.842721019835e-10
98 71 -1.004176703428e-09 4.419106453300e-10
99 71 -6.085091736961e-10 -4.015520054970e-10
100 71 -2.492220417441e-10 1.793954767002e-10
101 71 -5.999843674309e-11 -1.311822550026e-10
102 71 2.068435736165e-10 1.909338218103e-10
103 71 -2.222772924675e-10 1.214179313733e-09
104 71 3.822834595721e-10 -2.359069771721e-10
105 71 7.568902150949e-10 -2.051075298663e-10
106 71 -9.200761064957e-10 5.347122855801e-10
107 71 -8.808458860795e-10 1.796221662528e-09
108 71 1.891854275934e-10 1.476290605331e-10
109 71 3.288999359988e-10 3.072959322263e-10
110 71 2.793479922110e-10 -1.392373674488e-10
111 71 9.036338462521e-10 9.085313124841e-11
112 71 8.073373437374e-10 -1.354699418147e-10
113 71 -4.779437391971e-10 7.114706137241e-11
114 71 -1.580131723002e-10 3.139161172340e-10
115 71 3.726467915446e-10 1.103872219969e-09
116 71 -1.427885518079e-10 8.627101562819e-10
117 71 -4.465452211030e-10 -9.427004707017e-10
118 71 -5.380195413365e-10 6.583331957946e-11
119 71 -1.129234584349e-10 1.392306910352e-10
120 71 -1.156442745162e-10 -2.162709346637e-10
121 71 -2.006852446865e-10 3.004258281568e-10
122 71 7.422964757005e-10 4.470253860850e-10
123 71 2.922140798038e-10 2.101223380245e-10
124 71 -9.585753711912e-10 -2.028644824062e-10
125 71 -5.200009210379e-10 -1.478358083559e-10
126 71 -9.191824971792e-11 7.299294301591e-10
127 71 5.655947031639e-11 -3.355989761238e-11
128 71 8.535993717521e-11 3.635020769861e-12
129 71 9.678792198631e-11 1.171931004186e-10
130 71 9.337623613405e-11 -8.592211186434e-13
131 71 -6.562189666033e-10 -4.353973748592e-10
132 71 -9.013277206824e-10 4.578609147825e-10
133 71 -5.139283724738e-11 -2.694806306888e-10
134 71 6.154604744335e-10 -3.941012321761e-10
135 71 7.560737148059e-10 -3.162443982612e-10
136 71 -8.645168382949e-11 2.074966646072e-10
137 71 1.902019964539e-10 5.656429882473e-10
138 71 2.582250515604e-10 3.212670767312e-10
139 71 -3.339775004154e-10 -2.025186778133e-10
140 71 -3.037745750649e-12 1.697965221652e-12
141 71 -4.800245944027e-10 1.358683176654e-10
142 71 -8.184628362668e-10 4.184969757467e-10
143 71 -5.699856688999e-10 3.094281562365e-10
144 71 -6.232766512504e-10 8.827139742887e-11
145 71 -1.237213562674e-10 -4.951025247145e-10
146 71 -3.484457439758e-10 -3.590256156198e-11
147 71 4.138747953031e-10 -3.972872766164e-10
148 71 3.777350744639e-10 -2.615635168958e-10
149 71 3.098321927907e-11 -2.215169092624e-10
150 71 -5.548113491722e-10 3.144447971804e-10
151 71 -2.756733426969e-10 9.241926736728e-11
152 71 -3.056079474566e-10 -5.828458302928e-10
153 71 -5.686250184410e-10 7.211917302193e-11
154 71 -2.160602967146e-11 7.787956261529e-11
155 71 -7.195275621382e-11 -4.092584074160e-10
156 71 4.445968399203e-11 -3.914410715577e-10
157 71 -3.056698692184e-10 1.041483708080e-10
158 71 1.903039455843e-10 1.044000148189e-11
159 71 -3.295494226134e-10 -1.219007231889e-10
160 71 -6.177466200132e-10 -3.411264250879e-12
161 71 1.797994902932e-10 -3.558420191539e-10
162 71 2.119506537195e-10 -4.654486741781e-10
163 71 4.196204044652e-11 -1.615191010809e-10
164 71 -5.449231358237e-10 6.225508590598e-11
165 71 3.626017602648e-10 4.712438328077e-10
166 71 3.390194152930e-10 3.824907952119e-10
167 71 -3.361993699385e-10 1.729901239983e-10
168 71 -7.593503622506e-10 -6.438524802309e-10
169 71 -1.737630291630e-10 1.578215871940e-10
170 71 -3.401938487901e-11 5.623776143818e-12
171 71 -1.674807118365e-10 -2.866006367817e-10
172 71 1.285763058578e-10 -8.346692316237e-11
173 71 -2.363156269311e-10 -1.029705463608e-10
174 71 -2.123331082960e-10 4.347373193635e-10
175 71 -2.506713431674e-10 9.731047630426e-12
176 71 -1.416926481978e-10 5.021651133988e-10
177 71 -4.155840430485e-10 6.111616640787e-10
178 71 1.460990344877e-10 -1.386405745474e-11
179 71 4.042695342057e-10 -5.002822098382e-10
72 72 1.638943193499e-10 5.839416425565e-10
73 72 -5.412603361844e-10 -1.370571203193e-09
74 72 -9.054928965454e-11 -2.309463151684e-09
75 72 -4.906593447159e-10 5.944845488267e-10
76 72 4.335193971503e-10 -6.490566534469e-10
77 72 -1.487091627686e-09 -6.014247503504e-10
78 72 -1.873650466658e-09 1.226390442741e-09
79 72 1.305857134725e-09 4.426784659094e-10
80 72 -1.180688830454e-09 4.173778284114e-10
81 72 -7.877652955055e-10 -8.593022524130e-10
82 72 1.786473348159e-11 -2.411342669493e-10
83 72 -5.922644846183e-10 1.423214292113e-10
84 72 -4.310988318170e-10 1.653178742556e-09
85 72 -1.716963076806e-09 7.013678255438e-10
86 72 7.737851594987e-10 7.331581015277e-10
87 72 -1.408355644581e-09 2.245087916193e-10
88 72 1.797235081975e-09 -1.161422163495e-09
89 72 -2.642948226147e-10 -6.873263906079e-10
90 72 5.560947920019e-10 -1.305818825803e-09
91 72 -7.085503147634e-10 3.318212741088e-10
92 72 -1.715286762603e-09 -9.258933164347e-10
93 72 -1.069972379799e-09 -1.803451848793e-10
94 72 -1.252996697487e-09 2.481099515115e-10
95 72 4.263364777939e-10 1.570169624313e-09
96 72 -5.180543840283e-10 -2.849721006640e-10
97 72 3.812276318671e-10 -1.936721651269e-10
98 72 -2.282243913045e-10 7.137282166595e-10
99 72 1.249499989121e-09 -9.385778410119e-10
100 72 4.879367871740e-10 -1.830816524075e-10
101 72 2.026996977287e-10 -4.149469874198e-10
102 72 7.605283191825e-11 2.445587217632e-10
103 72 1.057200303176e-10 6.499722149448e-10
104 72 1.028926716768e-09 7.640538287540e-10
105 72 -3.025551004840e-10 -3.979043225764e-10
106 72 1.210242323652e-10 6.482846958169e-10
107 72 5.661949023184e-11 1.157073538121e-11
108 72 -5.605309794740e-10 -7.490735271067e-11
109 72 2.760145018029e-10 3.260065915084e-10
110 72 5.750242775168e-10 7.189880881781e-11
111 72 1.673421142487e-10 -2.453270484735e-10
112 72 8.416687523150e-11 -1.063623574956e-09
113 72 2.977872822801e-10 -8.288634016425e-10
114 72 4.960790160734e-10 -5.228602488452e-10
115 72 8.709046554905e-10 -4.440598963166e-10
116 72 -4.418921309363e-10 4.111772017717e-11
117 72 -8.876655766005e-10 -9.154430954401e-11
118 72 6.679262962229e-10 -8.977541299798e-10
119 72 4.023998312729e-10 1.971241267125e-10
120 72 1.890516870139e-10 1.382556539387e-10
121 72 2.952041164604e-10 -1.445602757300e-10
122 72 3.802116003443e-10 -4.103646370996e-10
123 72 -1.007099748984e-10 -5.504464761169e-10
124 72 -8.195158195321e-10 4.831634354388e-10
125 72 -3.409819570211e-10 -5.201446531256e-10
126 72 -2.520165278533e-10 2.164499192577e-10
127 72 5.291853372376e-10 4.939689902829e-10
128 72 1.054021897287e-10 5.677020113755e-10
129 72 5.377681767861e-10 -2.111741261660e-10
130 72 1.086454103357e-10 -1.201060210931e-10
131 72 2.307890992337e-10 4.748820152617e-10
132 72 6.846845557471e-10 -2.061578261652e-10
133 72 7.081670951073e-11 4.572837192615e-10
134 72 -5.795624049492e-10 4.305546520263e-10
135 72 -3.527945084019e-10 6.910968653360e-10
136 72 -5.921771224865e-10 4.192151299939e-10
137 72 1.451094786190e-10 2.589594264854e-10
138 72 -4.877226349623e-11 -8.052201851814e-11
139 72 2.535617078146e-10 3.188969114548e-10
140 72 7.488463915420e-10 2.026014046219e-10
141 72 1.164986528582e-10 -1.078726141185e-10
142 72 1.961925582714e-10 -3.004403481329e-10
143 72 9.070976805710e-11 3.275845001910e-10
144 72 2.868006998017e-10 -5.342116378328e-10
145 72 1.508886718957e-10 7.281275195189e-11
146 72 -3.195517176650e-10 6.257858106018e-10
147 72 9.002590413392e-11 1.800857628020e-10
148 72 2.432613562928e-10 -3.554952774213e-11
149 72 -1.317403259410e-10 6.043681476296e-10
150 72 -9.425639220964e-11 -1.806376756298e-10
151 72 -4.651820526741e-10 9.839734982989e-11
152 72 -2.570490310933e-10 5.731035474415e-11
153 72 -1.282020837205e-10 1.110219384194e-11
154 72 2.142495387108e-10 -6.099118322441e-11
155 72 2.510001391677e-10 -4.769326351351e-10
156 72 -6.484190351359e-11 4.451569450695e-11
157 72 3.488471449004e-10 1.048998899229e-10
158 72 -6.092103657387e-10 3.145360221600e-10
159 72 -1.468183022662e-10 1.505945383566e-10
160 72 -3.646427117111e-10 5.116520358268e-10
161 72 2.018613691318e-10 6.522959040928e-11
162 72 -1.023635004865e-10 -1.943025544649e-10
163 72 -4.359631185751e-10 2.923994840107e-10
164 72 2.145322411221e-10 -4.600754031796e-11
165 72 -4.168566560049e-11 -3.898249425685e-10
166 72 8.568298259948e-11 3.054894547460e-10
167 72 -3.224180093228e-10 2.681704398765e-10
168 72 2.243905747148e-10 -1.338657795535e-10
169 72 -8.724435531584e-11 -5.173999044371e-10
170 72 -3.948081715644e-10 -3.322687024311e-10
171 72 2.463789514156e-10 -3.520234105610e-10
172 72 2.007061202413e-10 -1.455204086681e-10
173 72 6.935301599634e-11 2.321200143150e-10
174 72 2.829471761107e-11 -5.746765926832e-11
175 72 5.799481304120e-10 -4.525573677376e-10
176 72 1.892412384979e-10 -2.313998658968e-10
177 72 1.535025046744e-10 -4.222465782256e-10
178 72 -3.728301568612e-10 -3.410834354147e-10
179 72 -3.737064204714e-10 -8.088442653255e-12
73 73 1.369272797270e-09 -7.017900154998e-10
74 73 1.403262679406e-10 -1.579882657349e-10
75 73 8.394786442744e-11 -1.161795355490e-09
76 73 3.410502700049e-10 -6.875061072192e-10
77 73 1.217677183958e-09 -2.778374974105e-10
78 73 -2.243969077958e-09 6.241413076970e-10
79 73 -9.150526463746e-10 -4.592071151367e-10
80 73 1.670259971804e-10 -2.677326896075e-10
81 73 6.853572234789e-10 1.576726734408e-09
82 73 -1.040421966049e-09 -4.659651856222e-10
83 73 2.001784729743e-09 -6.864791765031e-10
84 73 -2.961384071243e-09 1.944768224617e-09
85 73 1.292189729942e-09 9.101877260561e-10
86 73 -1.308343506213e-09 2.595359807313e-10
87 73 -4.313031638526e-10 -3.037635682892e-09
88 73 -3.741902691864e-10 2.240982632899e-09
89 73 2.533427951607e-10 -4.327532650899e-10
90 73 1.544783902851e-10 6.964364362247e-11
91 73 -1.012332577654e-09 2.205088515306e-10
92 73 5.854669283217e-10 -1.599118244903e-09
93 73 3.485204847210e-10 -1.946048014433e-10
94 73 -1.279162180779e-10 -1.595817849347e-11
95 73 4.909318568519e-10 3.406813441357e-10
96 73 -9.074266674413e-10 -1.713487700837e-09
97 73 -1.113044657171e-09 -5.894032185566e-10
98 73 -1.031866924004e-09 6.930195526270e-10
99 73 8.862755393287e-10 -8.443177398384e-10
100 73 3.246462167641e-10 1.072465494429e-10
101 73 -8.219684143872e-10 6.037429161960e-10
102 73 2.520582181828e-10 3.909850830777e-10
103 73 4.857197273280e-10 -1.233683106899e-10
104 73 -1.024681499246e-09 -5.864833739843e-10
105 73 -3.211665798940e-10 -5.011696598754e-10
106 73 1.157424292630e-10 -4.761590237071e-10
107 73 -7.706322978109e-10 5.954763278631e-10
108 73 1.918958598813e-10 5.203621252716e-10
109 73 1.180883380272e-09 -5.600168909072e-10
110 73 6.082387364394e-10 -4.349697725496e-10
111 73 -4.296442183751e-10 2.314367304002e-10
112 73 -7.654030959088e-10 5.710796147361e-10
113 73 5.138707585351e-12 9.069529670096e-11
114 73 4.719371341831e-10 -4.107898708129e-10
115 73 7.311043396680e-10 4.148068714837e-10
116 73 3.037296112924e-10 2.044001565949e-10
117 73 3.141124699420e-10 -5.790581339087e-10
118 73 -4.679512497074e-10 -1.668532277656e-10
119 73 -6.069797791166e-11 4.740251413837e-10
120 73 -5.650428944826e-12 5.662533750065e-10
121 73 1.014291089769e-10 4.567223249736e-10
122 73 2.299256905942e-10 4.579921717783e-10
123 73 5.766281345935e-11 4.952974530772e-10
124 73 3.621439494791e-10 -1.579457626638e-10
125 73 3.126409057310e-10 -2.099325257634e-10
126 73 5.919640430880e-11 6.019201234501e-11
127 73 -5.533959412412e-11 7.870506293686e-10
128 73 4.183066774911e-10 3.545742302031e-10
129 73 -4.675343682389e-10 -5.384243882572e-10
130 73 -2.490176839163e-10 6.602551578491e-10
131 73 1.581698830967e-10 -1.392693825586e-10
132 73 9.237049709403e-10 -3.981712533245e-10
133 73 2.362274469374e-10 2.504327989421e-10
134 73 -3.512353790827e-11 -2.544645377532e-10
135 73 -3.854446538003e-10 -5.167363599270e-10
136 73 -4.638869820487e-10 -4.483668041175e-10
137 73 1.205725523188e-10 -4.159495220809e-10
138 73 1.807078348047e-10 -5.176854204460e-10
139 73 3.972875588248e-10 -7.131974740586e-10
140 73 5.664110355371e-10 4.521687311818e-10
141 73 3.473255433096e-11 1.558030845153e-10
142 73 1.416492239474e-10 1.066383092596e-11
143 73 -3.361521614744e-11 -1.149698873930e-10
144 73 1.895367801628e-10 -1.114570945891e-10
145 73 -3.736636297003e-10 -8.620836322536e-11
146 73 -4.082388490120e-11 2.907071315168e-10
147 73 -3.427643961098e-10 5.066779927323e-11
148 73 -7.704812115165e-10 2.431739519525e-10
149 73 -3.620744439847e-10 -2.811702638089e-10
150 73 8.003377929873e-11 -1.004829888912e-10
151 73 -7.622672089384e-12 -7.465472630329e-10
152 73 3.982702819385e-10 -1.908650729311e-10
153 73 9.910856838692e-11 -5.113463236548e-11
154 73 -7.982429336098e-11 1.270466720954e-10
155 73 3.304856425482e-10 -9.128565607289e-11
156 73 -3.040503179044e-10 -2.768561436526e-10
157 73 -3.054605610734e-10 5.354632765126e-11
158 73 8.608369098344e-12 1.796444582723e-10
159 73 1.264073375352e-10 2.004318474999e-10
160 73 -1.072115889221e-12 -1.196025984611e-10
161 73 5.569696375768e-11 -1.886084416318e-11
162 73 4.988300681046e-10 3.694128278254e-10
163 73 -2.493840439482e-11 4.324494336411e-10
164 73 4.440264019000e-10 -1.846278062446e-11
165 73 8.419168899042e-10 3.268747622219e-10
166 73 2.554438561541e-10 4.075926161907e-10
167 73 1.902960758572e-10 -3.225229614442e-11
168 73 1.805743858359e-10 -3.841799147220e-10
169 73 -2.194295210298e-10 -2.314156546103e-10
170 73 -6.351020498957e-11 4.506150900088e-10
171 73 1.455993167770e-10 2.082262194233e-11
172 73 -2.436433726540e-10 9.233705567673e-11
173 73 -5.747711224290e-11 4.621585718650e-11
174 73 -4.020141876127e-10 3.544947703323e-10
175 73 1.164833251047e-10 3.779428490958e-10
176 73 -1.661264171522e-10 7.720234320417e-10
177 73 -5.917255092442e-10 5.770144169145e-11
178 73 4.431680101812e-10 -1.549854776730e-10
179 73 2.850635889513e-10 -3.811859212632e-10
74 74 1.939272949112e-09 4.972305299844e-10
75 74 -2.165613049760e-10 5.135973373540e-11
76 74 4.005797745480e-10 2.662850281309e-10
77 74 1.133630792616e-09 -1.568030912972e-09
78 74 1.231403894222e-09 1.496773151875e-10
79 74 2.727777290005e-10 9.167935685348e-10
80 74 1.841158881213e-09 -4.807456661783e-10
81 74 6.465994971107e-11 -1.335216328106e-09
82 74 -9.898374559819e-10 1.290727280358e-09
83 74 1.189421056736e-09 -1.054313558418e-09
84 74 -3.265694074190e-10 1.497970800044e-09
85 74 1.040331255349e-09 3.538815105583e-10
86 74 7.081457124439e-10 -1.372376203765e-09
87 74 7.425329151946e-10 -5.524024468722e-10
88 74 -1.395570678823e-09 -1.772711903378e-09
89 74 3.399405159685e-10 2.285510637177e-10
90 74 -4.727486452935e-10 7.290693797340e-11
91 74 1.593969243008e-10 1.837590472371e-09
92 74 3.014616948108e-10 1.023020163266e-09
93 74 1.078633272543e-09 -1.031258697047e-09
94 74 6.480663490442e-10 -9.180348001320e-10
95 74 -1.142646201865e-09 1.282100239708e-09
96 74 2.935985005012e-10 -3.403456148782e-11
97 74 5.661927638377e-10 -1.255889415510e-09
98 74 -9.047313316547e-10 3.497654200965e-10
99 74 7.980616973584e-10 4.894612851237e-10
100 74 4.535994861572e-10 1.156762233522e-09
101 74 -4.759857307022e-10 1.014869645863e-09
102 74 -6.207122294040e-10 -7.909685640290e-11
103 74 -8.519144452353e-10 7.075740847208e-11
104 74 -3.101213325709e-10 5.893832373975e-11
105 74 -8.823828802310e-10 -2.822645009642e-10
106 74 -7.290092159055e-10 -1.270020052853e-09
107 74 -9.830880346365e-10 2.470163537808e-10
108 74 -9.081994759080e-12 3.770701943624e-10
109 74 -5.407126273323e-10 -4.819331608025e-11
110 74 -9.238703834491e-10 6.724687990942e-12
111 74 8.428771772765e-10 6.639301557671e-10
112 74 -1.362074395726e-10 -8.115932474266e-10
113 74 -1.812816719912e-10 5.615197963778e-10
114 74 3.155501765007e-10 7.224617734649e-10
115 74 8.209438064691e-10 -9.644667194643e-11
116 74 -1.596047987318e-10 -3.757948830204e-10
117 74 3.640530127981e-11 -8.764741890919e-11
118 74 -1.829924984636e-10 1.053631256836e-10
119 74 2.447697125435e-10 -3.599855568148e-10
120 74 -3.806596406089e-10 -5.586838137052e-10
121 74 -1.593219126200e-10 2.975439577588e-10
122 74 -3.839138542259e-10 6.575459778154e-10
123 74 -8.827806207886e-10 5.913048785409e-10
124 74 -3.952423046277e-10 3.710580006011e-10
125 74 2.903600936594e-10 2.524291156442e-10
126 74 5.785547183985e-10 2.383360224074e-10
127 74 8.910570008599e-10 -7.824980595230e-11
128 74 3.590380981690e-10 -3.163692601394e-10
129 74 -3.219362999782e-10 -5.238079747088e-10
130 74 2.308970247695e-11 -4.327831987413e-10
131 74 -7.353257395467e-10 -3.208771674470e-11
132 74 1.191665523594e-10 6.277362900382e-10
133 74 3.117830853320e-10 1.119475295415e-09
134 74 1.376725096188e-10 3.276380220472e-10
135 74 -1.336221175309e-10 -7.058344084228e-10
136 74 1.176364182398e-10 -1.482400948430e-10
137 74 1.857710994107e-10 4.040735571614e-10
138 74 2.244691943048e-10 -1.754280242162e-10
139 74 2.007853450908e-10 2.390526823539e-10
140 74 -3.937928944537e-10 9.540510728779e-10
141 74 1.423179113015e-10 8.819855367953e-10
142 74 -3.042206743044e-10 3.183043360790e-10
143 74 -4.965748710541e-10 3.087643075152e-10
144 74 -2.319441314110e-10 2.105159789043e-10
145 74 9.166179751671e-11 2.102024912064e-11
146 74 -3.476113601826e-11 -4.355216976445e-10
147 74 1.769678414795e-10 1.164144154401e-10
148 74 -3.168906657882e-11 5.578545868426e-11
149 74 1.304708508950e-10 -4.470360046314e-10
150 74 -6.694637977250e-11 1.212253696558e-10
151 74 6.239876342732e-10 4.188813645489e-10
152 74 -1.261555386210e-10 9.391558007257e-11
153 74 -6.250124524514e-11 6.396971031269e-11
154 74 -1.382014960611e-10 2.597293019450e-10
155 74 -1.748920497815e-10 1.656155418585e-10
156 74 -2.539822999806e-10 4.521962688217e-12
157 74 1.532731547940e-10 3.365510354862e-11
158 74 -2.226523918579e-10 1.812941330842e-10
159 74 -4.553369841692e-11 -1.409142999016e-10
160 74 5.038436660352e-10 3.134480630702e-10
161 74 2.128111796870e-10 1.019234071276e-10
162 74 1.241521834923e-11 -2.100812842211e-10
163 74 -3.251162511050e-10 -3.283573965780e-10
164 74 -3.099155130456e-10 1.479730036307e-10
165 74 2.713960637467e-10 -2.093921381956e-10
166 74 8.582140992804e-11 -5.633602340669e-10
167 74 5.901015909081e-11 -6.202577379343e-11
168 74 -1.202182901846e-10 -3.921495173730e-10
169 74 -5.035937888043e-10 4.753242950027e-12
170 74 -2.716442933557e-10 5.791374589741e-11
171 74 -1.580149469302e-10 3.245631954915e-10
172 74 2.094886281443e-10 -7.067756271215e-12
173 74 4.145859324881e-11 1.959709544698e-10
174 74 -9.801722958086e-11 -5.773799968456e-10
175 74 -1.347634675123e-10 -1.212204697383e-10
176 74 3.662804290197e-11 -8.851487053332e-11
177 74 -3.853763175334e-10 1.385049264527e-10
178 74 -1.957994808338e-10 2.623231699198e-10
179 74 -2.992334930768e-10 1.214373892551e-10
75 75 -9.174826770786e-10 1.104508062197e-09
76 75 1.594356590597e-09 7.281355777331e-10
77 75 1.039371769423e-09 6.125678185853e-11
78 75 -1.377707537108e-09 -1.392820363258e-09
79 75 -1.164780298598e-09 -1.171360839842e-10
80 75 1.092299024017e-09 -1.223748764411e-11
81 75 -9.848944968910e-10 -5.580623594398e-10
82 75 -5.630272833803e-10 6.179980916580e-10
83 75 -7.364445334317e-10 -1.818993757832e-09
84 75 -7.069095204591e-10 -7.711160013055e-10
85 75 -7.972984150331e-11 8.839774377195e-10
86 75 2.411051162953e-09 7.073602006235e-10
87 75 8.304040920302e-12 -1.301627921620e-09
88 75 -5.474267796455e-10 1.983842896189e-10
89 75 -1.033709108525e-09 8.704694770975e-10
90 75 8.732053740023e-10 3.876743775147e-10
91 75 -7.292684816935e-10 1.726605196439e-09
92 75 1.051803172035e-09 5.952260667923e-10
93 75 6.783151372462e-10 2.088042898204e-09
94 75 -1.405280988440e-10 -2.312815498057e-09
95 75 1.386576685998e-10 -6.653695662451e-10
96 75 -5.526560934012e-10 -1.093627153391e-09
97 75 -5.084813727238e-10 -1.193073042160e-09
98 75 -1.730465153868e-10 1.191700537739e-09
99 75 1.319962022041e-09 2.154235595814e-10
100 75 5.557632190401e-10 -4.238829730013e-11
101 75 -2.066673592054e-10 -9.377038148577e-11
102 75 -1.225990363544e-09 8.294698893239e-11
103 75 -7.912201963391e-10 -7.432477124991e-10
104 75 5.240937481275e-10 7.811648802302e-10
105 75 7.004840707399e-10 3.600469356262e-10
106 75 4.248095477984e-10 -1.661534232205e-10
107 75 -4.736733403888e-10 -2.170586282691e-10
108 75 3.426765230850e-10 6.089742766524e-11
109 75 -6.622447223504e-11 2.220207678983e-10
110 75 3.049696889684e-10 -2.897632359320e-11
111 75 -1.308486501083e-09 5.357091865278e-11
112 75 -4.500700190768e-10 5.780598119283e-10
113 75 -2.393634947557e-11 2.757725145873e-10
114 75 2.870298797794e-10 2.339380168314e-10
115 75 4.736342463039e-10 7.847750298174e-11
116 75 3.358946139242e-10 -1.923766255790e-10
117 75 1.030793073568e-09 -1.002119631770e-09
118 75 3.812953986577e-10 -2.058073884880e-10
119 75 -2.135843909551e-10 -6.847796328436e-11
120 75 1.077528252179e-09 1.585055532898e-11
121 75 8.307714254765e-10 5.587259545962e-10
122 75 2.080648545815e-10 -1.714737823201e-10
123 75 -8.217200176195e-10 -2.899999839570e-10
124 75 -6.428619468189e-10 -6.054466686299e-10
125 75 -1.482734550750e-10 2.709824271721e-10
126 75 -6.435598742841e-11 2.693948297046e-10
127 75 -2.701273845196e-10 2.752203709126e-11
128 75 8.891093651299e-10 2.386280483519e-11
129 75 1.078043724112e-09 -6.346673546037e-10
130 75 -3.738895217363e-10 -5.360217121360e-10
131 75 2.643656936806e-10 3.343497691419e-11
132 75 1.900028269561e-10 2.857111158284e-10
133 75 -3.311293573692e-10 -1.602488358432e-10
134 75 -1.796054250880e-10 -9.867044341037e-11
135 75 4.081630187418e-11 -6.287429818139e-11
136 75 9.465468814124e-11 -2.019018429566e-10
137 75 2.361236162457e-10 6.014862909166e-10
138 75 2.796523867236e-10 6.085722219716e-11
139 75 3.653212172865e-12 -4.817067794388e-10
140 75 -5.638840791293e-10 6.958196660869e-11
141 75 -5.454678490099e-10 8.150082801385e-11
142 75 -1.968208672331e-10 -1.439825753405e-10
143 75 -7.298268160567e-11 -7.379407058499e-10
144 75 5.651441288586e-10 3.123553413730e-10
145 75 -9.726426473406e-11 -6.182855398425e-10
146 75 1.040620550671e-10 -5.113242616803e-10
147 75 5.854922115825e-10 6.404846661926e-10
148 75 2.752891930157e-10 -3.640565866109e-10
149 75 -1.967988491098e-10 9.763594685690e-11
150 75 2.220551919739e-10 2.728787214042e-10
151 75 -4.318774639789e-10 9.620398260760e-11
152 75 -3.577625554656e-10 5.994474965088e-12
153 75 -7.851184986679e-10 3.460791026747e-10
154 75 4.216942325488e-11 -3.196772983682e-11
155 75 1.313647735347e-10 -4.511885458288e-10
156 75 5.672767340272e-10 -4.082058150354e-10
157 75 1.502669291345e-10 -1.007197377377e-11
158 75 1.031656769251e-10 1.513041278727e-10
159 75 3.309555035493e-11 1.208469432052e-10
160 75 1.570825899573e-10 -9.763073990891e-11
161 75 1.458284298049e-10 8.981053014519e-11
162 75 -3.491905646587e-10 -2.085008307482e-10
163 75 -9.147640649769e-11 -8.944855314500e-11
164 75 3.011933378028e-10 -4.751290029877e-11
165 75 5.158417705653e-10 2.202781753002e-10
166 75 -1.003104971161e-10 -5.865902521060e-11
167 75 3.625584200529e-10 8.140395582061e-11
168 75 7.250263724320e-11 2.536995006865e-10
169 75 4.136225716539e-10 3.712115135989e-10
170 75 -9.364081214412e-11 3.047038840856e-10
171 75 -4.797519104998e-10 -4.906342263913e-11
172 75 5.363807036640e-11 1.283546940371e-10
173 75 8.633076365572e-11 -4.275162550656e-11
174 75 -9.167002373583e-12 5.478415275167e-11
175 75 -4.989167088311e-11 3.199995290374e-10
176 75 -3.053319366488e-10 6.882402578843e-11
177 75 1.538035515491e-10 -3.003199290121e-10
178 75 1.060701129825e-10 -3.778789583196e-10
179 75 1.169770041850e-10 2.448696421737e-11
76 76 -1.286140752470e-09 8.316524816588e-10
77 76 -4.187138171386e-10 -3.675246347100e-11
78 76 2.046965125974e-10 8.573539320637e-10
79 76 -9.008973923970e-10 4.198729309384e-10
80 76 -1.511406228677e-09 -5.755149282582e-10
81 76 8.502983345853e-10 -2.140818624899e-09
82 76 -1.315472864294e-09 -7.412405505124e-11
83 76 -7.454960730758e-11 -2.000217527047e-10
84 76 -5.107586706570e-10 -2.490794517428e-10
85 76 -4.202884566741e-10 -1.191894557067e-09
86 76 -1.133221897756e-09 1.388625322263e-09
87 76 7.623812166273e-10 -1.481690846916e-09
88 76 -2.551910290121e-09 5.793545856016e-10
89 76 7.332925731146e-10 -1.009655289180e-09
90 76 4.601610301392e-10 2.267921158382e-09
91 76 -1.476152042094e-09 -1.993178232968e-09
92 76 -7.841744400870e-10 4.082690154396e-10
93 76 -7.069409031421e-10 -1.712707198708e-09
94 76 -1.509787881104e-09 2.414009711828e-11
95 76 2.830685929666e-10 9.783587087828e-10
96 76 1.082615111715e-09 -9.219549854394e-11
97 76 2.296923389608e-09 -3.295266420523e-11
98 76 2.801266711890e-10 6.524343227946e-11
99 76 7.824119232846e-10 1.575829481422e-09
100 76 2.502181242749e-10 6.736380649913e-10
101 76 8.888787621101e-11 -8.521743281262e-10
102 76 -1.760764912386e-10 3.795877572892e-11
103 76 3.805987398054e-10 -8.829466014743e-10
104 76 -4.466171435132e-10 -7.660460506887e-10
105 76 -1.244536262635e-10 -9.578668367925e-10
106 76 1.025368751760e-10 -1.982522936438e-10
107 76 6.272904759833e-11 4.499997298652e-10
108 76 6.781808075719e-10 1.608417415165e-10
109 76 5.695959769470e-10 4.707805611060e-10
110 76 7.391764163576e-10 -3.806885241562e-10
111 76 -5.270115981001e-11 -9.834559431043e-12
112 76 -6.007850776656e-10 5.832789694441e-10
113 76 1.058563733234e-10 8.432175593965e-10
114 76 -2.386085747842e-10 7.727152847666e-10
115 76 -9.984069875567e-10 -5.833305215974e-10
116 76 -5.076806984581e-10 -5.133279097162e-10
117 76 -4.151987648048e-10 -4.319692051433e-11
118 76 3.158039383390e-10 5.705000512061e-10
119 76 1.951960653963e-10 2.289819654060e-10
120 76 6.102257511708e-10 5.739203243620e-10
121 76 9.409552737956e-10 4.463655905935e-10
122 76 -3.724410721315e-11 2.367332426986e-10
123 76 -4.160837500383e-11 -4.147714341759e-10
124 76 7.757535732484e-11 -2.268128408431e-10
125 76 -7.108202968267e-11 3.841388463102e-10
126 76 -4.534065473080e-12 -2.747155870567e-10
127 76 -4.325628923663e-10 -6.147860969517e-10
128 76 -3.900223202417e-10 -5.030906193835e-10
129 76 -1.780406865326e-10 -3.685859463176e-10
130 76 3.137461394075e-10 1.227126091183e-09
131 76 1.017460982543e-09 7.820306730279e-10
132 76 1.200017425260e-09 2.953364547484e-10
133 76 -2.560550121144e-10 1.420784853248e-11
134 76 -2.829231831102e-10 -5.329113401161e-10
135 76 -4.167926722152e-10 -9.758210986371e-10
136 76 -2.009826469590e-10 2.338174316084e-11
137 76 2.476255417445e-11 4.478817059566e-10
138 76 5.549253649968e-10 -1.034994638566e-10
139 76 5.259962086362e-10 -1.059915371962e-10
140 76 -3.460522996482e-10 -5.001143685255e-10
141 76 8.078424645625e-11 6.320636250319e-10
142 76 -1.344397179507e-10 3.392044583110e-10
143 76 2.147553580836e-10 2.123239578071e-10
144 76 2.903982610743e-10 1.204141872235e-10
145 76 1.626042681693e-10 -1.489289844887e-10
146 76 1.212467635179e-10 3.430213301008e-11
147 76 1.256938143001e-10 2.909660264579e-10
148 76 2.832974644934e-11 4.743252897506e-10
149 76 1.720172561854e-10 3.798113686084e-10
150 76 -9.895049011568e-11 4.392095377602e-10
151 76 -2.771603275370e-11 1.358518976768e-10
152 76 -7.949901674604e-10 7.991741653074e-11
153 76 5.078832218672e-11 -5.164567437314e-10
154 76 -4.045482893288e-10 -2.737428251601e-11
155 76 2.232594755200e-10 -4.816924703311e-10
156 76 2.834832409479e-10 -1.118394008029e-11
157 76 -2.007000066604e-11 4.753358352475e-10
158 76 -2.808298746373e-10 1.228270400010e-10
159 76 -1.612833511269e-10 -2.696516046262e-10
160 76 -3.172735159191e-10 -3.928712853172e-10
161 76 -7.151849785994e-10 -3.039464207571e-10
162 76 -2.973922349886e-10 -3.119788646574e-10
163 76 3.066706722627e-11 -6.587200116748e-10
164 76 1.273760647068e-10 8.479187377645e-11
165 76 4.372616474077e-10 9.076805374411e-11
166 76 6.650160130757e-10 -1.896978898583e-10
167 76 4.674485392637e-11 -2.944330939899e-10
168 76 -1.666609792103e-10 1.138438827858e-10
169 76 -1.932343281573e-10 -3.730978044939e-10
170 76 -8.900400634454e-11 -3.976728583883e-10
171 76 2.488526849523e-10 -1.625180393452e-10
172 76 2.565450864723e-10 -5.282783670467e-10
173 76 -1.290123693632e-10 -1.010093179541e-10
174 76 2.295035338298e-10 -2.580603468310e-10
175 76 -2.212124166023e-11 -9.103163813367e-11
176 76 -4.770866230093e-10 -8.787189886494e-11
177 76 1.752053757403e-10 5.285577957580e-10
178 76 -3.192927264293e-10 6.982094053792e-10
179 76 1.781264722967e-10 1.171017602858e-10
77 77 -9.013479640222e-10 1.178404171373e-09
78 77 -2.332675083944e-10 -9.958486703647e-10
79 77 -1.152646750892e-09 4.264859533266e-10
80 77 2.331368197701e-10 1.463069601024e-09
81 77 1.072135580959e-09 -5.826592730795e-10
82 77 -7.787831569962e-11 8.695081543353e-10
83 77 3.812222330786e-10 3.405615643870e-10
84 77 1.372213056550e-09 -1.233111906379e-09
85 77 -8.349426851209e-10 7.968892651565e-10
86 77 1.166784257891e-10 1.776084527770e-09
87 77 5.436531578796e-10 3.800829429377e-10
88 77 -4.732061997258e-10 2.572133541184e-10
89 77 1.059708791866e-09 6.606143299367e-10
90 77 5.369395834493e-10 -6.999797701606e-11
91 77 2.127157154020e-09 -2.036525684295e-09
92 77 -1.675836593488e-10 -1.269004120891e-09
93 77 -1.477574675308e-10 -4.404806696994e-10
94 77 -6.027718731821e-10 -4.492494833858e-10
95 77 1.036052493414e-11 -9.976226056575e-10
96 77 4.428978013333e-10 1.273666254797e-09
97 77 4.768610757068e-10 1.383281428353e-09
98 77 7.576483493063e-11 2.069460487832e-10
99 77 -2.945115317441e-10 1.386396310635e-09
100 77 -9.604323007002e-11 3.314534147148e-10
101 77 -5.287195356959e-10 -9.548895462414e-11
102 77 -6.120857031079e-10 5.955309408366e-10
103 77 4.734684286069e-10 1.020592210970e-09
104 77 2.381046815044e-10 1.362731184072e-09
105 77 1.318459703757e-10 1.653921515413e-10
106 77 2.189996882674e-10 4.445157421118e-10
107 77 -1.120595346669e-09 -3.183257284258e-10
108 77 -1.224675967939e-09 -2.270987845254e-10
109 77 7.938415197020e-10 1.189829325502e-09
110 77 3.470198079929e-10 -1.738459913685e-10
111 77 -6.970824964866e-10 5.200433504072e-10
112 77 -1.534553955688e-10 1.998612721430e-10
113 77 -4.103089344985e-10 -7.836783996896e-11
114 77 -3.670551376644e-10 -3.586723376796e-11
115 77 -6.722659068517e-11 1.091139609649e-10
116 77 -7.419530141052e-10 -1.961577479105e-10
117 77 1.690023763592e-10 -1.548285020987e-10
118 77 2.175699111026e-10 1.007947703038e-09
119 77 -2.485174321113e-10 5.512124769879e-10
120 77 1.986226725460e-10 9.517079387618e-11
121 77 5.844277048598e-10 -1.097878242698e-10
122 77 5.749880557653e-11 -4.478512175490e-12
123 77 8.805203402574e-11 -2.328500285041e-11
124 77 4.904322686615e-10 -6.007865449513e-11
125 77 6.048365551330e-10 6.980211491759e-10
126 77 -3.395476038232e-10 3.302173487507e-10
127 77 5.247645074414e-10 -7.579847450981e-10
128 77 2.468552593639e-10 -8.451716030791e-10
129 77 -3.746146248927e-10 -2.385145416377e-10
130 77 -5.196024144170e-10 -4.894201921624e-11
131 77 -1.521066681884e-11 -3.384818402316e-10
132 77 7.195276299705e-11 3.551265833036e-10
133 77 -5.777343574838e-11 3.753482244171e-10
134 77 -6.202018650271e-10 -1.463293684027e-10
135 77 -8.537148084791e-12 1.969761347877e-10
136 77 2.738088993852e-10 -3.931996684554e-10
137 77 -2.560097256847e-10 -1.934993344162e-10
138 77 -2.083459503550e-11 9.754089074778e-11
139 77 -6.287736804268e-10 1.931538781588e-10
140 77 -9.849134501104e-10 2.401028356937e-10
141 77 -6.003713582096e-11 5.310727038615e-10
142 77 3.221305308230e-10 2.182258835638e-10
143 77 2.167969143054e-10 -1.085919355235e-10
144 77 -3.379326708617e-10 -4.454091545945e-10
145 77 -1.105580869425e-10 7.881207903142e-11
146 77 3.123443786327e-10 2.380138215595e-10
147 77 -4.790284138795e-10 -1.327580615510e-10
148 77 2.595255924914e-10 -5.731552510039e-11
149 77 1.090677439840e-10 1.400313230832e-10
150 77 -4.351469433252e-10 5.196759300154e-11
151 77 -3.910469059244e-12 5.999695416093e-10
152 77 3.133648095046e-10 3.948051801508e-10
153 77 -1.950589580183e-11 -3.652860915909e-11
154 77 2.142650790122e-10 -8.014901591382e-10
155 77 -1.232716790239e-10 -8.314993124979e-11
156 77 -3.734323407546e-10 -1.713171832781e-10
157 77 -5.758131337283e-11 1.207625718760e-10
158 77 -3.338091706587e-10 -1.634917581432e-10
159 77 -1.107806761973e-10 1.065249847994e-10
160 77 -4.284690977782e-10 -1.963217679253e-11
161 77 -2.893373927626e-10 -1.945627808803e-10
162 77 -1.350991522292e-10 -2.189307066724e-10
163 77 3.816958956827e-10 -3.811494037322e-10
164 77 3.837556932215e-10 2.999786961304e-10
165 77 4.737465363165e-11 5.117473602016e-10
166 77 -2.643245004007e-10 -6.788604879070e-11
167 77 -3.934951326353e-10 6.242430049034e-11
168 77 -4.014078227876e-10 5.694847450828e-11
169 77 -2.721657733598e-10 1.505482599878e-11
170 77 -2.382842664619e-10 -3.418076671917e-10
171 77 -3.725485497895e-11 -3.898962925414e-10
172 77 -2.749133437495e-10 -1.613788669109e-11
173 77 1.913341359457e-10 8.274149163344e-11
174 77 4.898434176009e-10 5.057194444208e-10
175 77 8.108821111318e-11 3.749320259526e-10
176 77 9.912829251477e-11 4.501814092647e-11
177 77 -3.465656702401e-10 -4.828206326119e-10
178 77 -1.430732797398e-11 -1.719999218041e-10
179 77 -4.147670180222e-10 -1.257595962794e-10
78 78 -2.326396433128e-10 7.501211602808e-10
79 78 -1.563177309830e-09 8.262550133166e-10
80 78 -9.702965920246e-10 1.687664388671e-09
81 78 6.424331913602e-10 8.082600436148e-10
82 78 1.527959591965e-10 7.007155743435e-10
83 78 -9.960975372365e-10 1.611748317365e-09
84 78 -4.833824861135e-10 4.410665392665e-10
85 78 -6.074322916317e-11 -9.970483158633e-10
86 78 1.751246503473e-09 1.430594216264e-09
87 78 -2.534084692114e-10 9.275038238268e-11
88 78 5.489964790170e-10 3.933448287360e-10
89 78 -3.536322040360e-10 9.469343218477e-10
90 78 1.088648183791e-09 2.376890504970e-10
91 78 -7.239292848383e-11 -5.324898759477e-10
92 78 1.792110635768e-09 -1.423475961636e-10
93 78 4.875250840232e-10 1.821564794678e-09
94 78 8.818039126671e-10 -1.154648896916e-10
95 78 -8.975384652307e-10 8.754027444991e-10
96 78 2.874086389065e-10 -1.087083969363e-09
97 78 7.829093169668e-10 4.443199797433e-10
98 78 -1.470052500328e-09 -9.600311277074e-10
99 78 -1.293111985890e-09 -1.020276518014e-10
100 78 2.697530388228e-10 7.000449799360e-10
101 78 3.914628140755e-10 -1.334305691864e-09
102 78 -2.415800128164e-11 7.325146475425e-10
103 78 9.130396193533e-10 1.244899773060e-09
104 78 -3.064154224090e-10 6.073945953420e-11
105 78 -9.082943549044e-11 -2.750266525976e-10
106 78 1.936842145541e-09 5.755328027463e-10
107 78 2.664838429634e-10 -1.867003679188e-10
108 78 7.147387309701e-11 -2.852874180174e-10
109 78 4.348615477929e-10 1.106838195172e-09
110 78 2.826072260034e-10 5.703587392743e-10
111 78 -9.596819544265e-11 1.224194145024e-09
112 78 -6.879596156701e-10 1.148606317326e-09
113 78 -5.573513552019e-10 2.245185920552e-10
114 78 -1.176054493034e-10 -8.858384284632e-10
115 78 -3.078200300768e-10 2.220063189450e-10
116 78 1.599391904117e-10 -4.054775546202e-10
117 78 -4.364622138545e-10 1.147430269073e-10
118 78 2.470658396921e-10 -5.125703000212e-11
119 78 4.794351982150e-10 -5.653986262690e-10
120 78 3.855329397780e-10 -6.227707902166e-10
121 78 -4.092608498244e-10 -2.742611497138e-10
122 78 -7.676666803156e-11 4.033798313459e-10
123 78 1.410845584145e-10 1.839255655933e-10
124 78 1.375964183360e-10 -6.602256928925e-11
125 78 -2.625563675491e-10 7.439774229614e-10
126 78 -4.767109968382e-10 -1.644860936366e-10
127 78 2.790683946263e-10 2.220561801912e-10
128 78 4.058966590824e-10 -2.673158931883e-10
129 78 7.837354291571e-11 2.773134715435e-10
130 78 5.239113386834e-10 -4.764386912081e-10
131 78 1.166266029410e-10 9.903199377753e-11
132 78 4.127328962059e-10 1.299166761590e-10
133 78 -1.252689571899e-10 -1.576915343624e-10
134 78 -3.499917237866e-10 -3.960852280228e-10
135 78 8.938779384372e-11 3.913196055456e-10
136 78 3.854265282391e-10 -9.739468022953e-11
137 78 4.689045632393e-10 1.192618849428e-10
138 78 7.938750628228e-10 -1.615199711613e-10
139 78 -2.189150235892e-11 -7.163572457759e-11
140 78 -2.558228351652e-10 -2.416637678108e-10
141 78 -5.069539559767e-10 5.458670954094e-11
142 78 1.540251541756e-10 7.793394115680e-10
143 78 -4.802751161188e-11 -1.364470415791e-10
144 78 -4.886984017774e-10 1.178330320391e-10
145 78 5.160405018338e-10 -2.578719957406e-10
146 78 8.629689448082e-10 -1.654118068592e-10
147 78 3.511642178289e-10 -6.360694249618e-10
148 78 7.563055159476e-10 1.137355704690e-10
149 78 4.396531806210e-10 -4.651883785048e-10
150 78 -1.710907514620e-10 1.882801745000e-10
151 78 1.224833502702e-11 2.529210365251e-10
152 78 -4.150521814720e-10 -1.921174772946e-10
153 78 -5.083829184668e-11 -1.274873407925e-10
154 78 -2.016082137084e-10 -3.779178259865e-11
155 78 7.853128673116e-11 -4.093054224662e-10
156 78 2.004297147484e-10 -7.063927620404e-10
157 78 -2.955221465303e-10 -5.525866697780e-10
158 78 5.256128805209e-10 7.021726405671e-11
159 78 3.024014752452e-10 2.260179409652e-11
160 78 1.332789600283e-11 2.955630184834e-10
161 78 -6.273033660459e-10 9.989152139929e-11
162 78 1.134805622048e-10 8.799976084030e-11
163 78 1.183702662724e-10 -6.472560834972e-11
164 78 5.096254929603e-12 -2.149925723155e-10
165 78 -3.530809879692e-10 -7.011284595087e-10
166 78 2.311339481047e-10 -8.035780606926e-10
167 78 -3.239892650024e-11 -5.040574368111e-10
168 78 4.979726684208e-11 -1.526383032337e-10
169 78 -2.753728801914e-10 7.204776706761e-11
170 78 -1.156888827075e-10 -4.999227655244e-10
171 78 1.728461452259e-10 -2.295546883492e-10
172 78 2.249437918113e-11 9.593433373178e-11
173 78 -1.480312074578e-10 -1.231885520678e-10
174 78 -7.568817405615e-11 1.651677254525e-10
175 78 -2.137477624066e-11 2.852160091646e-10
176 78 1.242606835692e-10 2.123253775078e-10
177 78 5.712716067375e-10 5.020857599508e-10
178 78 5.113914261754e-10 8.908277306796e-11
179 78 5.934552825123e-10 -3.672186502783e-11
79 79 -8.058749541634e-10 -4.266898393049e-10
80 79 -7.787561149042e-10 -4.737025707872e-10
81 79 -2.099420792348e-09 -1.317936107981e-12
82 79 -5.423397012120e-10 -9.578852949259e-10
83 79 -9.043586154787e-10 -1.524380631685e-09
84 79 -5.544043268442e-10 5.561951249987e-10
85 79 1.486071579173e-10 -2.377990380801e-09
86 79 -9.194895227682e-10 -5.777240128684e-10
87 79 -3.386252722170e-11 -3.197373368706e-10
88 79 8.374241912622e-10 -9.680854699220e-11
89 79 -1.124684265714e-09 -3.466563211820e-10
90 79 -6.064335198511e-10 8.860351636809e-10
91 79 1.310679393513e-09 -2.016185611341e-09
92 79 -4.386605427410e-10 1.724216805032e-09
93 79 -1.474369100721e-09 6.970396533287e-10
94 79 1.527672525009e-09 1.785860540432e-09
95 79 -4.447301475251e-10 -9.166568771683e-10
96 79 1.544535188248e-09 -2.348790639903e-10
97 79 -2.571062690603e-10 -4.349622529210e-10
98 79 -2.031272476615e-10 -9.745850864328e-10
99 79 8.569882803538e-11 -1.041501078998e-09
100 79 8.076422297184e-11 -6.544709432354e-11
101 79 1.142820520801e-09 3.393763557340e-10
102 79 -7.696074082165e-10 5.460899972517e-10
103 79 -6.681313576936e-10 4.308081506420e-10
104 79 -1.081894583655e-09 6.095274285122e-10
105 79 -1.090452852183e-09 -2.926215673847e-11
106 79 6.556149395023e-10 -1.569777770477e-09
107 79 1.156801533837e-09 -1.080042061733e-09
108 79 2.897849581203e-10 9.985019495683e-11
109 79 4.892342889634e-10 -6.317012871287e-11
110 79 -6.032899286391e-10 1.362685557990e-09
111 79 -4.634594184092e-10 1.005329020829e-09
112 79 -1.368468733133e-09 -2.628095240540e-13
113 79 -8.518916708754e-10 5.149416953015e-10
114 79 2.314947172365e-10 1.379114958074e-11
115 79 4.164351759563e-10 -7.255673204412e-11
116 79 -4.410632980043e-10 1.096387654251e-10
117 79 -1.326261407515e-10 -5.269065504053e-10
118 79 -2.715664100939e-11 3.521790976262e-10
119 79 -1.561751518389e-10 -1.089280033843e-10
120 79 1.802561281202e-10 -5.057043199570e-10
121 79 -4.411535664344e-10 2.047827505084e-10
122 79 -2.796410674258e-11 6.670648770465e-10
123 79 -3.322850798670e-10 -4.563882114164e-11
124 79 6.817440232063e-10 9.334896275395e-10
125 79 -3.327903846181e-10 5.471380364822e-10
126 79 8.106897228432e-11 -5.187041236409e-10
127 79 1.853836854260e-10 -7.440062496512e-10
128 79 -6.149704032485e-10 -5.303620600142e-10
129 79 -4.990990241733e-10 -2.938039157157e-10
130 79 -4.916497461457e-10 -6.982035751070e-10
131 79 -2.136472892990e-10 -2.704001741235e-10
132 79 2.122980251406e-11 5.382339576778e-10
133 79 -6.508646691375e-11 -4.751439147649e-10
134 79 -4.855127223587e-10 7.816510598282e-11
135 79 -4.104624089579e-10 5.189254852223e-10
136 79 -5.673798889384e-10 4.804275213525e-10
137 79 2.851015010085e-11 9.480410815553e-11
138 79 -2.391769757588e-10 2.599763785188e-10
139 79 1.875646267455e-10 -4.020448885493e-10
140 79 5.425508296306e-10 4.023842270071e-11
141 79 3.356733068062e-10 -1.466551068189e-10
142 79 3.992427313331e-10 1.988209829547e-10
143 79 4.958114871101e-11 4.173038896695e-10
144 79 -1.242649562265e-09 -1.892471648300e-10
145 79 -9.818271517521e-11 3.389644652561e-10
146 79 -2.070580748855e-10 -3.492961073082e-10
147 79 5.151461118708e-10 1.588846261991e-10
148 79 6.526498345445e-10 -2.888513843055e-10
149 79 1.676416517890e-10 1.605783624453e-10
150 79 6.087301950693e-10 -2.757253659289e-10
151 79 -9.766304471387e-11 3.695819942862e-10
152 79 -3.778059386687e-10 -1.064728296444e-10
153 79 -4.789490236430e-10 6.842621167853e-11
154 79 -2.150384966813e-10 -1.024399932941e-11
155 79 3.491859403578e-10 2.780927072023e-10
156 79 2.774726913746e-10 1.482153651010e-10
157 79 3.677633177704e-10 -1.571252626449e-10
158 79 2.689560747651e-10 2.007660107380e-10
159 79 6.405420544076e-10 3.543919074491e-10
160 79 -4.617741193457e-10 -4.219333886615e-10
161 79 -9.596273498756e-10 -6.819196193272e-11
162 79 -6.179306708797e-10 -2.839222254984e-10
163 79 -2.926070699846e-10 -5.474828323243e-11
164 79 -5.027647396110e-10 -1.166361667461e-10
165 79 -5.390659021941e-10 9.358204604403e-11
166 79 -5.833466346221e-12 -1.775284377620e-10
167 79 8.586112184863e-11 1.262248543322e-11
168 79 6.433514059733e-11 6.238488990015e-10
169 79 9.768321278103e-11 6.411612620723e-10
170 79 -5.489584813820e-10 3.516589709738e-10
171 79 -3.407530891376e-10 2.883373926789e-10
172 79 5.406484688655e-11 6.432189499972e-10
173 79 4.249694095875e-10 2.051175733900e-10
174 79 2.526161848964e-11 1.162394020085e-10
175 79 6.692863530665e-11 -5.071211090040e-10
176 79 -4.213232677993e-12 -4.021797603549e-10
177 79 -4.154593900916e-10 -5.731075852450e-10
178 79 1.735739489189e-10 -2.770862474540e-11
179 79 -2.272393771263e-10 5.148496427418e-10
80 80 7.040664779365e-10 -6.977721568520e-10
81 80 1.042754340000e-09 1.712726692992e-10
82 80 1.774267372513e-09 -2.067835964011e-09
83 80 -4.966656323572e-10 -1.244540768622e-10
84 80 -1.028530361847e-09 -2.827196429678e-10
85 80 1.123599921238e-09 -8.579159390332e-10
86 80 1.685841109050e-10 6.966721469509e-10
87 80 8.647752213313e-10 1.004567588536e-09
88 80 5.068259743363e-10 -1.078738657859e-09
89 80 -1.619466446745e-09 -4.010551959656e-10
90 80 -8.053148087696e-10 -2.964422894087e-10
91 80 4.300020709141e-10 -8.471943123348e-10
92 80 -6.229574980240e-10 -1.281546874796e-10
93 80 4.404837497052e-11 1.146415306046e-09
94 80 -2.302242889098e-09 1.478765195311e-09
95 80 7.265868584078e-10 9.549397111389e-11
96 80 5.948556778234e-10 -4.460757654559e-10
97 80 1.649878258988e-09 -1.567336890116e-10
98 80 -2.827757773297e-10 9.795808069395e-10
99 80 -1.342504706317e-10 7.143612569187e-10
100 80 1.287830095625e-10 1.440887187549e-09
101 80 1.249528256161e-09 1.284505606183e-09
102 80 3.574119146135e-10 -2.230744134104e-10
103 80 -1.872118979473e-09 8.970271628842e-11
104 80 -9.768025544191e-10 -4.391063218258e-10
105 80 -5.553690313493e-10 -1.284596505654e-09
106 80 -1.502180895572e-09 4.627875153191e-11
107 80 -4.867285849318e-10 3.680639193160e-10
108 80 -7.883608768128e-10 4.240906930890e-10
109 80 -4.483856353424e-10 4.409832384568e-10
110 80 8.718517837989e-10 5.466259329420e-10
111 80 3.205912965375e-10 -3.424641799199e-10
112 80 -1.936668850436e-09 4.412221831618e-10
113 80 -1.254390631968e-09 -6.396239087422e-10
114 80 -3.509658474280e-10 -5.305774906982e-10
115 80 -1.199220596319e-11 8.745208545030e-11
116 80 5.232712221621e-12 9.073277506229e-11
117 80 8.775911013441e-11 4.601539473734e-10
118 80 1.734434299050e-10 -6.856194099113e-10
119 80 8.776536547513e-10 -4.351381042230e-10
120 80 2.991693894957e-10 -7.824672337089e-11
121 80 -2.423718662633e-10 -2.331052258916e-10
122 80 -1.192184015659e-10 4.374065179162e-12
123 80 -1.558400524042e-10 4.410809750646e-10
124 80 3.558824146472e-10 7.074249833573e-10
125 80 -3.965236579104e-10 2.847243969175e-10
126 80 3.037487334536e-10 -3.249516927440e-10
127 80 1.011304118405e-09 4.772706350414e-10
128 80 7.617784420338e-10 8.055262153190e-11
129 80 8.225710081523e-10 -5.852735185705e-10
130 80 -3.287951213538e-10 -4.156094208919e-10
131 80 1.939861089852e-10 -5.345518380355e-11
132 80 1.730652771506e-10 -4.323228676691e-10
133 80 -7.305378016658e-11 -2.731180842700e-10
134 80 9.561527601886e-11 -3.734268945129e-10
135 80 2.937269154088e-10 -2.003392912014e-10
136 80 4.294005977588e-11 -8.967887783895e-11
137 80 9.706211151923e-11 -4.544658728690e-10
138 80 -6.994761167742e-11 -4.547685327712e-10
139 80 4.048667659943e-10 4.132375379880e-11
140 80 4.844735399462e-10 -5.294059908877e-10
141 80 7.215038383593e-11 6.042363676299e-10
142 80 5.839947888760e-10 4.944270451298e-10
143 80 4.120092929475e-10 4.847576283700e-10
144 80 -1.713188903338e-11 -4.364503602616e-10
145 80 -6.490151629455e-10 -4.730123199618e-10
146 80 -2.961348661894e-10 3.025951014551e-10
147 80 -2.422267004224e-10 -3.081061251591e-10
148 80 -6.013430293124e-11 -1.837786901871e-11
149 80 1.231904705678e-10 -6.028286920410e-12
150 80 6.354280357827e-10 -1.736358879283e-10
151 80 1.099700363330e-10 -1.826147313185e-10
152 80 5.001099519637e-10 5.994629774834e-11
153 80 3.333551289945e-12 -3.914001245888e-10
154 80 -3.194302479616e-10 -2.011682505886e-10
155 80 -2.376924394992e-10 -8.254525543865e-11
156 80 1.285870310933e-10 2.829414276211e-10
157 80 -2.442848611779e-11 1.790522522758e-10
158 80 -8.268942749213e-11 -1.452849425400e-10
159 80 -9.148598725822e-12 -2.676085044131e-11
160 80 -1.675227662279e-10 -3.662393798563e-10
161 80 1.322046055588e-12 -7.553384470967e-10
162 80 -1.081686741129e-10 -6.180591882836e-10
163 80 -9.305128423786e-11 -1.275813965468e-10
164 80 9.792352150891e-11 -2.470656875974e-10
165 80 1.575858810965e-10 5.569753054416e-11
166 80 3.770645550981e-10 2.126821410297e-10
167 80 1.847002246705e-10 4.890130814332e-10
168 80 1.023076240089e-10 3.379732230451e-10
169 80 5.550623375133e-11 -1.492799335315e-11
170 80 2.970824641943e-10 -2.587937761404e-10
171 80 -1.771596633059e-11 2.624448448149e-10
172 80 9.174074349165e-13 -1.920497883395e-10
173 80 -2.340097960325e-10 1.107555471919e-10
174 80 -1.993266707882e-10 -8.390153455281e-11
175 80 3.746332865287e-10 1.288811067955e-10
176 80 6.401506332985e-10 2.333543334376e-10
177 80 2.664891094629e-10 4.040129265020e-10
178 80 1.858120085158e-10 1.791441081094e-10
179 80 3.446371677534e-10 -1.257106578366e-10
81 81 3.343542364165e-10 1.511103972403e-09
82 81 -1.867038629126e-10 5.310716876643e-10
83 81 1.338028488613e-09 -4.166543389991e-10
84 81 3.394770771314e-10 1.510040347126e-09
85 81 5.576140053466e-10 -1.473405338130e-10
86 81 -2.020448612090e-11 -3.082022546258e-10
87 81 2.653828625988e-10 9.451196458928e-10
88 81 2.078193267969e-09 1.686245981666e-09
89 81 -1.438723581330e-09 1.881278538860e-10
90 81 9.154732164145e-10 2.537679818803e-10
91 81 -1.794191082091e-10 1.441338055726e-10
92 81 -1.105086321934e-10 -5.702216216693e-10
93 81 -1.912795537165e-10 5.115121504913e-10
94 81 2.644307063989e-10 -1.423758544657e-09
95 81 -2.771014778683e-10 -1.147029081760e-09
96 81 -6.752268800063e-10 -1.358822990564e-09
97 81 -3.126004020567e-10 5.929422083726e-10
98 81 -3.711000859472e-10 -4.242948678108e-10
99 81 -7.837622912327e-10 1.115018797127e-09
100 81 -1.319573837020e-09 1.584741944118e-09
101 81 1.441979164260e-10 6.223747220461e-10
102 81 -9.935113889985e-10 2.742459125409e-11
103 81 -5.821745917279e-10 5.295586038267e-11
104 81 1.831790245707e-09 1.341093562238e-10
105 81 3.408710497522e-10 -1.070783836768e-09
106 81 6.563443070421e-10 -5.651960765757e-10
107 81 1.959652967094e-09 6.014354605885e-11
108 81 4.727357374204e-10 -1.157896189541e-09
109 81 -8.630569513914e-10 -1.047095302861e-10
110 81 4.458132522258e-11 1.130332997993e-09
111 81 4.612933234974e-10 5.264912077755e-10
112 81 3.214820863807e-10 3.081583111599e-10
113 81 5.234445786836e-10 5.462948659441e-10
114 81 -2.592872658502e-10 -4.100898919977e-10
115 81 -1.027531439762e-10 2.191666341101e-10
116 81 -4.540110549927e-10 8.101072041128e-10
117 81 -5.166801427662e-10 8.351222594626e-10
118 81 -3.965716136218e-10 5.071921303331e-10
119 81 3.715256022724e-10 -5.900825424943e-11
120 81 1.057691885284e-09 -1.555335963915e-10
121 81 3.203678639311e-10 2.139964540770e-10
122 81 3.467722511439e-10 -3.265194587790e-10
123 81 1.585247381475e-10 -5.573923733800e-10
124 81 4.017926446859e-10 -6.318935647476e-10
125 81 -8.281773936739e-10 -9.111136970037e-11
126 81 5.020430174860e-10 1.088985435681e-10
127 81 4.070674901888e-10 3.410768539381e-10
128 81 -4.942637117575e-10 8.707710574513e-10
129 81 -5.087608462706e-10 5.716610483513e-10
130 81 1.028400744138e-10 2.395198713790e-10
131 81 5.053952923332e-10 3.588142789654e-11
132 81 -4.431243735021e-10 4.703545016592e-11
133 81 -5.435915530026e-10 5.327581258634e-10
134 81 5.957714988212e-11 -5.099092919806e-10
135 81 -7.413781853594e-10 8.473573853010e-11
136 81 -9.408414136455e-11 1.781171024895e-10
137 81 3.608712491275e-10 2.079411633154e-10
138 81 2.721607257101e-10 -3.144837294165e-10
139 81 2.943948207015e-11 -7.208325612881e-11
140 81 1.361458642727e-10 2.489617134395e-10
141 81 -7.086303949862e-11 2.838605935555e-10
142 81 2.414954869456e-10 4.392223518390e-10
143 81 1.910662240140e-10 -1.933355911849e-11
144 81 1.701999478545e-10 3.683018986020e-10
145 81 4.958995885737e-11 1.364423689319e-10
146 81 1.467820322795e-10 3.900768259464e-11
147 81 -2.972274135605e-11 -7.625019846437e-10
148 81 -5.348893922526e-10 3.415559456466e-11
149 81 1.600575787445e-10 -2.969321106273e-10
150 81 -3.317231193083e-10 3.068001669551e-10
151 81 -1.988620183756e-10 4.631653026063e-10
152 81 -8.343261447806e-11 4.248491054327e-10
153 81 4.009404473998e-10 5.202730025557e-11
154 81 -2.257945915045e-11 -1.145201496855e-10
155 81 3.726268027111e-10 -1.343499824549e-10
156 81 -4.490607043245e-10 -7.449052829529e-10
157 81 -1.684121301866e-10 -1.430935946487e-10
158 81 -7.010183100271e-10 -8.599644580926e-12
159 81 -2.494536661393e-10 3.952329705550e-10
160 81 5.087100438093e-11 2.378794191483e-10
161 81 -1.856216190287e-10 -7.681467858222e-11
162 81 2.930419559334e-10 -7.692476486677e-11
163 81 3.504455764953e-10 3.663498884414e-10
164 81 3.257539427016e-10 6.262572392996e-10
165 81 -1.667820437106e-11 2.919010185574e-10
166 81 -4.292333889302e-10 3.212988360271e-10
167 81 -2.628763171362e-10 -2.679138039782e-10
168 81 -3.943581736091e-10 2.721183417022e-11
169 81 9.224634551801e-12 -9.451803402944e-11
170 81 5.224112305114e-10 1.512950799583e-10
171 81 2.712306186113e-10 -4.187749997572e-10
172 81 -4.922855237045e-11 -1.922289300731e-10
173 81 -8.164591811550e-11 4.385454035300e-10
174 81 2.759479211140e-11 2.294674483587e-10
175 81 -1.929694947563e-10 -5.553670362484e-11
176 81 -6.312409927138e-10 1.259412750567e-10
177 81 -5.122451447026e-10 -1.375677903915e-10
178 81 3.076761269831e-10 2.576165868782e-10
179 81 8.740288437153e-11 4.247660932492e-10
82 82 -1.088136960006e-09 4.603140247501e-10
83 82 -6.544029249575e-10 -3.414028331660e-10
84 82 1.894371410807e-10 -1.441095303955e-10
85 82 -4.043978106920e-10 1.877872104809e-10
86 82 1.690871051991e-09 8.449745894079e-10
87 82 -1.506528755030e-09 -5.688575667920e-10
88 82 -6.594553962296e-11 2.481450592183e-10
89 82 2.094001244611e-10 -6.492025074883e-10
90 82 2.412879950768e-10 4.066906539296e-10
91 82 5.095026809778e-10 1.623786509949e-09
92 82 9.019702174077e-10 -4.416201646279e-10
93 82 -4.221506002718e-10 -3.972849220760e-10
94 82 3.663029948613e-10 6.599972379737e-10
95 82 5.791947184334e-10 -2.666695224221e-09
96 82 9.540287458086e-10 2.971296919141e-10
97 82 -4.231140442922e-10 -5.743197791342e-10
98 82 1.061262913022e-09 1.549065636475e-09
99 82 -1.768507027439e-09 -2.197138878788e-10
100 82 9.716601094716e-10 -1.063284718492e-09
101 82 -8.826383064823e-10 -7.458186128176e-10
102 82 -6.097682330990e-10 -7.869020113202e-10
103 82 -1.377744755610e-09 -1.069916172175e-09
104 82 1.964925153770e-10 3.513080367905e-10
105 82 1.006730873823e-09 1.755356332703e-09
106 82 9.445899342598e-10 5.538122467227e-10
107 82 5.937901121475e-10 3.224684388700e-10
108 82 5.740801325284e-10 -6.625975837084e-10
109 82 1.755540043335e-09 -1.074313051760e-09
110 82 4.420178109909e-10 -1.064331307380e-09
111 82 2.834748563977e-10 -1.168974564875e-09
112 82 -4.479415785206e-10 -4.288781670164e-10
113 82 -5.576337360960e-10 -1.151469373735e-09
114 82 4.198596772469e-10 3.821638920233e-10
115 82 2.201911873737e-11 -7.888369948608e-11
116 82 -7.746723438348e-10 5.593095335468e-10
117 82 -2.167448384830e-10 2.499822917839e-10
118 82 -4.405022836722e-10 -2.439844566170e-10
119 82 -3.746169534104e-10 4.935036240089e-10
120 82 -1.247434802522e-10 6.744770085794e-10
121 82 -5.768252381876e-10 -4.052462344572e-10
122 82 -2.992628917375e-10 -6.326271682710e-11
123 82 4.123214146886e-10 -3.241532861724e-10
124 82 2.673289632373e-10 -8.055633717652e-10
125 82 -6.240313593659e-10 -6.765150415150e-10
126 82 -2.687953948174e-10 -4.746295732069e-10
127 82 -9.628713255649e-10 5.042948398732e-10
128 82 -2.529389433672e-10 6.020708719429e-10
129 82 -4.611646400591e-10 3.726268477832e-10
130 82 3.814286987035e-10 -3.094822701969e-10
131 82 -4.062997934642e-10 -4.814203875390e-11
132 82 -4.514341055705e-10 1.351940504467e-10
133 82 6.406902579896e-11 -5.248834833563e-10
134 82 -5.880226817866e-10 -1.031847598773e-09
135 82 -1.506948456805e-10 -5.013222931938e-11
136 82 6.388955713034e-10 -1.560884408607e-11
137 82 -2.880143263851e-11 -3.942575080768e-10
138 82 -1.349371862001e-11 1.044858695058e-10
139 82 7.016378016017e-10 4.321819104335e-10
140 82 5.170621648728e-10 6.328858560186e-11
141 82 4.841438710797e-10 -2.813188562574e-10
142 82 -7.334779912149e-10 -3.337946463454e-10
143 82 -5.998149849041e-10 -6.036698795359e-10
144 82 2.741530638803e-10 -3.851004000131e-10
145 82 -1.145554733852e-10 1.886694869879e-10
146 82 1.869424007230e-10 3.741958649832e-10
147 82 1.939794304497e-10 -2.265842484374e-10
148 82 1.027853004222e-10 -5.750516145466e-10
149 82 1.628904688073e-10 -3.818383744813e-10
150 82 3.592927101535e-10 -3.525900376417e-10
151 82 1.115959037361e-10 1.555012811463e-10
152 82 1.026875987643e-10 -2.650148963289e-11
153 82 -6.903059419448e-11 5.104257536197e-10
154 82 4.228971909544e-10 -2.639413261783e-11
155 82 -1.846063137454e-10 -3.070016971779e-10
156 82 4.595814462029e-10 -3.465421750806e-10
157 82 4.515932047941e-10 -1.412480665760e-10
158 82 3.950450851348e-10 -4.054902847504e-10
159 82 -1.765688703553e-10 -3.810204433470e-10
160 82 -1.358954100873e-10 1.009662851210e-10
161 82 1.312900072938e-10 5.744027444197e-11
162 82 -1.740040145762e-10 3.907654450743e-10
163 82 2.653256249232e-10 2.173763074744e-10
164 82 2.737492695536e-10 -2.112474292763e-10
165 82 -6.330580162805e-11 -2.226827660066e-10
166 82 3.342946939426e-10 -6.371491907063e-10
167 82 -1.196178506729e-10 -4.071282433909e-10
168 82 -3.633094039805e-10 -6.894307473094e-10
169 82 -3.979578353702e-10 -4.582916476971e-10
170 82 4.188314158173e-10 -5.061063980272e-10
171 82 -1.227797076203e-10 2.260933380458e-10
172 82 -8.696647377711e-11 8.179760117350e-10
173 82 6.194766114558e-10 9.665355932600e-10
174 82 2.112554163956e-10 -2.504603354443e-11
175 82 2.313390556467e-10 1.468641130104e-10
176 82 1.181532824191e-10 -2.611636197878e-10
177 82 4.660297679337e-10 -3.475452387720e-10
178 82 2.215903406802e-11 -3.236547775680e-10
179 82 4.917226362837e-10 -4.114782312936e-11
83 83 8.162456247994e-10 -1.355793540894e-09
84 83 -1.819366090970e-10 7.134092538063e-10
85 83 -3.875476566477e-10 5.456776334857e-10
86 83 1.320598893506e-11 -1.231227640457e-09
87 83 1.197104137697e-09 5.825919002115e-10
88 83 -8.813710427744e-10 8.167144566162e-11
89 83 1.758270738059e-09 -8.432524637790e-10
90 83 -1.277937863908e-09 -7.066408676557e-10
91 83 4.049644742359e-10 1.207399049527e-09
92 83 1.816618291477e-10 -9.311402897078e-10
93 83 -5.751839823480e-10 3.739386067636e-10
94 83 -1.869541373773e-10 4.075036812790e-11
95 83 1.376526398961e-09 -4.654728813085e-10
96 83 -1.111167282412e-09 2.435636588666e-10
97 83 -2.592290784637e-11 7.019939199638e-10
98 83 4.853921787663e-10 1.589549662831e-09
99 83 5.674714370323e-10 2.411969149067e-10
100 83 -7.585128551411e-10 1.342448191895e-09
101 83 -1.245979196043e-10 -1.700636792555e-09
102 83 3.553286023408e-11 -1.211763462938e-09
103 83 -7.433350649602e-10 -8.692020673009e-10
104 83 -7.525212949726e-10 -1.515967511233e-10
105 83 3.466874311395e-10 6.881189711894e-10
106 83 -7.057745806139e-10 -9.417039389526e-10
107 83 -6.463631452067e-10 7.483947966133e-10
108 83 -4.602168235330e-10 3.900595071789e-10
109 83 -6.400838246187e-10 9.576516550206e-11
110 83 -9.113966672769e-10 8.876990981517e-10
111 83 1.119472826948e-09 -2.325471869627e-11
112 83 4.897601614610e-10 -6.391072066677e-10
113 83 -5.033192234641e-10 -6.185013485104e-10
114 83 -9.523880381911e-10 1.036747481609e-10
115 83 -3.263910851352e-10 1.349047960961e-10
116 83 -4.396242555449e-10 1.055224308044e-09
117 83 -8.319426980343e-10 2.668832020141e-11
118 83 -7.085435476982e-11 -1.421000643093e-10
119 83 -9.759918577474e-10 -8.407448629532e-10
120 83 -5.542398377336e-10 -3.976283225893e-10
121 83 -4.049573886374e-10 -6.173586403162e-10
122 83 -2.825827840694e-10 -4.160102433724e-10
123 83 2.151748647834e-10 8.067972183810e-11
124 83 5.005128952442e-10 2.049396864808e-10
125 83 -3.104388388614e-11 -6.585769253345e-10
126 83 3.284722812969e-10 1.377294366823e-10
127 83 -2.747823472399e-10 1.117103097618e-10
128 83 2.526592864379e-10 -5.574635680522e-10
129 83 1.473033254146e-10 -8.305095039952e-10
130 83 4.720932746435e-10 -2.566142527941e-10
131 83 6.930093841255e-10 8.474607498225e-10
132 83 5.879056763868e-10 3.015292656248e-10
133 83 2.191394144288e-10 -2.216207265384e-11
134 83 -2.023758205707e-10 2.666309157668e-11
135 83 -1.536479739505e-11 -3.475299494210e-10
136 83 -1.524779930831e-10 -2.262253126736e-10
137 83 -2.042723047548e-10 5.856970006740e-10
138 83 -2.183838014177e-10 5.652647676351e-11
139 83 -3.036175617337e-10 4.968750999712e-10
140 83 -1.604041076016e-10 7.700884475943e-10
141 83 2.096317227325e-10 4.475987626998e-10
142 83 -9.015594767169e-11 1.294069022128e-10
143 83 2.275047270523e-10 -3.836795913781e-10
144 83 -2.351289722477e-11 -5.652133325318e-10
145 83 -2.977381889966e-10 1.162125633285e-10
146 83 -2.652842259853e-10 9.341934859283e-11
147 83 1.791430788174e-11 -3.091425149627e-10
148 83 -4.706021129847e-10 1.159865132806e-10
149 83 -5.736954094146e-10 5.263395285703e-10
150 83 9.631286616442e-11 7.768766066552e-10
151 83 3.924063238835e-11 -1.400056149971e-10
152 83 -2.001980806420e-10 -4.168899341457e-11
153 83 -7.273350690473e-11 -1.367690171553e-10
154 83 5.074788971423e-11 6.759951363069e-10
155 83 -3.100720427292e-10 4.293142569892e-10
156 83 -2.738202186916e-10 2.986742876782e-10
157 83 2.370134492837e-10 6.327428356515e-11
158 83 -9.833928757039e-11 1.184958320758e-10
159 83 -5.806618848865e-11 3.195527555951e-10
160 83 2.399555860983e-11 -3.212082240598e-10
161 83 -1.819304776714e-10 -2.993954793111e-10
162 83 -2.585485181528e-10 2.860262129618e-10
163 83 5.042819817956e-11 7.468012409874e-12
164 83 1.653484860045e-10 -1.880114003097e-10
165 83 4.097326692734e-11 -2.250712438601e-10
166 83 -3.973885484157e-10 1.962560967692e-10
167 83 6.453765347452e-10 1.849222293709e-10
168 83 3.899368179724e-11 -1.753731586033e-10
169 83 -1.759151428377e-10 -1.107439310731e-10
170 83 -5.060237539137e-10 3.173547684025e-11
171 83 2.814596062835e-11 7.192650552379e-12
172 83 2.274380488730e-10 1.912878392333e-10
173 83 -2.887193360538e-10 2.175053479140e-10
174 83 4.715147264320e-11 1.346398517658e-10
175 83 -8.378222792118e-11 7.746089653764e-11
176 83 3.695284035022e-10 -3.364920294679e-10
177 83 -2.890811722580e-11 -7.035466775043e-10
178 83 5.108975055227e-10 -2.787541493229e-10
179 83 1.859182763092e-10 -2.268993120949e-10
84 84 9.122059895305e-10 4.038028031837e-10
85 84 1.339592721217e-09 6.370231185076e-10
86 84 -7.648877800617e-11 8.761172409072e-10
87 84 2.214331639267e-10 -1.053183407445e-09
88 84 -5.673407211432e-10 1.950707554647e-09
89 84 9.089262989079e-10 1.461569513481e-09
90 84 -3.719243960603e-10 1.306501767105e-09
91 84 -1.314395477995e-09 1.522823618729e-09
92 84 4.051169294705e-10 -5.650363217104e-10
93 84 -1.206455718336e-10 -1.750601134128e-09
94 84 -2.943354025462e-10 8.385674614435e-11
95 84 1.018432809267e-09 7.002998636345e-10
96 84 -4.571230694515e-11 -4.176501176751e-10
97 84 -2.395572474706e-10 1.366687522608e-09
98 84 -3.670114983060e-11 -5.272040630111e-10
99 84 1.024412850555e-09 -9.216699026893e-10
100 84 -2.455128467572e-10 -9.608304932313e-10
101 84 5.212715850815e-10 1.583180914387e-10
102 84 8.072098510077e-10 -1.007942785826e-09
103 84 7.665540961643e-10 4.599985255476e-10
104 84 3.618873391443e-10 4.356889884880e-10
105 84 6.672709981798e-10 2.753255265860e-10
106 84 1.398844761709e-10 -4.107204869452e-10
107 84 -1.153537470689e-09 -3.274428280740e-10
108 84 7.111176445033e-10 -4.735151123112e-11
109 84 2.697123326653e-10 1.051962622478e-09
110 84 -5.311654696271e-10 1.484679990221e-09
111 84 1.149777420192e-09 1.731587349960e-10
112 84 5.795272825274e-10 2.514363017354e-10
113 84 4.143455417351e-10 -3.577392951309e-10
114 84 9.437770469390e-10 1.064606664394e-09
115 84 3.675014342734e-10 6.679739713291e-11
116 84 -1.923871115794e-10 -5.746892527238e-11
117 84 -1.731464511568e-10 2.135372638890e-10
118 84 -9.749045828797e-11 2.047323875000e-11
119 84 -6.467842224642e-10 4.002374589565e-11
120 84 -1.183963347786e-09 -4.145816782095e-10
121 84 -9.629401627237e-10 9.168011478850e-11
122 84 3.629839630308e-10 7.801250999227e-11
123 84 1.771250039242e-11 2.296930420328e-10
124 84 -4.477946814319e-10 -3.169169747533e-10
125 84 -6.269258873255e-10 -2.571893915853e-10
126 84 1.178341717534e-10 -7.562415115671e-10
127 84 -1.189133086222e-10 7.655836458987e-11
128 84 -1.547334314097e-10 -9.431099256036e-10
129 84 -7.665645659653e-11 -1.458614000206e-10
130 84 3.955440302819e-10 2.748175754423e-10
131 84 2.358020166855e-11 8.425396924626e-10
132 84 -1.324844123253e-10 5.673807863124e-10
133 84 -8.060372448972e-11 4.729810100089e-10
134 84 3.244465642659e-10 1.909675423816e-10
135 84 -3.359986961305e-10 -7.194926045471e-10
136 84 -7.815668306250e-10 -4.077312415888e-11
137 84 -1.376506748714e-10 1.815564655984e-10
138 84 -2.110960364935e-10 -7.120956462208e-10
139 84 -2.027499977015e-10 -5.707895461201e-10
140 84 -3.981115003636e-10 -1.492979858761e-10
141 84 -1.693966010578e-10 7.661338617944e-11
142 84 -7.635977935926e-11 -5.780540693779e-11
143 84 -1.949859835872e-10 -9.057009115526e-11
144 84 3.267970644888e-10 -1.913907953103e-10
145 84 5.685218172664e-10 -2.984581524785e-10
146 84 1.379606090244e-10 -3.162702103595e-10
147 84 -7.755949026026e-11 -5.713843450517e-10
148 84 -8.580535049373e-11 -9.159085516900e-11
149 84 -3.316680872192e-10 2.801946826532e-10
150 84 2.130771804917e-10 1.655985945586e-10
151 84 1.341975965923e-10 -1.249812584537e-10
152 84 -2.048667904886e-10 1.344704771368e-10
153 84 -1.186586496557e-11 1.782499521841e-11
154 84 3.135636013302e-10 -4.074810290842e-10
155 84 -2.387364465425e-10 3.664073113795e-11
156 84 2.199085729781e-10 -6.028051713278e-10
157 84 1.877404702235e-10 -3.615181354455e-10
158 84 -1.315195754129e-10 -4.656551615257e-10
159 84 9.253285441920e-11 1.290768107299e-10
160 84 2.001006219542e-10 -1.306129805105e-10
161 84 8.489441164350e-10 -2.985149417234e-10
162 84 -5.171486567134e-11 -2.724710855512e-10
163 84 -3.687911906385e-10 -1.843013481734e-10
164 84 -9.788162226705e-11 -1.405027098202e-10
165 84 1.865110899616e-10 -2.571228149788e-10
166 84 1.829501817003e-10 1.078985923211e-10
167 84 -6.274574809624e-11 3.151590745530e-10
168 84 -1.096712611577e-10 -3.446428473424e-10
169 84 1.635455600516e-10 -1.384297301577e-10
170 84 2.653259933897e-10 -3.181855034264e-10
171 84 -4.148537398837e-11 -3.822583006804e-10
172 84 -7.372811435705e-12 -4.893213857088e-10
173 84 2.444085101504e-10 -4.965371429590e-10
174 84 6.670221512580e-11 -7.695532988256e-10
175 84 1.745845728537e-11 -4.984828017322e-10
176 84 -4.471643955790e-10 -3.020263291423e-10
177 84 8.102163410849e-11 1.435149799767e-10
178 84 -2.697971999932e-10 -1.969709646764e-10
179 84 1.037704785812e-10 -3.291232122095e-10
85 85 -4.627742363280e-10 7.035295598089e-10
86 85 5.600813521804e-10 1.047726356440e-09
87 85 1.340177074600e-09 -5.277685952851e-10
88 85 6.242906507551e-10 1.499690303597e-09
89 85 -1.689108236716e-09 3.176450675420e-10
90 85 -4.287986495422e-10 7.021428126992e-10
91 85 -7.953031458372e-10 -3.835415620460e-10
92 85 -6.832782682771e-10 1.639660542040e-09
93 85 6.642842786432e-11 -1.691200196386e-10
94 85 4.572859329860e-10 -4.652569299518e-10
95 85 -5.040458932446e-10 8.691149025841e-10
96 85 4.210626769333e-10 -2.510336852347e-10
97 85 -1.531849537680e-09 -7.409104614156e-10
98 85 8.868395438818e-10 8.294321253368e-10
99 85 7.887332033811e-10 -8.011315550068e-10
100 85 6.429703223132e-10 -2.711791211009e-10
101 85 -1.134012628901e-09 -9.604750840400e-10
102 85 1.929188663791e-09 -2.527005695380e-10
103 85 -5.225492400433e-10 1.502435381297e-09
104 85 4.365441154374e-10 6.836001808898e-10
105 85 2.011552202712e-11 1.245833302293e-09
106 85 4.906690251595e-10 -4.870449684319e-11
107 85 -2.670771061722e-10 -6.019903317208e-10
108 85 -1.056671418794e-09 -2.422644407739e-10
109 85 1.915195844271e-10 4.214972751945e-10
110 85 -1.295625219021e-10 -1.035923729041e-09
111 85 7.978698657960e-10 -9.916652581665e-10
112 85 3.428785439977e-10 3.558158020160e-10
113 85 7.091056905253e-10 1.555008301137e-10
114 85 5.370840365258e-10 6.171797759096e-10
115 85 2.849223516076e-10 -4.224940355115e-10
116 85 6.422320570757e-10 1.014716190914e-11
117 85 1.483549099503e-10 -6.706226089249e-10
118 85 7.765377860306e-10 -1.936171693254e-10
119 85 -6.531283460209e-10 -2.438674080666e-10
120 85 2.102746600525e-10 5.651574195917e-10
121 85 6.643210444509e-10 7.751956731068e-10
122 85 4.991331578464e-11 3.284428574650e-10
123 85 -3.261100264669e-10 -2.972196420201e-11
124 85 -8.427528146232e-12 4.369990695317e-10
125 85 -4.622755530505e-10 -3.707578154917e-10
126 85 -2.681531680188e-10 -5.203460042339e-10
127 85 -9.987275632563e-12 -2.064653612432e-10
128 85 1.650118911196e-10 -1.460606343289e-10
129 85 -1.672087654084e-11 -5.271830914085e-10
130 85 -7.342997005882e-10 3.448694682770e-10
131 85 -8.945512124876e-10 5.883673064750e-10
132 85 -4.959713280559e-10 3.324435339022e-10
133 85 -5.391528877491e-10 6.553915017420e-10
134 85 9.919888400402e-11 -2.861301351169e-10
135 85 -4.050649200857e-10 -1.053366462671e-10
136 85 1.522163824252e-10 -2.833350467435e-10
137 85 2.146566951027e-10 -1.288099958313e-10
138 85 2.453783388871e-10 -7.339094371086e-10
139 85 2.983364725440e-11 -6.200253196032e-10
140 85 3.920413478846e-10 -7.998127107222e-10
141 85 3.475246038818e-10 4.009327745848e-11
142 85 -2.994709309905e-11 -2.203286242017e-10
143 85 6.753332193802e-10 6.385989370798e-10
144 85 -3.934590317964e-10 2.426540029833e-10
145 85 -1.051173700597e-10 4.083283922551e-11
146 85 -9.476408282907e-11 2.279104484504e-10
147 85 2.790781327363e-10 2.619362351279e-11
148 85 7.505944967098e-11 -3.758184450507e-10
149 85 -3.072265704961e-10 -1.528445193602e-10
150 85 -6.672105771792e-11 1.705999252953e-10
151 85 -8.702231239131e-12 -1.481009916499e-11
152 85 3.288057866062e-10 9.456971532314e-11
153 85 -6.208110576504e-10 5.428055607327e-10
154 85 -2.314002201249e-10 4.174733026052e-10
155 85 2.687952847422e-10 -1.587791001478e-11
156 85 5.056687500859e-10 -6.424586981068e-11
157 85 1.276047829521e-10 -4.047958623913e-10
158 85 6.882356433560e-10 4.157888952729e-10
159 85 3.499940382749e-10 -1.423140908398e-10
160 85 1.321542051896e-10 1.327754045440e-10
161 85 7.002367583035e-11 -1.365069688986e-10
162 85 -2.696307531652e-10 3.592860580371e-10
163 85 -3.076410842733e-10 5.089277824351e-10
164 85 -2.113372390461e-11 9.097156588817e-11
165 85 -2.789598830641e-12 -3.315210063838e-10
166 85 8.000971858104e-11 -1.744682120080e-10
167 85 1.248338323413e-10 -5.524089366063e-10
168 85 -5.526312067734e-11 -2.101962337890e-10
169 85 -8.370946268219e-11 -2.439521084081e-10
170 85 2.202949408421e-10 -2.557567887406e-10
171 85 1.145722444608e-10 -4.815485013140e-10
172 85 -7.846077004110e-11 -3.653320179448e-10
173 85 -2.974726842479e-10 1.060737736478e-11
174 85 4.334249785214e-11 3.325466388856e-10
175 85 -4.519422932824e-10 -2.274862254930e-10
176 85 -3.760813967597e-10 -9.220038639636e-11
177 85 1.248767527603e-10 3.288121883593e-10
178 85 2.625906222190e-10 2.697845327326e-11
179 85 -2.659168768755e-11 4.706806747665e-10
86 86 -1.150764619624e-09 1.282115628949e-09
87 86 1.810527305528e-10 -4.616861863962e-10
88 86 6.380456191112e-10 5.361985874387e-10
89 86 1.536761101487e-09 1.001163619283e-09
90 86 5.576601112828e-10 -4.573678682484e-10
91 86 5.533075815661e-10 -1.906029553835e-09
92 86 -4.887204413883e-10 3.414606518582e-10
93 86 1.938971432826e-09 -1.201171623080e-09
94 86 2.661953113360e-10 2.204000689820e-10
95 86 -1.235403759688e-10 2.846474021572e-10
96 86 7.380052717666e-10 -6.347358880804e-10
97 86 -1.015087011225e-09 -8.766405836094e-10
98 86 -9.429363160801e-10 4.008568877420e-10
99 86 6.251809782743e-10 -3.077990423894e-10
100 86 -6.603962123792e-10 -1.003952897515e-10
101 86 3.753156067524e-10 2.239160531170e-10
102 86 -1.683211029190e-09 1.182352117895e-09
103 86 -5.469658789077e-10 -7.501226027431e-10
104 86 -2.344443901193e-10 1.852787289267e-09
105 86 -2.927692172001e-10 3.273103856612e-12
106 86 7.077451501583e-10 -3.904494682333e-10
107 86 -8.231058735953e-11 -1.047358308720e-09
108 86 4.123471555543e-10 -1.153157296500e-09
109 86 1.719975394839e-09 -2.494677994017e-11
110 86 -3.490545933327e-10 -1.216538707563e-09
111 86 3.505147945839e-10 -3.282677123841e-10
112 86 7.743604427062e-10 -4.163049515966e-12
113 86 1.418737917431e-10 -1.469086565822e-10
114 86 -9.256143740527e-10 1.325904973591e-09
115 86 -1.081740411077e-09 2.986627595111e-10
116 86 1.492004182493e-11 -4.417480185880e-10
117 86 -3.467520731574e-10 -7.421242349895e-10
118 86 -2.004273863388e-10 6.150949551916e-10
119 86 -1.229775670310e-10 -5.358483897656e-10
120 86 -4.505383145921e-10 -6.399885985087e-10
121 86 -2.979749323053e-10 3.589427071029e-10
122 86 8.770834588145e-10 4.824270980345e-10
123 86 -4.847161991472e-10 2.884743328526e-10
124 86 3.936641998641e-10 -3.742488985932e-10
125 86 -8.637556721503e-10 1.172627351462e-10
126 86 1.126335375198e-10 -1.001201201200e-10
127 86 2.878248107574e-10 2.064596949614e-10
128 86 2.439646153247e-10 2.798324328776e-10
129 86 -5.582871839581e-10 1.608448089652e-10
130 86 9.855947050808e-11 6.164639499912e-10
131 86 -3.057185810615e-10 4.873201054998e-10
132 86 4.680507409050e-10 -1.048373102835e-09
133 86 5.642550546396e-10 -3.147075045005e-10
134 86 3.477387310108e-10 1.110158866655e-10
135 86 1.075516216664e-10 7.372737836848e-10
136 86 2.294254228614e-10 8.389633692618e-11
137 86 1.366045726315e-10 2.321460683783e-10
138 86 5.392995904501e-10 -8.059633190274e-11
139 86 7.638643371723e-11 2.332418201084e-10
140 86 -4.964847022993e-10 -2.467910999998e-10
141 86 1.148962966926e-10 -1.919445817288e-11
142 86 -1.733722186836e-11 -1.253083179823e-10
143 86 -5.104300223178e-10 -3.289480156249e-10
144 86 2.078118801333e-10 7.005773723062e-11
145 86 2.823408873357e-11 9.397404349599e-11
146 86 -6.258613667310e-10 4.031462394039e-10
147 86 -2.403807036557e-10 5.621607664109e-10
148 86 4.100704719685e-11 2.149490091465e-10
149 86 6.648539170116e-11 -1.653901955351e-10
150 86 2.028960317175e-10 7.615940411529e-11
151 86 8.980496472907e-10 -2.936107353447e-11
152 86 -1.529447418225e-10 -1.529155480787e-10
153 86 -4.274798690159e-10 3.887068527542e-10
154 86 -2.375055154611e-10 1.566716147185e-10
155 86 1.548401030653e-10 -2.262210319222e-11
156 86 -2.932593310633e-10 1.012573938343e-10
157 86 1.397159821485e-10 6.666882320468e-10
158 86 3.036025373835e-10 -2.316133279846e-11
159 86 3.904933401123e-10 -2.351971780619e-10
160 86 1.706556414869e-10 -2.993168144954e-10
161 86 -2.884527842892e-10 -1.749504498674e-10
162 86 -4.381390672738e-10 -5.907515120452e-10
163 86 -4.634098337647e-10 -2.780085502331e-10
164 86 -6.329261785951e-11 -1.944306616159e-10
165 86 4.198994091508e-10 -3.142491482673e-10
166 86 2.855765522784e-10 1.225918222629e-10
167 86 -4.479428123938e-10 -1.779258760048e-11
168 86 -6.324596933587e-12 -4.741192892965e-10
169 86 2.616058482427e-10 -3.931443554534e-10
170 86 -3.984866773305e-10 1.613231428384e-10
171 86 9.541294374519e-12 6.401760288631e-11
172 86 -2.714064959118e-10 7.497690036769e-11
173 86 -2.245445619466e-10 2.493499170221e-10
174 86 -2.870338526758e-10 -8.329225659551e-11
175 86 -1.187857108252e-10 -3.818192641187e-10
176 86 9.658336523029e-12 -2.818434361561e-10
177 86 -3.217636610723e-10 7.759748602768e-11
178 86 -8.981949988898e-11 -2.078317408036e-10
179 86 9.606090437351e-11 -1.127781244539e-10
87 87 -1.018118910273e-09 -1.151796361624e-10
88 87 -9.439902159924e-10 7.730253326892e-10
89 87 -1.831893540254e-09 3.364239612911e-10
90 87 7.538496071768e-10 9.020800263847e-10
91 87 1.413673967942e-09 -2.312121014232e-10
92 87 -7.541151687680e-10 7.923996212415e-10
93 87 -4.448028137569e-10 -1.076279171705e-10
94 87 -1.810019569017e-10 -1.335816998418e-09
95 87 2.258550575177e-10 1.745255370742e-09
96 87 9.018913194369e-10 -2.847314583216e-10
97 87 7.575970044993e-10 -2.151688233287e-10
98 87 1.005275568314e-10 1.369876493519e-11
99 87 5.654160373036e-10 6.704866185887e-10
100 87 -7.692683972015e-10 -1.254133654364e-09
101 87 3.678964312008e-10 -3.883174946766e-10
102 87 1.233844378258e-10 1.670185366896e-09
103 87 7.009483341793e-10 -1.269838086844e-09
104 87 -5.732202138649e-10 -1.086364853760e-09
105 87 -4.735623989734e-11 -4.218788294809e-10
106 87 -2.077576461967e-10 9.091089703199e-11
107 87 2.943332324393e-10 4.804519130882e-12
108 87 -5.685913102332e-10 2.882664029980e-11
109 87 5.737094209216e-10 1.806649196934e-10
110 87 1.763335044146e-09 -5.212461758152e-11
111 87 6.150036136256e-10 1.554027294598e-09
112 87 1.116538823519e-11 1.299120715873e-09
113 87 -3.580322095946e-10 6.044956943896e-10
114 87 -7.140647462414e-10 1.213213551374e-09
115 87 8.010322291899e-10 4.567213003132e-10
116 87 2.553978375018e-10 5.186839677837e-10
117 87 1.695568347828e-11 5.963500538503e-11
118 87 1.501407980049e-09 4.852043392326e-10
119 87 9.097327611389e-11 -6.953429326122e-10
120 87 1.923588316702e-10 4.419044088249e-10
121 87 4.444021238927e-11 6.547342990746e-10
122 87 -4.106677568854e-10 -2.052370350240e-10
123 87 -9.808763504274e-11 -5.924899018503e-10
124 87 -5.103094718217e-10 -1.508320797772e-10
125 87 -3.190640084067e-10 1.016507432980e-09
126 87 -7.755628505640e-10 -1.134256729587e-10
127 87 -1.021701913625e-09 3.320256151262e-10
128 87 -3.758253201238e-12 -1.926917160895e-10
129 87 -1.392215621819e-10 -3.440375202129e-10
130 87 -8.441517563691e-11 -8.567199359565e-10
131 87 7.684049355859e-11 -3.977757718497e-10
132 87 4.582133644595e-10 -4.147840125060e-10
133 87 7.247163452595e-10 1.162805005942e-10
134 87 5.142946115228e-10 5.422793585548e-11
135 87 1.451990017556e-10 6.190261566994e-10
136 87 -1.798593812266e-10 1.462271449157e-10
137 87 -3.282169699565e-10 1.574613052271e-10
138 87 1.397738649620e-10 4.582619078897e-10
139 87 -4.690203446493e-10 -3.838960865950e-10
140 87 -7.883193990738e-10 -3.855927263209e-10
141 87 -1.646344004974e-10 -4.656740095420e-10
142 87 -5.546103095856e-11 -2.872744005786e-10
143 87 -4.131816237816e-10 -2.621695134566e-10
144 87 -6.820976698065e-10 2.573185772225e-10
145 87 4.053066433789e-11 2.072981536502e-10
146 87 7.963627787256e-11 3.345753191798e-10
147 87 3.979630715512e-10 1.225128729834e-10
148 87 -5.194949007557e-10 1.711592389751e-10
149 87 -5.876542314317e-10 -3.722140327315e-10
150 87 -2.771564702283e-10 -1.328167525981e-10
151 87 5.380945825332e-10 -7.562466703026e-11
152 87 2.523263985548e-10 1.920503419397e-10
153 87 -1.108438306219e-10 3.775835271105e-11
154 87 4.661597483147e-10 -1.820559913566e-10
155 87 5.244335122221e-11 -1.007743508649e-10
156 87 2.175415229014e-10 -7.265932781789e-11
157 87 6.954144025511e-11 7.129480672959e-11
158 87 -1.750159327575e-11 -2.688565764622e-10
159 87 -1.066225465717e-09 5.486806261426e-10
160 87 4.382061208010e-10 2.431128470797e-10
161 87 -2.918035806428e-10 2.455900745065e-10
162 87 2.085713303089e-11 -1.760258112752e-10
163 87 2.669541008043e-10 -2.263398975941e-10
164 87 3.465095465415e-10 1.292576935410e-10
165 87 -8.490847001336e-11 3.341794414833e-11
166 87 -3.513241505684e-10 2.115882229452e-10
167 87 3.028794308379e-11 2.498133343821e-10
168 87 3.212692265833e-10 7.464634477908e-10
169 87 -4.479508342042e-11 1.060272289838e-10
170 87 -2.806389775244e-10 6.841784123944e-11
171 87 -2.977405859434e-10 -7.944305167735e-11
172 87 -4.415990907596e-11 -1.432874785765e-10
173 87 -1.889107667755e-10 4.541166052750e-11
174 87 -5.882310233754e-11 2.571023020258e-10
175 87 5.153697326822e-10 1.710645704423e-10
176 87 2.023328592407e-10 -8.718518206709e-11
177 87 4.051247854482e-10 -5.165874071888e-11
178 87 1.667503998610e-10 2.079759092772e-11
179 87 7.753119071170e-11 4.724004559296e-11
88 88 3.520173319275e-10 -1.316833264600e-09
89 88 -8.971616182669e-10 -7.382854225952e-10
90 88 -1.299273420696e-09 -1.076627917700e-09
91 88 -9.144517784628e-10 -8.259593816234e-10
92 88 -5.150479770924e-10 3.659507855328e-10
93 88 1.860838625818e-10 6.241531358336e-10
94 88 4.486957177173e-10 1.959735280254e-10
95 88 2.256617613116e-10 -1.573249342837e-09
96 88 -4.195644349422e-10 -5.337954430213e-11
97 88 2.873116271858e-10 -2.519385408703e-11
98 88 -3.316867296364e-10 4.541416535507e-10
99 88 -4.766796787985e-10 7.616800940058e-10
100 88 1.342554279908e-09 -5.964983892949e-10
101 88 2.075304447850e-10 1.449751918444e-11
102 88 4.713490761627e-10 5.789001284200e-10
103 88 3.974193743572e-10 -5.627126390164e-10
104 88 2.224997700130e-09 -1.460524080895e-09
105 88 -4.865791685413e-10 -1.853237272484e-10
106 88 1.079889053274e-09 -9.216619256861e-10
107 88 -9.084521915236e-10 3.359404395786e-10
108 88 -3.084542840636e-10 1.992406337582e-10
109 88 -2.288935049728e-11 1.234073890021e-09
110 88 2.196352640571e-10 1.362291720923e-09
111 88 -6.750105399259e-11 1.947975653001e-10
112 88 -4.748811649584e-10 9.103070389633e-10
113 88 -6.407900964192e-10 -2.011292488084e-10
114 88 -3.803467456152e-10 -1.257735172229e-09
115 88 2.990420761271e-10 -9.043802268939e-10
116 88 5.906162843240e-10 6.653886032125e-12
117 88 -3.188888076653e-10 -7.825126032434e-10
118 88 9.025034178412e-11 6.239040381457e-10
119 88 4.341076324012e-10 3.640917741572e-10
120 88 1.208498905521e-09 -2.076373098792e-10
121 88 -2.981651026865e-10 -4.018990514152e-10
122 88 5.289908214951e-10 -1.722323087708e-10
123 88 2.121140867172e-10 -3.626381794888e-11
124 88 -1.613724390513e-10 -5.466109340750e-10
125 88 -3.753739900772e-10 1.341158688847e-10
126 88 -8.998043115297e-10 3.373076872286e-10
127 88 -6.691264336694e-10 6.479869108179e-10
128 88 9.103000881326e-11 -1.168889312676e-09
129 88 2.008299285845e-10 -7.982333147487e-10
130 88 -3.679030811806e-10 -4.413981936338e-10
131 88 1.997481021858e-10 -6.163555778234e-10
132 88 9.718526230344e-10 -3.580071000021e-10
133 88 7.755186960766e-10 5.441979496241e-11
134 88 -1.840661260282e-10 9.344086571099e-10
135 88 -5.082783494299e-10 5.155835488573e-10
136 88 -2.998049582071e-10 5.479141359771e-12
137 88 -1.918474878133e-10 5.891698915831e-10
138 88 1.249289906662e-10 -5.902489381438e-10
139 88 -3.478668403387e-10 6.606945930078e-11
140 88 8.058852250619e-11 -4.872777001856e-10
141 88 3.217533020800e-10 -2.021194500693e-11
142 88 6.322796539205e-10 -1.031713000857e-09
143 88 5.631647444100e-10 1.517390573138e-10
144 88 2.536955604480e-10 -1.403077927444e-10
145 88 2.372640783976e-10 4.003004963012e-10
146 88 -3.851904427475e-10 -3.012176513355e-10
147 88 -4.569645034033e-10 1.761852047582e-10
148 88 -6.738530936061e-10 5.336119850940e-11
149 88 -1.771844339443e-10 -1.752359795186e-10
150 88 3.062004016423e-11 -4.569305671810e-10
151 88 4.081260099742e-10 -2.898241219382e-11
152 88 2.242729289632e-10 -4.051293463185e-10
153 88 -2.634825065877e-10 -1.614469097767e-10
154 88 -8.512417238214e-11 3.178227199326e-10
155 88 1.845303165584e-10 4.281893356048e-10
156 88 5.736657186519e-10 -1.164723086957e-10
157 88 -1.707850819089e-10 -2.235578733983e-10
158 88 -5.989432388122e-10 1.879996399500e-10
159 88 3.920628402538e-10 -3.984794061560e-10
160 88 9.269664291886e-11 -3.901351074186e-10
161 88 -1.134627497896e-11 1.143170114053e-10
162 88 -4.364281171119e-10 8.941086962716e-11
163 88 2.245692088392e-10 -1.883946236987e-10
164 88 -5.685124414275e-11 -1.686537028101e-11
165 88 1.142112579031e-11 -2.450467856363e-10
166 88 -7.433986706087e-10 -6.756343955774e-10
167 88 2.067662314686e-11 -6.683751630331e-10
168 88 -1.848967330567e-10 5.699622508241e-11
169 88 -1.644914496663e-10 1.517880809159e-10
170 88 -3.005896224428e-10 -3.519497947406e-11
171 88 1.250305431290e-11 -1.029545574138e-10
172 88 3.878159998481e-10 -1.338379412609e-10
173 88 3.414359902829e-10 -1.895070824274e-10
174 88 3.203663346091e-10 -5.899305608339e-10
175 88 -2.197769407669e-10 -5.266720532429e-11
176 88 -4.437115479972e-10 2.736572784750e-10
177 88 -5.031634678115e-10 3.610592493570e-10
178 88 9.079641506669e-11 4.333613448791e-10
179 88 -4.169391284044e-10 -3.006232214796e-10
89 89 1.081808738044e-09 -1.636306524578e-10
90 89 1.641645630270e-09 3.404341015263e-11
91 89 2.027486797780e-09 -1.168096899065e-09
92 89 -6.433475693405e-10 -6.143642518320e-10
93 89 -3.541647356141e-10 -9.296397797820e-10
94 89 -4.436382581530e-10 1.156589505747e-09
95 89 1.443614059760e-09 7.988326246377e-11
96 89 1.617812822762e-11 2.497015112746e-09
97 89 5.050505056880e-10 -1.826033490594e-09
98 89 -3.355443016647e-10 9.842489063978e-10
99 89 -9.488544941093e-10 1.817873349639e-10
100 89 1.321919730142e-09 -4.384106218320e-10
101 89 -1.256776369649e-11 -6.868600368917e-10
102 89 1.642745294447e-10 1.215086105188e-09
103 89 2.456805599915e-10 -6.335855994053e-10
104 89 -2.252371821238e-10 3.814576525538e-10
105 89 2.350928669385e-10 -1.326022695991e-09
106 89 1.063648962784e-09 1.042575613313e-09
107 89 -1.020214041378e-09 -1.413511360721e-09
108 89 4.373450570442e-10 4.995348920506e-10
109 89 -7.111983835056e-10 -4.809034301571e-10
110 89 4.926882746626e-10 -1.930275247683e-10
111 89 -1.096489270779e-09 6.823590728258e-10
112 89 -1.714300910589e-09 5.415059247107e-10
113 89 5.156611861980e-10 -6.942685193774e-10
114 89 2.896550460684e-10 -4.439682322218e-10
115 89 6.054744173371e-10 1.486897121903e-10
116 89 2.598357322285e-10 -1.537593110301e-12
117 89 -1.290651525723e-09 -8.364537125902e-10
118 89 -2.920206878015e-10 1.611829042131e-10
119 89 -4.578314639672e-10 -2.934738722634e-10
120 89 -8.037650468601e-11 9.948758619922e-11
121 89 -1.394976979629e-09 -1.197973107776e-10
122 89 2.741634574569e-10 -1.687634547328e-10
123 89 8.551940708003e-10 2.832078626791e-10
124 89 4.538643639748e-10 1.724105725719e-10
125 89 -5.462542709266e-10 2.438625253476e-10
126 89 -2.243005336768e-10 -5.325424065586e-11
127 89 1.765204125930e-10 -8.077958380990e-10
128 89 -3.841060675400e-10 -1.346155310606e-09
129 89 -2.023794515358e-10 -5.424730028541e-10
130 89 2.242217535277e-10 -5.775186940664e-10
131 89 6.564652888057e-12 -7.766428850662e-11
132 89 9.104528164467e-10 -7.639429321616e-11
133 89 2.947267250622e-10 5.987225737853e-10
134 89 1.033481017705e-10 1.023859452783e-10
135 89 -3.446709680943e-10 2.090263299456e-10
136 89 9.805972747898e-11 5.910722276382e-10
137 89 5.591176854351e-10 6.287922846050e-12
138 89 -1.010968069315e-10 -3.504855870784e-10
139 89 -2.026494957507e-10 -1.527023588324e-10
140 89 2.297327630462e-10 -3.291853411622e-10
141 89 -2.348336577103e-10 4.408761952119e-10
142 89 1.901773619621e-10 4.488730988095e-10
143 89 4.834279369473e-10 6.113827708175e-10
144 89 -6.851467352497e-10 4.256593454846e-10
145 89 -3.813319797245e-10 1.167525832351e-10
146 89 -1.672620625553e-10 -1.554451939303e-10
147 89 -3.662095195504e-10 -2.889120880744e-10
148 89 -5.082951624263e-10 -1.102358082752e-10
149 89 -3.672680027182e-10 -3.239573591768e-10
150 89 -2.237506629931e-10 5.218338561764e-10
151 89 3.970286151940e-10 2.880885744903e-10
152 89 3.483971472121e-10 7.243891325548e-10
153 89 6.284031130800e-10 2.789109623069e-10
154 89 2.002834904197e-10 1.044707702017e-09
155 89 6.428920548238e-10 5.327805841727e-11
156 89 -2.735648563849e-10 -4.048658260392e-10
157 89 -5.574013106175e-10 4.627683634941e-11
158 89 -6.441391534843e-10 -6.475004370528e-11
159 89 9.950229763660e-11 -3.830960103195e-10
160 89 -1.736742588132e-10 -1.321995778647e-12
161 89 5.332256222204e-10 4.989215961126e-10
162 89 3.380043908854e-10 -5.837678309574e-10
163 89 -4.635428496879e-11 2.521640695340e-10
164 89 -2.659806041269e-11 3.131049548154e-10
165 89 -2.534239380901e-10 7.679504174093e-10
166 89 3.906502849580e-10 -4.739596206772e-10
167 89 2.112949209389e-10 2.037748200797e-10
168 89 4.450367426910e-10 6.756918755301e-10
169 89 8.935556036946e-12 9.235101996766e-11
170 89 1.189268025734e-10 -4.383486700943e-10
171 89 -2.079186846046e-10 4.346968338155e-10
172 89 5.818470537564e-10 4.298593201745e-10
173 89 -2.176288577520e-11 2.356502539769e-10
174 89 1.500807161597e-10 3.146801509020e-10
175 89 4.631420545965e-10 1.776384656432e-10
176 89 1.268016479222e-10 8.568524880024e-11
177 89 -3.185875244424e-10 -1.679755123575e-10
178 89 -3.162507081150e-10 1.198037149537e-10
179 89 -2.524198155967e-10 1.865418133914e-10
90 90 -1.873785790681e-10 1.087281478438e-09
91 90 -1.003232308650e-09 2.976610177758e-10
92 90 1.679112507754e-09 -1.945711234969e-10
93 90 6.873033341002e-10 3.479049192732e-10
94 90 2.126030485157e-10 8.897004296631e-10
95 90 -4.420488624258e-10 -1.753729103550e-09
96 90 -4.513543845558e-10 3.113753352272e-10
97 90 -7.992140309813e-11 1.377737613527e-09
98 90 -5.936533027839e-10 -5.189514825814e-10
99 90 -3.481395889254e-10 3.838222573511e-10
100 90 7.845302010895e-10 4.101171590063e-10
101 90 2.819187145287e-10 -1.928268330061e-10
102 90 -7.429731555641e-10 -3.384610986822e-10
103 90 5.502870995757e-10 2.564708041384e-10
104 90 -5.157957946373e-10 -8.078657381920e-10
105 90 -1.030819252117e-10 4.451245391177e-10
106 90 1.049045895469e-10 3.520815932280e-10
107 90 8.539726294196e-10 4.775859555349e-10
108 90 4.311160511015e-10 -5.223754256472e-10
109 90 5.783075061718e-10 -1.982683154450e-10
110 90 2.201267858428e-10 -1.100474760188e-09
111 90 1.047986810640e-09 -1.742806564095e-09
112 90 2.264727595002e-10 -3.934864658132e-10
113 90 5.768471731492e-11 3.037282488715e-10
114 90 2.254888087342e-11 -2.963050560670e-10
115 90 -2.431298770583e-10 2.860875849977e-10
116 90 -1.041549647070e-09 1.238593576362e-09
117 90 -8.382060576788e-11 6.495418553334e-10
118 90 -2.001529858102e-10 1.148832779640e-09
119 90 -3.024038616044e-10 -1.839558475080e-10
120 90 9.197310077613e-10 -1.714823735072e-11
121 90 -1.256362979839e-10 -3.430898239951e-10
122 90 4.258550538047e-10 -9.381523972122e-11
123 90 -2.045271784607e-10 2.933119518578e-10
124 90 -5.786782439038e-10 1.528912469503e-10
125 90 4.833378700228e-11 7.723085981064e-10
126 90 -1.793811141399e-10 -1.218013376442e-10
127 90 -7.756698024241e-10 -3.877965896968e-10
128 90 -3.481157758525e-10 -1.141563620690e-10
129 90 1.393630761185e-10 -6.767890646137e-10
130 90 -9.248702813494e-10 -7.208536403315e-10
131 90 -5.244186293808e-10 8.137630818082e-11
132 90 2.112771145626e-10 -1.437991053529e-10
133 90 3.741142574915e-10 -2.092040846409e-10
134 90 -2.033581614845e-10 -5.110702340377e-10
135 90 3.625134265525e-11 1.892101407649e-10
136 90 3.544159292423e-10 -1.328421657801e-10
137 90 -7.364546389790e-10 -1.369176880986e-10
138 90 -3.601010671110e-10 -1.936930743586e-10
139 90 1.153790636397e-10 3.266840551799e-10
140 90 9.583619484415e-12 -6.214940072283e-10
141 90 2.673279382936e-10 2.278716159569e-10
142 90 3.739785959976e-10 -1.059677853942e-11
143 90 1.403825833714e-10 -7.648901435388e-11
144 90 -4.134547947558e-10 -4.046324505166e-10
145 90 -5.445825717287e-10 3.123514761378e-10
146 90 -5.136168570356e-10 -3.508103093065e-11
147 90 -9.297544605418e-11 -4.365176622457e-10
148 90 -1.199140355705e-10 -1.318323425728e-10
149 90 3.802547159078e-10 1.663257514068e-10
150 90 1.760493340733e-10 -1.350162536668e-10
151 90 2.997939025369e-10 3.950079533187e-10
152 90 3.072054395481e-10 4.478190357157e-10
153 90 9.185553235289e-11 -7.456549763412e-11
154 90 -9.209667671219e-10 3.596110307971e-10
155 90 -5.128904823006e-10 1.642372950005e-10
156 90 -1.670108477147e-11 1.381095822965e-10
157 90 -3.018941563437e-10 -1.552483304392e-10
158 90 2.276282169513e-10 -7.662617185315e-10
159 90 1.635746919453e-10 -4.654332147284e-10
160 90 9.428161494815e-11 1.232400976259e-10
161 90 1.622207171681e-11 -3.348934206753e-10
162 90 2.263338514325e-10 1.811188028239e-11
163 90 -2.951419692021e-10 5.040818654920e-10
164 90 -1.088174920885e-10 -2.543585633944e-10
165 90 -9.007077144830e-11 1.300163548190e-11
166 90 -5.635630483644e-10 -3.319568485629e-10
167 90 -6.656685110194e-10 3.568694386539e-10
168 90 4.405366625857e-11 5.466714616888e-10
169 90 3.047798305420e-10 6.133734415064e-12
170 90 1.325054956654e-10 -1.517178923114e-10
171 90 1.451462181684e-10 -6.959017534905e-10
172 90 -2.132479898777e-10 -2.248419397220e-10
173 90 -5.246040270582e-10 -3.872353801508e-10
174 90 -1.281723906623e-10 -2.108192122820e-10
175 90 9.907556304624e-11 1.576776201168e-10
176 90 -4.716474024888e-11 -2.490261685681e-10
177 90 3.151798172556e-10 8.374439648351e-12
178 90 5.013187117209e-10 -1.571406809462e-10
179 90 2.490326529941e-10 -7.933200488359e-10
91 91 -7.960477807253e-10 -6.429230367065e-10
92 91 -1.368925613112e-09 -1.920669690444e-09
93 91 -7.183398123566e-10 -1.142236532396e-10
94 91 7.335587602619e-10 1.755898490719e-10
95 91 1.201613426867e-10 6.341132920511e-10
96 91 5.132772548945e-10 -1.880684437388e-09
97 91 -2.942179489142e-10 -2.812779438523e-10
98 91 -8.651924786820e-10 -7.288252545064e-10
99 91 -7.020066087082e-10 -1.072856855118e-09
100 91 6.247985188658e-10 3.508296996880e-10
101 91 -8.658019135901e-10 -2.538383838104e-10
102 91 3.058532808480e-10 -1.038491459574e-09
103 91 -1.046080103452e-09 1.964479846182e-09
104 91 7.912261245071e-10 -6.509864276558e-10
105 91 1.467951028956e-10 -2.717591586492e-10
106 91 -2.495756187712e-10 8.405917468760e-11
107 91 -2.730634102378e-10 4.370645134544e-10
108 91 -7.218598763841e-10 -9.201994416390e-10
109 91 7.872980109834e-12 3.259832495760e-10
110 91 8.168208785568e-10 -4.623170593164e-10
111 91 7.618367761317e-11 7.744310101309e-10
112 91 -9.032849856761e-11 -8.492326427961e-10
113 91 1.239747168825e-10 4.244156619998e-10
114 91 6.196494892893e-10 7.399842368322e-10
115 91 -4.472608894603e-10 -1.927423554633e-10
116 91 -3.502806392716e-10 4.683550125896e-10
117 91 3.931830073471e-10 -6.140473554108e-10
118 91 4.600254094388e-10 -3.248104256302e-10
119 91 2.556644284178e-10 -2.001930290637e-10
120 91 1.434163549745e-09 -6.149124061660e-10
121 91 2.605399702065e-11 -3.392769983958e-10
122 91 -1.149962356685e-11 6.372445102203e-10
123 91 6.486158765776e-10 6.868998592040e-10
124 91 6.813323104800e-10 -2.375219328977e-10
125 91 -7.778543134157e-10 -6.369695448636e-10
126 91 -3.138180673917e-10 -5.132087202748e-10
127 91 -1.430127961272e-11 -5.179649231512e-11
128 91 -3.322756514489e-10 4.039718312686e-10
129 91 2.345088300452e-10 2.686679110366e-10
130 91 3.346358818033e-10 -4.222131674685e-10
131 91 3.109228804108e-10 -2.999583648145e-10
132 91 -7.636913236339e-10 -3.434008095341e-10
133 91 -2.731617218257e-10 -4.741783638092e-10
134 91 -4.765539267615e-10 -4.261383214375e-11
135 91 2.406267474582e-10 4.147742835683e-11
136 91 8.885774552198e-11 5.683441449049e-10
137 91 -2.690525972794e-10 -5.015184190189e-11
138 91 2.155626556696e-10 -5.308427133717e-10
139 91 -1.062946563407e-10 -5.831774636577e-10
140 91 -5.178725595314e-11 -3.283834701641e-11
141 91 3.723213902449e-10 7.174615737397e-10
142 91 3.919277498794e-10 4.903921065298e-11
143 91 2.538793443728e-10 3.386829286098e-10
144 91 -6.790984298886e-10 3.228799204098e-10
145 91 2.973000164523e-10 3.826471165621e-10
146 91 3.939738470613e-10 -1.809179439829e-11
147 91 -6.350124374669e-11 -1.526592846352e-10
148 91 -8.905422032233e-11 -2.159040259950e-10
149 91 -2.922525220466e-10 5.605690682284e-10
150 91 -2.871571672331e-10 2.818420985707e-10
151 91 4.970968312826e-10 4.515554881419e-10
152 91 3.750522638031e-10 4.736509056159e-10
153 91 1.813972688507e-10 -4.663557879237e-10
154 91 -3.736741219863e-10 -2.515729671939e-10
155 91 -2.697432458956e-10 -3.356061277356e-10
156 91 -5.169649873019e-10 -4.865409366303e-10
157 91 -3.307577802998e-10 -4.985948722380e-10
158 91 -1.204715609003e-10 3.009430277445e-10
159 91 2.820905608812e-10 1.179865625289e-10
160 91 1.147110868511e-10 -3.828779346134e-11
161 91 1.995103217399e-10 -2.741874367253e-10
162 91 -3.232344967318e-11 2.213050781157e-10
163 91 3.656016977619e-10 1.536768287847e-10
164 91 -1.622200949598e-10 2.169321976388e-10
165 91 1.836000267538e-10 -5.658848265556e-11
166 91 3.507635996063e-10 1.182156975666e-11
167 91 6.302447377661e-10 3.923737645990e-10
168 91 -5.843898279054e-10 -3.024059933404e-10
169 91 1.758839467799e-10 -2.549895800314e-10
170 91 1.058006762294e-10 -2.467209078784e-10
171 91 2.540311028295e-10 -5.271695118391e-11
172 91 2.505111188177e-10 1.792681991142e-10
173 91 5.329513859527e-10 1.806731809089e-10
174 91 4.116135883594e-10 -1.909073495679e-10
175 91 -1.630829126343e-10 2.296404924631e-11
176 91 -2.324990364092e-10 -3.229018475216e-10
177 91 -3.666496396397e-10 -5.396498884626e-11
178 91 1.968591728808e-10 8.622049550631e-11
179 91 -1.723987082011e-10 1.534278029358e-10
92 92 8.093968725354e-10 -1.416317125105e-09
93 92 -7.054248354297e-12 -1.503722586109e-10
94 92 -5.735338341035e-10 -7.307663179370e-10
95 92 1.163082397422e-09 -1.006247382743e-09
96 92 3.678534827855e-10 -1.520172410687e-10
97 92 1.074913077912e-09 3.788047756807e-10
98 92 1.629110448829e-10 1.892536458816e-09
99 92 5.371272162357e-10 -1.239513356290e-09
100 92 1.266242310649e-09 1.483678324796e-09
101 92 2.399715851207e-10 -9.364514841764e-10
102 92 -5.400812151436e-10 -9.310408194157e-10
103 92 -3.674507050270e-10 3.109958069088e-10
104 92 5.687754284067e-10 4.506617015400e-10
105 92 -6.362096534612e-10 8.093398370816e-11
106 92 -1.941737510008e-10 1.079403168852e-09
107 92 2.278159598000e-10 -3.320055523446e-10
108 92 -5.329721686843e-10 2.209103530744e-10
109 92 -1.072781161202e-09 -1.409856310699e-09
110 92 1.163221029104e-09 5.855073481657e-10
111 92 -8.760209058334e-10 -3.397136445564e-10
112 92 8.232283345656e-10 1.780643321099e-10
113 92 1.571341953128e-10 5.180426960271e-10
114 92 3.187223014940e-10 5.453104648652e-10
115 92 -1.249939413232e-10 -3.176716674895e-10
116 92 -1.014278625735e-10 4.852754331085e-10
117 92 3.994624283207e-10 -2.351037848434e-10
118 92 4.387044144944e-10 -3.745815865171e-10
119 92 -3.135359031111e-10 -3.234124983878e-10
120 92 2.424025442378e-10 -1.493705399582e-10
121 92 -3.824336681813e-10 1.104157582630e-09
122 92 -8.671911938172e-10 1.557638651630e-10
123 92 -7.589208040069e-10 -4.204046955514e-12
124 92 4.303260527871e-10 -5.548049566814e-10
125 92 -5.719854973382e-10 -4.810179207272e-10
126 92 1.402045731620e-10 -4.853371107618e-10
127 92 5.480202522300e-10 -5.964374040856e-10
128 92 5.081250494886e-10 -5.582603481636e-11
129 92 3.756351424363e-10 1.605192516935e-10
130 92 4.334601348591e-10 -7.156476917948e-10
131 92 -5.463141267017e-11 -4.578554141617e-10
132 92 1.034458972708e-10 2.002139886063e-10
133 92 -2.604083134304e-10 -5.491161382490e-10
134 92 -2.046719380195e-10 -6.353709901913e-10
135 92 -3.841705816131e-10 -3.235923266631e-10
136 92 -4.652899110105e-10 -9.023794234453e-11
137 92 -3.430359533989e-10 1.610125963480e-10
138 92 -5.898325385148e-11 -6.701863976668e-10
139 92 1.313031397908e-10 1.197708916009e-10
140 92 8.415655567809e-10 1.872911214289e-10
141 92 6.192543826330e-10 2.876054780149e-10
142 92 6.132938762356e-10 3.949585162231e-10
143 92 4.676790784716e-11 5.080241804962e-10
144 92 -2.271049674977e-10 2.531200555185e-10
145 92 -1.256441816627e-10 7.071910766830e-10
146 92 -2.831619281500e-10 3.600215663209e-10
147 92 1.341129757721e-10 -1.565144738046e-10
148 92 -2.618416994742e-10 -6.113485081356e-10
149 92 -2.184882457618e-10 -4.594461203960e-11
150 92 -4.866118099562e-10 -2.949372027012e-10
151 92 -1.079470353709e-10 -2.539080393100e-10
152 92 -4.509361660503e-10 -8.427622720014e-11
153 92 -1.025704429181e-10 1.255959178290e-10
154 92 1.659987523356e-11 3.837356913093e-10
155 92 2.804819741305e-10 4.615812267844e-10
156 92 1.940861608842e-10 1.594877891322e-10
157 92 9.757226249212e-11 -5.345789047503e-10
158 92 8.520449454082e-11 6.114428978689e-11
159 92 2.075107372806e-10 2.679837255675e-10
160 92 -1.601370632836e-10 2.588575088849e-10
161 92 -2.639030222360e-11 2.512447400664e-10
162 92 8.432075024096e-11 3.534054519288e-10
163 92 -2.323907239693e-10 -3.660490957665e-10
164 92 5.919081546919e-12 -2.275475944409e-10
165 92 3.385707203588e-10 7.319316962826e-11
166 92 6.049141519695e-10 5.739956369501e-11
167 92 -7.130893636203e-11 3.300461664781e-10
168 92 -5.935982045623e-10 -1.458458028474e-10
169 92 1.495844697368e-11 -1.527183554275e-10
170 92 -7.046641387367e-12 -7.429209587478e-10
171 92 -8.546274352245e-10 -3.653620928954e-10
172 92 -2.133581678305e-10 1.897960225903e-10
173 92 2.668853932324e-10 2.769516066046e-10
174 92 3.495213032058e-10 2.408475171601e-10
175 92 -3.946726578276e-10 4.053061697776e-11
176 92 3.313443455760e-11 -2.046171148552e-10
177 92 2.452269852701e-10 2.020471528090e-11
178 92 -3.169324271738e-10 -3.954317583075e-10
179 92 1.381801323100e-10 -5.353510008893e-10
93 93 -4.960971731667e-11 -2.351972338822e-11
94 93 -1.728814644332e-10 6.799621847039e-10
95 93 8.080276230145e-10 7.617147863656e-10
96 93 1.136361634870e-10 -3.698818243628e-10
97 93 -1.589631198917e-10 -1.407690441951e-11
98 93 1.599025364811e-10 4.706028670423e-10
99 93 -5.301812138784e-10 5.039874567622e-10
100 93 -1.055193788112e-09 7.584982532436e-10
101 93 1.504890797064e-09 8.973318859939e-10
102 93 7.474802489269e-11 -9.111972984648e-10
103 93 -5.792895838466e-10 1.732187971055e-10
104 93 5.153589207203e-11 2.252949738010e-10
105 93 -8.086986001312e-11 -2.398739153920e-10
106 93 -4.763454029771e-10 -1.199438810841e-10
107 93 5.859665937975e-10 1.945002898767e-10
108 93 -1.189714751593e-10 -6.696844074892e-10
109 93 -1.447387719030e-11 -3.770424242197e-10
110 93 -6.918562045970e-10 1.385077061628e-09
111 93 -4.226990066451e-11 5.499559616943e-11
112 93 -2.697269428554e-10 -1.295468493102e-10
113 93 4.805270275341e-10 1.798896375676e-10
114 93 4.498905709111e-10 1.226687378277e-09
115 93 -3.394038868480e-10 -4.372452368931e-10
116 93 -8.004423161142e-10 -7.407552723351e-10
117 93 -5.342692066636e-11 3.281237522121e-10
118 93 -1.591998318660e-11 6.708283605107e-10
119 93 -1.018120289590e-09 8.810674132451e-10
120 93 -2.380719630015e-10 7.478146660763e-10
121 93 -8.548231760621e-10 3.293022672685e-10
122 93 -8.472732892455e-10 4.022032362434e-10
123 93 -3.556994143944e-10 6.670179432623e-10
124 93 6.227956856512e-10 2.994344570353e-10
125 93 1.817969052286e-10 1.564962006362e-10
126 93 3.798163904720e-10 3.227652553204e-11
127 93 8.438121135123e-10 1.746394511038e-10
128 93 4.716454197308e-10 4.927480799826e-10
129 93 2.025489143113e-10 -1.960304594509e-10
130 93 5.388168601085e-10 5.689174251366e-11
131 93 -5.797952532697e-10 -1.137543021147e-10
132 93 -4.330047688460e-10 3.928647194952e-10
133 93 -2.557587830960e-10 -8.517143384487e-11
134 93 -3.936238976775e-10 -9.056546879334e-10
135 93 2.483892929233e-10 -9.105361298635e-10
136 93 1.730408720497e-10 3.221535792084e-11
137 93 -1.787414339416e-10 -7.123982901674e-10
138 93 2.131022060174e-10 -5.790163028343e-10
139 93 4.219574549393e-10 -3.927087308688e-10
140 93 1.018035908640e-10 -8.918686865411e-10
141 93 -2.373495072066e-10 2.913474266173e-10
142 93 -1.479323256589e-10 3.536332733567e-11
143 93 -4.341746434243e-11 4.703363669576e-10
144 93 -2.202470847642e-10 -1.012045684243e-11
145 93 7.234002213678e-11 1.390035611755e-10
146 93 2.712154501759e-10 4.678855208081e-10
147 93 4.039679290209e-11 -1.033813412975e-10
148 93 -2.856465013871e-10 -2.625116356431e-10
149 93 1.119574577806e-10 -2.192180341173e-10
150 93 4.532873361074e-10 -1.606815392924e-10
151 93 -3.524722868654e-11 -3.623679286244e-10
152 93 -2.420467269397e-10 -3.122343459849e-10
153 93 -4.820870668320e-11 3.198421826981e-10
154 93 -1.453770025080e-10 6.307052570854e-10
155 93 -1.618057017992e-10 6.838713664909e-10
156 93 3.557446618142e-10 3.515702688891e-10
157 93 4.650121211866e-10 -4.388410388483e-10
158 93 1.459849754733e-10 -6.142693750576e-10
159 93 -1.111957429646e-10 -2.216753555704e-10
160 93 -8.097783854720e-11 -1.353496015448e-10
161 93 -2.001776873994e-10 -6.116836288041e-10
162 93 -9.163090107951e-11 -1.185822238739e-10
163 93 -1.060088783357e-10 2.436349089070e-11
164 93 -1.165987447706e-10 1.824361013012e-10
165 93 2.904148147518e-10 -3.728670640507e-10
166 93 3.539418166075e-10 1.065084883334e-10
167 93 3.685413052937e-10 4.207438868836e-12
168 93 -2.947945052984e-10 -1.625914866190e-10
169 93 1.062378321358e-10 -9.716991983523e-11
170 93 -1.562562395237e-10 1.794544100058e-10
171 93 7.939909965144e-11 3.939739283840e-11
172 93 -8.796814095696e-11 -5.745376967794e-12
173 93 4.175694484048e-10 -2.677056712098e-11
174 93 2.078942444162e-11 1.225083164110e-10
175 93 -7.285081437673e-11 4.603446836724e-10
176 93 1.648013551257e-10 2.450662076317e-10
177 93 -5.468909126838e-11 -1.208637013882e-11
178 93 3.655070921320e-11 -7.262438230021e-11
179 93 6.500099221573e-11 -2.295785243861e-10
94 94 -6.184832962243e-10 -2.216758977220e-10
95 94 8.583357012161e-10 3.441625405371e-10
96 94 9.549114621546e-10 -2.312048271834e-10
97 94 -1.068152012927e-09 1.749795753093e-10
98 94 -1.616342603958e-09 -5.818031470073e-10
99 94 -4.800898511146e-10 -1.662329770492e-10
100 94 -3.267543037378e-10 -1.277447222123e-09
101 94 -1.204148378250e-10 3.580686612829e-10
102 94 -2.120352457265e-10 5.084911664221e-10
103 94 -7.308033758336e-10 -6.099046201474e-10
104 94 3.377589543286e-10 9.843619031060e-10
105 94 -1.721735389330e-10 7.782902305003e-10
106 94 1.661154547521e-10 -2.431950777733e-09
107 94 4.938970458806e-10 7.599597451526e-10
108 94 4.381917159476e-10 -1.288524315092e-09
109 94 -1.145159990147e-09 6.370253300803e-11
110 94 -4.456565825115e-10 -4.083673940541e-10
111 94 2.802175437321e-10 2.283934705661e-11
112 94 -9.663795343697e-10 -6.786159705007e-10
113 94 -9.201197519043e-10 -1.110067835739e-10
114 94 -4.905735243847e-10 -8.969491625910e-10
115 94 -4.043506137058e-10 -6.724997579111e-10
116 94 9.613735012950e-12 -4.613290740460e-10
117 94 -3.653599661806e-10 5.808740548169e-10
118 94 3.930747248700e-10 -1.178231475094e-10
119 94 -7.231429616767e-10 -4.173587482193e-10
120 94 -2.421438680113e-10 -6.933259254577e-10
121 94 -4.886344231782e-10 3.141845925369e-10
122 94 -9.336800237984e-10 -4.399268283147e-10
123 94 2.574198981010e-10 -9.485414859338e-11
124 94 -1.079354582836e-10 -4.521083084670e-10
125 94 -4.510345506885e-10 -4.140911126279e-10
126 94 -1.018562759422e-09 7.247201322708e-10
127 94 -2.975842109627e-10 1.058866346463e-09
128 94 -5.714339804173e-11 -3.779935783282e-11
129 94 -3.936941141387e-11 3.461190464717e-10
130 94 1.117435122933e-10 3.172583426802e-10
131 94 -4.043417337174e-10 -4.464655875355e-10
132 94 -3.666749979336e-10 -9.600463666044e-11
133 94 -2.295374431613e-10 -2.063378015034e-11
134 94 -2.257441593150e-11 3.608147074872e-10
135 94 2.779500723238e-10 -2.661453470103e-10
136 94 1.981399124886e-10 -3.075066145665e-10
137 94 5.712480877937e-10 -5.833275821396e-10
138 94 -4.676213090247e-11 -1.484219461063e-10
139 94 -2.636312174367e-11 -4.972117712837e-10
140 94 2.853302633408e-10 5.176277399051e-10
141 94 1.717379954907e-10 2.306049179154e-10
142 94 -1.589368423171e-10 5.509043227487e-10
143 94 -5.741021366112e-10 2.059761291114e-10
144 94 -6.544528658449e-10 -8.545849575884e-11
145 94 -2.962753536503e-10 4.966540821087e-10
146 94 -1.318758143625e-10 9.795556171945e-11
147 94 1.470683798604e-10 -1.191311295924e-10
148 94 -1.745727642147e-10 5.433768773805e-10
149 94 2.241319067651e-10 -9.945491537314e-11
150 94 3.917595892591e-10 4.011443700660e-10
151 94 4.713856385181e-10 6.065398891471e-10
152 94 2.151228260003e-10 -1.075378313021e-10
153 94 3.092262643159e-10 -3.357386864502e-10
154 94 1.571315654111e-10 -3.196341712119e-10
155 94 -3.294333921736e-11 -1.000327843755e-10
156 94 2.700221180380e-11 2.380938802431e-10
157 94 -9.413600542655e-11 -6.938069845638e-11
158 94 -2.961599400306e-10 3.283825622051e-10
159 94 2.629719714852e-10 3.841754572934e-10
160 94 3.792850267983e-10 5.080769178961e-10
161 94 2.515885009462e-10 -2.475997670475e-10
162 94 -4.750677602196e-10 1.933447999263e-10
163 94 -1.884528323240e-10 1.099076164567e-10
164 94 7.103119993569e-11 2.646685936491e-11
165 94 -2.730620778000e-10 -5.834692037445e-11
166 94 -1.801127523039e-10 2.983410460190e-10
167 94 -2.928755472788e-11 -2.787288539522e-10
168 94 2.992143675236e-10 -3.915671449954e-10
169 94 4.139207311326e-11 5.554486855300e-10
170 94 2.855772347951e-10 -2.978535024177e-10
171 94 8.684353956732e-11 -2.556636516101e-10
172 94 -1.291405684660e-10 -3.516968745507e-10
173 94 4.069902389598e-11 2.635024454591e-10
174 94 -2.653592194182e-10 5.595657983744e-12
175 94 -3.830428926055e-11 -4.398044040309e-10
176 94 -7.503045482003e-11 -4.641357464925e-11
177 94 -3.383606315408e-10 -1.712937456749e-10
178 94 -4.056981788778e-10 -1.014577628751e-10
179 94 -1.347518448668e-11 -3.458463996695e-10
95 95 3.330541647957e-12 3.151707218661e-10
96 95 -4.131130733253e-10 3.378623293395e-10
97 95 3.678652292428e-10 3.940883076978e-10
98 95 -1.969505909056e-10 4.566183380913e-10
99 95 5.536427398091e-11 -4.551305594393e-10
100 95 -1.863298563390e-10 -1.011706314702e-09
101 95 1.232146861553e-10 -1.155935365921e-09
102 95 3.653562514087e-10 8.792301100322e-10
103 95 -1.155070009313e-09 -3.466747823578e-10
104 95 5.192982471663e-10 8.042048594271e-10
105 95 -4.901713102119e-10 -1.485207239284e-10
106 95 5.527238163212e-11 -6.600982364413e-10
107 95 -9.036025661282e-10 6.577388456934e-10
108 95 1.087224253178e-09 -5.950607730600e-11
109 95 -6.684172203109e-10 -2.700566470185e-10
110 95 -8.840093693242e-10 -8.372270731428e-11
111 95 -1.676664959760e-10 -8.926438052758e-10
112 95 -8.388880419031e-11 -4.016469954253e-10
113 95 -1.641149093042e-09 -7.195617444644e-11
114 95 6.199338173910e-10 -5.865650154882e-10
115 95 -9.735561034157e-10 -2.140299316460e-11
116 95 1.330329351937e-09 -6.380332779393e-10
117 95 1.604325275614e-10 7.761600630711e-10
118 95 4.698355755646e-10 1.009178341395e-09
119 95 -5.822185575958e-11 -2.214480724086e-10
120 95 -2.411718176713e-10 -4.778491118383e-10
121 95 4.031984691175e-10 -6.592294861630e-10
122 95 2.980841503399e-10 -4.000269245919e-10
123 95 -6.558926634951e-10 -3.758880534274e-10
124 95 -5.220721097244e-11 -6.911655180124e-10
125 95 -1.726073897725e-10 -5.548072700987e-10
126 95 -2.310191770208e-10 -6.319933447054e-10
127 95 -1.206478136472e-09 7.017140977642e-10
128 95 -8.189015341544e-10 1.905154173552e-10
129 95 -4.075538485997e-10 -4.292370705341e-10
130 95 1.526635858642e-10 3.574548086936e-10
131 95 -2.472157800613e-10 1.657171392850e-10
132 95 2.198160663029e-11 -6.037934857541e-10
133 95 7.563870852169e-10 2.906672287522e-10
134 95 1.189401552829e-09 5.176585058888e-11
135 95 4.379935744498e-10 -6.091578527112e-10
136 95 -1.855670030565e-11 -7.655512979942e-10
137 95 -5.405292250250e-12 -4.801747024815e-10
138 95 4.074909013744e-10 -2.305251570540e-10
139 95 1.086917668119e-10 -4.616819223300e-10
140 95 2.630890698307e-10 -7.327378458858e-10
141 95 5.065925554889e-10 -1.709868748966e-10
142 95 1.351082466359e-10 -1.230756565615e-10
143 95 -9.773516228286e-11 5.211222866300e-10
144 95 -3.427611070187e-10 -7.647793040760e-11
145 95 -8.368714172231e-11 -6.720035727307e-11
146 95 1.351046860046e-10 -3.623242665051e-11
147 95 3.684284273080e-10 2.745338432014e-10
148 95 -1.450949372344e-10 -1.149989789690e-10
149 95 -9.135841196734e-10 2.175812349055e-11
150 95 -4.966670648497e-10 6.804244625608e-10
151 95 4.050070205899e-10 2.762980315880e-10
152 95 1.872627523034e-11 -1.111772792849e-10
153 95 -2.907561903580e-10 -2.061520967300e-10
154 95 -3.558417530826e-10 -2.312301468604e-10
155 95 2.979914465484e-10 -1.148810154569e-10
156 95 5.548889979468e-11 -2.736656853406e-10
157 95 3.259027636782e-10 2.471550395252e-10
158 95 -5.849032571015e-10 5.530945830480e-10
159 95 -6.301739662460e-10 4.243654070924e-10
160 95 -1.288524901632e-10 3.843875761961e-10
161 95 -2.344053678090e-10 1.353137438077e-10
162 95 -6.506545106681e-11 2.113132263291e-10
163 95 8.401246417729e-11 -3.683470268125e-10
164 95 1.021411633261e-10 -1.269480494685e-10
165 95 -3.612086920373e-10 -2.788584130913e-10
166 95 -2.055301129727e-11 4.425492263088e-12
167 95 -7.364340959250e-10 -4.401060945043e-10
168 95 -3.450246717601e-11 1.401124825327e-10
169 95 1.612087744189e-10 2.652636558825e-10
170 95 1.942362817223e-10 9.615969523428e-11
171 95 2.680585720703e-10 -3.791895733466e-10
172 95 2.241971316313e-10 -2.702315846861e-11
173 95 4.376662464837e-10 -1.835742027120e-10
174 95 1.338478150027e-10 -1.892368380661e-10
175 95 -3.006798283564e-10 -4.878638014845e-10
176 95 -6.130945775366e-10 3.154863955262e-10
177 95 2.232266775746e-10 8.270462721228e-11
178 95 2.397693301410e-10 -1.074031518109e-10
179 95 2.620561621375e-10 3.643059928311e-10
96 96 -2.146627192285e-10 2.690757453765e-10
97 96 -1.082921591983e-09 -6.148098602587e-10
98 96 -1.569553054920e-09 5.230885172240e-10
99 96 1.812404638634e-10 5.134075108624e-10
100 96 8.237638293424e-10 2.044909625122e-10
101 96 1.320551742513e-09 1.054917634718e-09
102 96 -7.135666357460e-10 -2.458909845356e-10
103 96 8.799425181189e-10 -9.024113114332e-10
104 96 -1.950414709808e-09 4.024496398889e-10
105 96 2.322686973941e-10 6.513409761160e-10
106 96 4.070846303090e-10 -1.150119368732e-09
107 96 2.971198448015e-10 -4.031990296441e-10
108 96 1.841367386578e-10 5.998576756354e-10
109 96 2.059747299422e-10 3.035034052735e-11
110 96 -1.227242220918e-09 1.681575797582e-10
111 96 3.723167878143e-10 1.271959777863e-09
112 96 -6.258895900839e-10 -2.132076312994e-11
113 96 1.094410746229e-10 -1.158252997004e-09
114 96 -7.759977474215e-10 1.484417008479e-10
115 96 7.685246133786e-10 -6.677879999078e-10
116 96 4.291426306927e-11 7.628981429426e-10
117 96 -5.748443784788e-10 9.130295994635e-11
118 96 1.824173990335e-10 -4.219770631995e-10
119 96 4.076022793873e-10 -5.311784453891e-10
120 96 -5.976988189124e-10 -5.984379048562e-10
121 96 -3.446746719310e-10 -6.074522170669e-12
122 96 5.951235419722e-10 -8.367002581381e-10
123 96 1.972132152130e-10 6.877178915059e-10
124 96 2.186638656692e-10 4.207489151533e-10
125 96 5.127578604948e-10 -3.292633115531e-10
126 96 -3.336638836124e-10 2.643995505085e-10
127 96 -3.135722437332e-10 7.397552475140e-10
128 96 1.238221578868e-11 5.329405991835e-11
129 96 -4.576824957191e-10 -7.517353525440e-10
130 96 -1.050281951106e-09 4.849321831025e-11
131 96 -6.153214284682e-10 -5.819585689003e-10
132 96 -1.020938600669e-11 -8.732872711018e-10
133 96 -4.930351370933e-10 2.660995246660e-10
134 96 1.118799208168e-09 5.879663837742e-10
135 96 -4.421347124848e-10 -1.975237901290e-10
136 96 -8.439810780580e-10 -6.188178395050e-10
137 96 -3.013907420698e-10 8.973708768768e-11
138 96 7.213090710623e-11 3.390142023674e-10
139 96 -3.149291310435e-10 -1.770479225757e-10
140 96 8.988936946229e-10 -2.766415964026e-12
141 96 2.890196278210e-10 -2.470056978396e-10
142 96 3.559721136099e-10 -3.420441800512e-10
143 96 1.058976097065e-10 -3.384773888337e-10
144 96 4.484765258683e-10 -4.685190685445e-10
145 96 1.232522368192e-11 -2.199369783311e-10
146 96 -2.329219188017e-10 -1.485587634656e-10
147 96 6.589869249066e-10 -5.927443119888e-11
148 96 6.321882357504e-11 -1.227459838748e-11
149 96 -3.859091626549e-10 4.422848733250e-10
150 96 6.011343203018e-10 7.097646639950e-11
151 96 1.592228543394e-10 -2.806503277725e-11
152 96 -1.049860628377e-10 -1.583187909205e-10
153 96 -2.232021220904e-10 1.525264460476e-11
154 96 -5.565235997445e-11 -2.618206128889e-10
155 96 -6.057766128090e-11 -5.138480492859e-10
156 96 -3.686057863378e-11 4.461523304420e-10
157 96 1.115317709868e-10 5.279338293915e-10
158 96 8.690580439167e-12 -1.713144724178e-10
159 96 -5.169913432308e-10 1.998215629948e-10
160 96 3.538118226494e-10 7.260014597050e-10
161 96 6.624013307276e-10 -1.434080596496e-10
162 96 1.077869920524e-10 -9.916014435041e-11
163 96 -1.543812554839e-10 -6.349501074277e-10
164 96 5.636924565382e-10 -2.097631516676e-10
165 96 2.776073356160e-10 1.021168325639e-10
166 96 3.119118477991e-10 -5.386262153052e-11
167 96 -3.381114519416e-10 -1.783182443968e-10
168 96 -8.238972397229e-11 1.957501270221e-11
169 96 -3.439163828491e-10 -2.723232033087e-11
170 96 -4.302063356124e-10 -1.341617438869e-10
171 96 1.241298231429e-11 8.412477513337e-12
172 96 -2.342013450411e-10 7.654466299170e-11
173 96 -2.917746426241e-10 2.395531329211e-10
174 96 3.781735049963e-11 -1.599389252458e-10
175 96 3.104256200957e-10 1.194010423719e-10
176 96 -2.089362560455e-10 9.605872963338e-12
177 96 -1.013250451311e-10 -4.782464436296e-10
178 96 3.193015636316e-11 1.024773390358e-10
179 96 8.257532173983e-11 -1.060028928076e-10
97 97 -8.528135548003e-10 -3.430508255315e-10
98 97 -2.350292155281e-10 -2.349803385558e-10
99 97 -1.265495269800e-09 8.081086389817e-10
100 97 8.406344069914e-11 -6.615120430901e-10
101 97 -2.093604898945e-10 3.145122450398e-10
102 97 -4.183590637141e-10 5.290006332442e-10
103 97 9.247302227688e-11 3.430126824084e-10
104 97 -1.994706472267e-10 -8.007226825020e-10
105 97 1.046933022287e-10 -8.739979707333e-10
106 97 9.148073616073e-10 7.140224689223e-11
107 97 -7.539130964144e-10 -2.725903931100e-10
108 97 4.762737405523e-10 5.293024209893e-11
109 97 1.338232935272e-10 9.373935537514e-10
110 97 -1.480941239155e-11 -1.524220675127e-09
111 97 4.481304513171e-10 9.790676479895e-10
112 97 2.012126755350e-10 3.575670841343e-11
113 97 3.173313709738e-10 -1.195046586572e-10
114 97 -2.597978952859e-10 4.456223991404e-10
115 97 1.310472689882e-09 1.383903128285e-10
116 97 -1.820370124842e-10 -7.610298632527e-10
117 97 -1.535177069342e-10 -2.084138131715e-10
118 97 -1.044305051135e-09 -8.942254535084e-10
119 97 -1.312827657440e-10 -6.921996581368e-10
120 97 2.843313227914e-10 -1.045394954596e-09
121 97 -2.497356968161e-10 3.735825680747e-11
122 97 3.220410775876e-10 -1.035532046487e-09
123 97 2.894774573193e-10 6.811412489929e-11
124 97 -9.005703591361e-11 6.942422863117e-10
125 97 6.932381622894e-10 1.064707866357e-09
126 97 1.543206335208e-10 4.863788236621e-10
127 97 4.657437151643e-10 -1.870966028451e-10
128 97 -4.462593632981e-10 -4.197922680792e-10
129 97 3.682464628832e-11 -8.030249381089e-10
130 97 -3.794646556931e-10 -4.672519640367e-10
131 97 -9.964230598641e-10 -9.906405507145e-11
132 97 -1.356052714875e-10 -8.859675174869e-11
133 97 7.109870600914e-11 -5.337373881917e-10
134 97 2.151664093130e-10 4.897555203968e-11
135 97 1.430020439429e-10 -6.912842349291e-11
136 97 5.742894328988e-11 -2.074644817858e-10
137 97 -1.137472099802e-10 -4.606511499417e-10
138 97 6.470331558426e-10 -5.190444812244e-10
139 97 -3.921793463317e-10 9.257680102668e-11
140 97 2.355037676436e-10 -4.816230852000e-10
141 97 4.152944256262e-10 -4.389121980946e-10
142 97 -4.800360812256e-10 5.511088845371e-10
143 97 -4.142929853224e-10 5.562357835987e-10
144 97 -1.065863816282e-10 3.081539646129e-10
145 97 -1.534415754381e-10 -1.445798605930e-10
146 97 7.523227596881e-11 -3.594986485249e-10
147 97 2.619302543630e-10 -1.831569213971e-10
148 97 1.961857569670e-10 -2.024865259251e-10
149 97 -7.270676584513e-11 2.351472298703e-10
150 97 -3.911533307546e-10 1.655548206305e-10
151 97 -3.436965477209e-11 2.386845483157e-10
152 97 -4.311201563251e-11 2.644137338281e-10
153 97 -7.733693815813e-10 1.586159621750e-10
154 97 -4.148051997284e-10 5.082777297706e-10
155 97 -1.311819344978e-10 3.277019103095e-10
156 97 1.986897212359e-10 3.866829805280e-10
157 97 1.695245679330e-10 2.323934292432e-10
158 97 -2.002905240131e-10 -4.779339902999e-10
159 97 3.398735114286e-10 -4.223892684348e-10
160 97 4.120384421872e-10 -4.618699978014e-11
161 97 4.118416393508e-10 -1.612355546678e-10
162 97 -3.573333305213e-10 1.394054639720e-10
163 97 -1.996506817096e-10 3.905936864619e-10
164 97 -1.315807321328e-10 4.963949815816e-10
165 97 8.105213161839e-11 -1.611922810989e-10
166 97 -8.757240746169e-11 4.660672025542e-10
167 97 7.706301877637e-11 3.171845160178e-10
168 97 -1.003551705108e-10 -2.548004979247e-11
169 97 -5.092548135080e-10 -4.461456363760e-10
170 97 -9.663718745117e-11 -4.744237135657e-11
171 97 -5.048089567213e-11 -3.188359680707e-10
172 97 -2.712553930999e-10 -4.542976749907e-10
173 97 -1.964273043527e-10 6.161532911763e-11
174 97 4.859550831992e-10 2.001153240799e-10
175 97 -1.194443118896e-10 2.548769809772e-10
176 97 -1.484885267774e-10 7.755919008079e-11
177 97 1.301887459656e-10 7.712412645134e-12
178 97 5.342557411217e-10 -2.804660011317e-10
179 97 1.665937232882e-10 -7.414913472808e-10
98 98 1.982651996738e-10 7.020112330023e-11
99 98 3.341371581449e-10 1.397120377921e-10
100 98 1.971162336766e-10 3.042033741928e-10
101 98 -8.957339266990e-10 -7.364991476509e-10
102 98 -1.222960952376e-09 -1.464703034719e-09
103 98 8.694536128740e-10 -9.023524594422e-10
104 98 1.517526786109e-11 2.051397195498e-10
105 98 -3.233195262623e-10 -3.744833323503e-10
106 98 9.267106864791e-10 2.337438773364e-10
107 98 -6.953380289638e-10 2.502093508966e-12
108 98 -7.737004732819e-10 2.644341054194e-10
109 98 -3.035051001506e-10 9.288526627171e-10
110 98 2.095087338758e-10 -8.387806760884e-10
111 98 1.823833263471e-10 8.613531312332e-10
112 98 5.297967289690e-10 1.174481857705e-10
113 98 -4.923304605194e-10 -6.668988130141e-10
114 98 2.607515905323e-10 -1.275596279635e-10
115 98 -4.908930390937e-10 5.944577514012e-10
116 98 -1.286992172983e-11 3.999997787016e-11
117 98 -1.184355324657e-09 6.613010068443e-10
118 98 4.791455446258e-10 -2.535924180040e-10
119 98 4.970778627589e-10 8.787112111813e-10
120 98 5.224271936670e-11 -2.608508314143e-11
121 98 7.350209227503e-11 1.687743187451e-10
122 98 7.943655672172e-10 6.202254577917e-10
123 98 1.097417459903e-09 6.270803097104e-11
124 98 9.896006008350e-10 2.118971439446e-10
125 98 -8.685201403124e-10 -4.569158021642e-11
126 98 -1.030295908335e-09 -6.953065628484e-10
127 98 -8.305666911843e-10 1.693677622648e-10
128 98 -3.325605384284e-10 1.197314698303e-11
129 98 3.583623905412e-10 4.198448243278e-10
130 98 -7.072020279743e-10 1.479427050603e-10
131 98 1.188376250530e-11 -2.182958888542e-10
132 98 3.926342285212e-10 3.677395266963e-10
133 98 -4.355429149759e-10 2.995117621353e-10
134 98 -4.895001012866e-10 1.712592139105e-10
135 98 -3.317036033383e-10 4.305671424617e-10
136 98 1.423252106691e-10 1.674134343650e-10
137 98 4.830013164896e-10 -2.096457884334e-10
138 98 6.353841321072e-10 -5.682611621810e-10
139 98 1.103476225464e-09 6.654345170592e-11
140 98 3.342530103765e-10 -3.107306109219e-10
141 98 1.898379576678e-11 -2.977589041096e-10
142 98 -2.106604145427e-11 -2.842418753785e-10
143 98 -3.645233313604e-10 -1.883625019879e-10
144 98 1.643912480801e-10 4.314063273042e-11
145 98 3.195207144254e-10 -1.121913798804e-10
146 98 3.462736764698e-10 -4.419054068371e-10
147 98 6.051948017475e-10 -6.128113732271e-11
148 98 4.152416318719e-10 6.117002846702e-10
149 98 4.302582018491e-10 3.418981924439e-10
150 98 3.078260418558e-10 2.198176459997e-11
151 98 3.418054756778e-10 -3.171854370418e-10
152 98 4.786695891401e-10 -1.132327302330e-10
153 98 -3.247442282251e-10 -1.108165874209e-10
154 98 -5.351830266804e-10 2.047546581219e-10
155 98 -4.357171358256e-10 3.179450186762e-10
156 98 -1.219768356607e-10 8.280298058426e-11
157 98 -4.180721779739e-10 -1.408816410551e-11
158 98 2.838201667111e-10 -4.869936372735e-10
159 98 5.821904655966e-10 -3.647778928424e-10
160 98 2.385955771039e-10 8.663492835848e-12
161 98 1.085365184792e-10 2.419842404462e-10
162 98 -1.546343636616e-10 -1.805924631354e-10
163 98 -4.561394139692e-11 -7.088820463720e-11
164 98 -4.028247698628e-10 3.416405773753e-10
165 98 -1.525751621271e-10 1.121395528312e-10
166 98 6.028746749150e-10 1.629660795247e-10
167 98 -1.218752189636e-11 -2.888550541867e-10
168 98 2.231503188253e-10 1.258686797862e-10
169 98 5.846207841923e-11 5.944063496774e-11
170 98 3.494833051624e-10 4.544557222386e-11
171 98 -3.191658466237e-10 -6.750942400307e-11
172 98 -6.077919675319e-11 3.959834112361e-11
173 98 -3.976598460019e-12 5.548544543288e-11
174 98 2.467179309836e-10 2.013561193820e-10
175 98 3.305997553929e-10 -6.532731730340e-11
176 98 -1.778270105179e-10 -4.904969664643e-12
177 98 -2.903150715287e-10 3.527310063415e-10
178 98 -1.485073839957e-10 -3.841450794964e-11
179 98 -1.405974074226e-10 -2.562258168777e-10
99 99 -8.751849584089e-11 4.004824198148e-10
100 99 5.331351625411e-10 2.822914379132e-11
101 99 4.617904320202e-11 -2.385630546853e-10
102 99 -2.918724222272e-10 -3.464119486365e-10
103 99 3.132037585993e-10 7.416731062248e-10
104 99 -8.185414686344e-10 4.268750935978e-10
105 99 8.636096941118e-10 5.333039579936e-10
106 99 -4.566769494717e-10 1.450177979902e-09
107 99 5.763414618760e-10 3.488022469377e-11
108 99 -1.152362357521e-09 1.402326148596e-10
109 99 9.211936967564e-10 -5.903816091705e-10
110 99 9.827954562391e-11 4.059084639365e-10
111 99 -7.192209778972e-10 4.537905890479e-11
112 99 -1.420924482902e-10 7.607688235937e-10
113 99 1.849657968807e-10 -5.752889958264e-10
114 99 -1.782600977016e-09 -5.691851178089e-10
115 99 6.994810423272e-10 -6.551707168574e-11
116 99 -6.967096012394e-10 1.263556399679e-10
117 99 -1.575464594876e-10 -1.109400711126e-09
118 99 -7.957549389844e-10 1.554226667859e-09
119 99 -2.063875296202e-10 -7.367243500716e-10
120 99 5.253042205703e-10 6.261254086871e-10
121 99 -4.240970777983e-10 6.691624891607e-10
122 99 5.273899383156e-10 1.031955460840e-09
123 99 9.195469775450e-10 3.012313805391e-10
124 99 2.808474616805e-10 1.365638869848e-12
125 99 -8.988840398361e-11 1.170053618544e-09
126 99 -1.461044933380e-10 -1.027250515670e-09
127 99 -1.437921575504e-10 -4.468310051760e-10
128 99 -1.337689632807e-10 2.931634590251e-10
129 99 3.595233886858e-10 -3.914161051234e-11
130 99 -3.023094071512e-10 5.254169751633e-10
131 99 -6.210657467477e-10 5.418696038275e-10
132 99 9.386236718389e-11 -3.471043822741e-10
133 99 -2.900184763563e-10 -8.122754640674e-10
134 99 -8.156261899912e-10 -2.047282432633e-10
135 99 -8.880888137892e-10 -6.796032581005e-10
136 99 2.663946816716e-10 -8.197821393938e-10
137 99 -1.081972630584e-09 -6.947072280958e-11
138 99 2.131725495824e-10 -1.543216977376e-10
139 99 1.824443078297e-10 -2.789903263514e-11
140 99 -4.861358056924e-10 -2.668156668296e-11
141 99 -1.758624116576e-10 3.578313587772e-10
142 99 2.205547102302e-11 -4.628348941846e-10
143 99 7.759180342675e-11 -6.450791760501e-10
144 99 9.331330389331e-11 -6.464296894272e-10
145 99 1.199365200476e-10 -3.247420066415e-10
146 99 1.636909243139e-10 -1.915035518001e-10
147 99 5.147849430760e-11 1.844950063686e-10
148 99 -2.814529584827e-10 1.044921601360e-10
149 99 -9.335093236109e-11 4.610617815329e-11
150 99 -7.385963397112e-11 -1.323404864420e-10
151 99 2.318435738542e-12 -1.258691606087e-10
152 99 -4.644374949254e-11 -1.728378334867e-10
153 99 2.140223528113e-10 -8.387063406830e-11
154 99 1.270597594557e-10 1.131056378497e-10
155 99 2.067413499998e-10 2.355522259524e-10
156 99 -2.918673595722e-10 -1.362995350382e-10
157 99 -3.038574347248e-10 5.579455317572e-10
158 99 -5.027606920912e-12 1.658258416845e-10
159 99 3.641875935820e-11 -8.937101469876e-12
160 99 3.792488358087e-11 2.561370029148e-10
161 99 4.248168814594e-10 5.355139022374e-10
162 99 2.784697130540e-11 4.064040048701e-10
163 99 -1.138757507901e-10 5.353621729646e-10
164 99 1.534131834316e-10 8.562602727113e-10
165 99 5.440623179664e-10 -1.819915517791e-10
166 99 1.821466293159e-10 -2.492063339111e-10
167 99 -2.084729250798e-10 -1.364153852381e-10
168 99 2.098974257998e-10 9.191602554420e-12
169 99 1.249359996521e-10 -8.443049576250e-11
170 99 -1.022431595832e-10 -2.020582866254e-10
171 99 -4.305533626168e-10 1.627158173721e-10
172 99 -7.150664431843e-11 -1.213803190910e-10
173 99 -4.271552710540e-10 2.559656548956e-10
174 99 -4.486957438943e-10 2.839746977155e-10
175 99 3.755704613638e-11 1.445137320839e-10
176 99 4.162051333121e-10 -8.840227843873e-11
177 99 -1.394064293018e-10 -1.274817229360e-10
178 99 -1.531329148068e-10 1.671091587217e-11
179 99 -1.733266636913e-10 1.019303222881e-10
100 100 6.937732863216e-10 1.414350011493e-10
101 100 -3.592279334123e-10 -1.939944000485e-10
102 100 6.001188671343e-10 -6.750871288132e-10
103 100 4.777691402927e-10 8.077253776215e-10
104 100 -1.569822834059e-09 4.564999872010e-10
105 100 -5.644183176231e-10 -2.763881288956e-10
106 100 -1.917172378442e-10 -5.652056356650e-11
107 100 4.225559212020e-10 -2.384598073663e-10
108 100 -7.960874974897e-10 -3.990545392022e-10
109 100 3.988492881979e-10 -5.824362868723e-10
110 100 8.399757427993e-10 4.110766666432e-11
111 100 -3.837220252627e-10 1.718914634000e-10
112 100 -9.288720206416e-10 -2.507682254970e-10
113 100 5.188463208681e-10 7.141930563151e-10
114 100 -1.189634806751e-09 -2.748847586373e-10
115 100 5.108122942585e-10 1.350563506111e-10
116 100 3.647356911490e-10 -4.064674970225e-10
117 100 4.851671121221e-10 -6.554030236573e-10
118 100 1.890983149981e-10 3.594450782797e-10
119 100 7.307642356242e-10 6.610076225314e-10
120 100 -4.590015039398e-10 -5.465337797431e-10
121 100 6.873753040020e-10 -9.681729281388e-10
122 100 -2.551459013259e-10 -7.620567691104e-10
123 100 -3.914120621320e-10 -7.494560201090e-12
124 100 -7.654428604668e-10 -5.640508318793e-10
125 100 -4.954290313417e-10 2.977842410421e-10
126 100 1.867601722239e-10 -2.822813578029e-10
127 100 7.870010770035e-10 8.602061082806e-10
128 100 2.164529149691e-10 5.306934665669e-10
129 100 2.846003557893e-10 2.930126428036e-10
130 100 -1.967701020028e-11 -1.464776460681e-11
131 100 -4.258168616887e-10 -2.887343953169e-10
132 100 -8.177848225935e-10 5.997701569119e-10
133 100 -4.088609970347e-10 -4.094161962523e-10
134 100 -5.541083765460e-10 -8.576535955217e-10
135 100 -7.885536472424e-10 -7.063051176314e-10
136 100 1.238429682078e-10 -6.383091378911e-10
137 100 -2.854313731484e-10 -3.360903238893e-10
138 100 -3.638328899040e-10 -1.470609083677e-10
139 100 -6.593241853531e-10 2.368133307251e-11
140 100 -2.805628660759e-10 5.779504301691e-10
141 100 -3.208671779853e-10 4.268870440843e-10
142 100 9.976613742914e-11 1.114051753209e-10
143 100 7.211652385728e-10 4.257531100385e-10
144 100 5.871150379446e-10 5.443272869104e-10
145 100 6.035329706297e-10 4.397194069836e-10
146 100 1.981715350705e-10 -1.729320807856e-10
147 100 -4.291583916973e-10 -1.927322971879e-10
148 100 -1.624884609882e-10 4.353724319421e-10
149 100 -5.186124319308e-10 2.649961278426e-10
150 100 -7.131010930882e-11 3.069752853729e-10
151 100 -1.511005625603e-10 3.454181961477e-10
152 100 -7.298833708102e-11 -9.045035572411e-11
153 100 3.831364504226e-11 -5.088153589010e-10
154 100 3.291985504881e-12 -1.610057281862e-10
155 100 -4.415200101838e-11 -1.405719449855e-10
156 100 -1.722044037120e-10 -6.250873411519e-10
157 100 -2.329894183012e-10 -4.625068417409e-10
158 100 -1.485614953390e-10 -1.041271748317e-10
159 100 -4.122153623190e-10 1.481447252763e-10
160 100 -2.481805501694e-10 2.100041925887e-11
161 100 1.155776575021e-10 2.971587511769e-10
162 100 4.629620493907e-10 9.517883819999e-11
163 100 4.977331169761e-11 -3.174828036110e-10
164 100 5.731904279003e-10 -2.165847268176e-10
165 100 4.591637442425e-10 -1.548380264752e-10
166 100 -3.803196967163e-10 -9.380968398932e-11
167 100 -2.541393752346e-10 -2.251647413444e-10
168 100 8.739025885246e-11 2.195651489181e-10
169 100 -2.049977026091e-10 3.518385383369e-11
170 100 1.453517941252e-10 7.072920789326e-11
171 100 6.256961438269e-10 -2.597536932984e-10
172 100 6.660913477795e-11 1.223900665064e-10
173 100 -5.220254265614e-10 -2.357789861777e-10
174 100 1.545013094126e-10 -9.080258099265e-11
175 100 2.110015214213e-10 -4.532728656757e-10
176 100 -3.550116780929e-10 3.837401184575e-11
177 100 -3.018203552056e-10 2.561304928621e-10
178 100 3.392709340548e-10 3.337789899126e-10
179 100 4.761424826408e-10 8.222306678569e-12
101 101 -3.359187252187e-10 7.843144297595e-11
102 101 -8.215857056238e-10 -1.237470433633e-10
103 101 -2.249501661298e-11 1.005259064048e-09
104 101 3.269698378092e-10 2.316616729216e-10
105 101 6.268781923226e-10 -9.736180040486e-10
106 101 5.858727484674e-10 7.960013795942e-10
107 101 -5.916985309123e-10 -5.284471901123e-11
108 101 5.284600996970e-10 -1.740002872793e-10
109 101 7.719680871846e-11 -9.920252358057e-12
110 101 1.234818540531e-09 9.404154266829e-10
111 101 -1.186108689798e-09 -2.722214732386e-10
112 101 -2.928268599435e-10 -6.318896047030e-12
113 101 5.042948715521e-10 -2.570085175079e-10
114 101 6.559771814428e-10 -5.378180788138e-10
115 101 -8.605990659780e-10 7.758724193209e-11
116 101 6.647246858347e-10 7.183156040031e-10
117 101 6.516367705920e-10 4.280675000153e-10
118 101 -9.300430145202e-11 5.722252211219e-10
119 101 1.687939063409e-10 4.294731909512e-10
120 101 1.102528611333e-10 1.487926479742e-10
121 101 -7.636803493687e-10 1.359712971108e-10
122 101 9.485652350336e-11 -7.248625220625e-10
123 101 -1.381207532837e-10 1.637598142445e-10
124 101 -1.240650911729e-10 -8.260294728827e-11
125 101 -1.047382970709e-09 -2.006690887392e-10
126 101 -1.156830308945e-10 2.008370494716e-10
127 101 5.658608782316e-10 5.091422772616e-10
128 101 -1.342965539311e-11 3.389718528551e-10
129 101 -6.087048651387e-11 3.655330728584e-10
130 101 -2.231188098258e-10 -6.445265514669e-10
131 101 -4.899282707165e-10 -5.931709151010e-11
132 101 -5.742624617197e-10 -6.931588569573e-10
133 101 4.181097615171e-10 -3.904279666948e-10
134 101 -2.804254084734e-11 2.460117150828e-10
135 101 -1.175483750253e-10 -1.187991281870e-11
136 101 2.708429885305e-10 1.792675474587e-10
137 101 -1.622116705596e-10 3.654702517673e-10
138 101 1.557796434356e-10 -3.693282544907e-10
139 101 1.984928360274e-10 -3.213437811922e-10
140 101 -5.686678517694e-11 -7.824507166749e-10
141 101 2.345632598045e-10 -1.521680855760e-11
142 101 2.653129378893e-10 1.458064928842e-11
143 101 5.484868431351e-10 -5.451873572779e-10
144 101 1.220575713041e-10 1.110170154858e-10
145 101 2.846787125329e-10 2.862027367992e-10
146 101 5.421396975675e-12 6.614024054588e-10
147 101 3.399126395355e-10 7.252534453459e-10
148 101 -1.310749254514e-10 2.660093250925e-11
149 101 5.704872338674e-10 1.252274467958e-10
150 101 1.934309288933e-10 1.401165049493e-10
151 101 1.579832709183e-10 -2.030397083450e-10
152 101 2.379021948121e-11 2.317922784333e-10
153 101 2.671358654104e-11 -8.549606373896e-11
154 101 -3.954423340333e-10 6.596210897053e-10
155 101 -1.684996606324e-11 7.573509163273e-10
156 101 2.997361187245e-10 1.274616169323e-10
157 101 2.508253271612e-10 -2.064658252893e-11
158 101 -1.018984750113e-10 2.003836178832e-10
159 101 -9.461686449739e-11 -2.704815885816e-10
160 101 3.937498645759e-11 -2.004830765436e-10
161 101 3.472363666665e-11 -2.267222891376e-10
162 101 1.750244537851e-10 -2.392679941955e-10
163 101 5.369994004688e-10 -1.722328344606e-10
164 101 2.183672671538e-10 5.430395180731e-11
165 101 4.071419071665e-10 -5.649733701781e-11
166 101 3.772674655845e-11 2.128126615138e-10
167 101 2.679747925426e-11 -1.408432062947e-10
168 101 -1.962080502015e-10 3.373818067563e-10
169 101 -9.803537970550e-11 -4.322152561885e-11
170 101 1.183522860909e-10 1.954258507201e-10
171 101 -7.898994765002e-11 2.898848360424e-11
172 101 4.413527727831e-10 3.868333384547e-10
173 101 -1.952611894141e-11 6.328197289881e-10
174 101 5.695037112033e-10 -9.443942770716e-11
175 101 8.655469555726e-11 2.512864059806e-11
176 101 -1.700507966028e-10 -7.453251440095e-11
177 101 -7.155241563226e-10 1.868071304663e-11
178 101 -1.609499363890e-10 2.769981985966e-10
179 101 1.971898125103e-10 3.382952626739e-10
102 102 -3.364152348501e-10 -4.273704425925e-10
103 102 -3.934810662542e-10 -2.556395581968e-10
104 102 -1.227884209543e-10 1.347231459042e-09
105 102 -2.461277287486e-10 -1.427321056225e-10
106 102 3.185159715173e-10 7.161232186299e-10
107 102 -3.109458126031e-10 8.523924556894e-10
108 102 -8.979002633285e-10 -4.035758777033e-10
109 102 -4.232937385623e-10 -4.099760386705e-10
110 102 -6.994515241209e-10 1.272089333644e-09
111 102 4.242392865839e-10 3.963446107538e-10
112 102 -1.537413232175e-09 7.768888846217e-10
113 102 1.182598989196e-10 6.729436992481e-11
114 102 5.160088795930e-10 5.201027257867e-10
115 102 -9.144685113912e-10 5.358066902464e-10
116 102 2.629535738859e-10 -7.258939755430e-12
117 102 2.257446211950e-11 -1.730501109062e-10
118 102 -6.737223772118e-10 6.319992335722e-10
119 102 3.881218933034e-10 2.604597664443e-10
120 102 6.771467901724e-10 6.169441765060e-10
121 102 -5.902038077892e-10 -1.018094483070e-09
122 102 -9.974684053369e-11 9.597332674623e-10
123 102 -2.745496411912e-10 3.174449015017e-10
124 102 5.726373828253e-10 1.054902098752e-11
125 102 7.679104246703e-10 7.199124796678e-11
126 102 5.415032769919e-10 4.553550773202e-11
127 102 2.826509890530e-10 4.123664307292e-10
128 102 -1.510171260446e-09 4.801388698372e-10
129 102 -1.255500946567e-10 -5.069218939058e-11
130 102 1.369980385154e-11 -1.923607054355e-10
131 102 -3.551394243709e-10 -1.084891788340e-10
132 102 1.333003107968e-10 7.553680039152e-10
133 102 2.601591354721e-10 3.293704221779e-11
134 102 3.713196952365e-10 -3.338202333989e-10
135 102 8.458061150763e-11 6.492021930535e-10
136 102 4.713830402936e-10 1.676616880242e-10
137 102 -7.290909638276e-12 -5.630407696442e-10
138 102 2.607190658381e-10 -2.952724865509e-10
139 102 -2.264955458192e-10 -4.871937659571e-10
140 102 9.924399352420e-12 -1.405475324858e-09
141 102 -5.213985674779e-12 -5.633081875775e-10
142 102 5.239471534428e-10 -2.300694210929e-10
143 102 3.723348718825e-10 -4.140608352843e-10
144 102 7.902643556909e-11 -3.767878234927e-10
145 102 -1.204242612267e-10 4.821289742617e-11
146 102 -2.952125921832e-10 -5.171794157796e-10
147 102 4.166333437826e-10 -5.147428925207e-10
148 102 -2.774705926589e-10 1.392514576675e-10
149 102 2.364474296641e-10 -4.577875953984e-11
150 102 6.391718932376e-10 4.133781577159e-11
151 102 5.355210064034e-11 -2.408037766651e-10
152 102 1.163231742029e-10 -2.651128534014e-10
153 102 -3.600459745069e-10 -1.282325133272e-11
154 102 5.304487452368e-10 -1.848346547911e-10
155 102 1.879394473356e-10 -4.418741179110e-10
156 102 8.391605979736e-11 1.318551843668e-10
157 102 8.287576066482e-11 2.752707743194e-10
158 102 -5.018954257859e-10 4.840483292990e-10
159 102 1.425886375601e-11 2.389781475487e-10
160 102 -1.564071855449e-10 1.081997822180e-10
161 102 6.215209357243e-11 -6.715243945335e-12
162 102 8.677977209334e-11 -4.918391372665e-10
163 102 2.251424183044e-10 -6.384434656112e-10
164 102 -4.462907859052e-10 -9.981932906071e-11
165 102 1.461331571845e-11 2.020686997567e-10
166 102 1.750987265805e-10 5.889213224063e-11
167 102 1.546511712068e-10 2.417788552536e-10
168 102 -1.694481633019e-11 3.854221455817e-10
169 102 3.395867910847e-10 4.213881712138e-11
170 102 3.547860662905e-10 -2.404288283545e-10
171 102 -8.861254454500e-11 -9.962002151034e-11
172 102 -3.602745984159e-11 -7.593034714775e-11
173 102 3.894726469810e-11 8.151510200165e-11
174 102 -2.934857276580e-11 3.647443422048e-11
175 102 1.587281421610e-10 5.012852722546e-10
176 102 2.218817760527e-10 -3.555888968090e-11
177 102 1.135742299781e-10 -9.084348414074e-11
178 102 1.149428668074e-10 -1.621505771038e-10
179 102 2.223015057631e-10 3.196179139036e-11
103 103 2.849357268970e-10 1.537101732813e-10
104 103 1.114274736023e-09 -2.778495224563e-10
105 103 5.617750165879e-10 5.609712553727e-10
106 103 -8.774079290974e-10 -4.648244159993e-10
107 103 -1.075398459715e-09 -2.459404445332e-11
108 103 -6.226906480374e-10 -1.447624491114e-09
109 103 3.866119135849e-10 2.870084034021e-10
110 103 -3.216117853382e-10 2.579924209223e-10
111 103 1.654093014413e-10 -3.246984075679e-10
112 103 -2.536113702684e-10 -5.298357342050e-10
113 103 -3.834831991204e-11 -9.643723040663e-11
114 103 -1.439704429158e-10 5.651038532519e-10
115 103 1.805263374837e-10 -5.025130550111e-10
116 103 -8.358589172252e-10 -2.781743337613e-10
117 103 5.108757173963e-10 -4.689876360914e-11
118 103 -8.729304137519e-10 -6.610200765936e-10
119 103 1.861093508054e-10 2.707339118423e-10
120 103 4.361147666785e-10 1.533455260628e-10
121 103 3.697415925491e-10 -1.902495302053e-10
122 103 -7.076351456353e-10 2.294259009188e-10
123 103 2.449655000484e-10 -1.714349609906e-10
124 103 -3.197821851424e-10 1.072384703100e-09
125 103 4.276790105728e-10 1.124658203985e-10
126 103 -7.111830285018e-10 1.084192331420e-09
127 103 3.962913427429e-10 2.876918568222e-11
128 103 -1.329567722632e-10 -3.555333587222e-10
129 103 -8.386142172461e-10 1.335277407137e-10
130 103 -1.019445838652e-09 8.706221195131e-13
131 103 1.657625762609e-10 5.874876927079e-10
132 103 3.073549443246e-10 -8.827503795581e-11
133 103 1.678279948668e-10 4.407439222800e-10
134 103 -2.291504521265e-10 1.544985582118e-10
135 103 -4.636383542199e-10 -3.595761720268e-10
136 103 -5.700891134615e-10 -1.523709254886e-10
137 103 -4.030549402391e-10 -3.539253739370e-10
138 103 -1.563228114366e-10 -5.005549312874e-10
139 103 -3.212759595916e-10 -1.666658091338e-10
140 103 -2.588776829267e-10 -6.315995047993e-10
141 103 4.501170176835e-10 6.468771647677e-11
142 103 8.776659645779e-10 3.007466734567e-10
143 103 -5.718642837463e-10 -5.213489767130e-11
144 103 -7.092263444252e-10 4.400400470649e-13
145 103 -1.927983934578e-10 -3.403090191578e-11
146 103 2.578397703582e-10 2.148600790813e-10
147 103 2.770803450052e-10 -3.266306615880e-10
148 103 3.044248162334e-10 -6.115889786018e-11
149 103 3.594937036371e-10 -2.262176956635e-10
150 103 -1.956827634238e-10 -1.275499400901e-10
151 103 -4.523247914182e-10 3.441329852264e-11
152 103 -5.124474854495e-12 -5.580461739785e-11
153 103 -4.959269791573e-11 5.261908475468e-10
154 103 1.213123150942e-10 2.837250536490e-10
155 103 2.041296465194e-10 1.260512295450e-10
156 103 3.100084348008e-10 4.670252758527e-10
157 103 -3.625173350003e-10 -1.210543642063e-10
158 103 -2.657671377815e-10 -4.469575139019e-10
159 103 2.811687750649e-10 -2.712964558463e-10
160 103 3.073911202077e-11 -2.148894425239e-10
161 103 -6.230281523648e-10 -1.713178339730e-10
162 103 -3.563827932391e-10 2.992381662986e-10
163 103 1.956350284606e-11 1.443969947900e-10
164 103 -2.068558312759e-10 -1.135051602681e-10
165 103 3.439901400421e-11 -3.221254741146e-10
166 103 5.271233757821e-10 -2.971170587397e-10
167 103 1.788559571252e-11 -2.432988405078e-10
168 103 4.643460131905e-10 3.832947932982e-11
169 103 2.803515011707e-10 -3.250053726610e-10
170 103 3.984825677481e-10 3.423336173329e-11
171 103 -5.100424769530e-10 1.378452698227e-11
172 103 1.133275796296e-10 -3.484924898518e-11
173 103 -2.120114198313e-10 -1.064499230374e-10
174 103 1.639962917102e-11 2.604214485279e-10
175 103 -3.808587620803e-10 1.756389181787e-10
176 103 8.050736241517e-11 -5.263365941346e-10
177 103 -1.518754255405e-10 -2.293746454910e-10
178 103 1.553339873396e-10 3.877148935541e-10
179 103 9.290041744416e-12 2.867021050850e-10
104 104 3.570529026016e-10 8.519886329108e-10
105 104 1.721649662220e-09 1.178489773948e-09
106 104 4.916511398498e-11 -4.672642709322e-12
107 104 7.867627115859e-10 -3.350547601421e-11
108 104 4.015876359338e-10 -3.255656971262e-10
109 104 4.324349217595e-10 -5.260064198060e-10
110 104 1.779195900667e-10 3.513855294070e-10
111 104 -2.330972811882e-10 8.724032325362e-10
112 104 1.965995214703e-10 -1.318623232596e-11
113 104 -2.521872755644e-10 -3.205367227582e-10
114 104 1.192163275154e-09 -1.770729194911e-10
115 104 2.835969195499e-10 -1.226962555857e-09
116 104 2.167929888169e-10 -4.495591502183e-11
117 104 5.171379775542e-10 4.240314308202e-10
118 104 -1.424052843102e-11 -1.097783990455e-09
119 104 -1.351419904361e-09 2.179988222722e-10
120 104 -3.035814298344e-10 4.283156247882e-10
121 104 6.154222890549e-10 -2.646044033855e-10
122 104 -7.002584239629e-10 1.708284061967e-10
123 104 1.334692140466e-10 -1.742950436655e-11
124 104 -1.555875864093e-10 -5.476042394511e-10
125 104 -5.282812733315e-10 1.691478338486e-10
126 104 -1.090908707551e-09 -1.686671268310e-10
127 104 -1.748786864143e-09 1.490210569459e-10
128 104 -5.656982402668e-10 -8.225202296919e-10
129 104 -2.995585194287e-10 7.181356902564e-11
130 104 -1.643570731435e-11 1.704762427686e-10
131 104 -7.719304602081e-10 -4.949132342914e-10
132 104 -5.282684836081e-10 -5.092295879054e-10
133 104 -1.343247532035e-10 3.022251630576e-10
134 104 -1.880101360920e-10 -5.299274693248e-10
135 104 -6.943355520662e-11 -2.586788111316e-10
136 104 -1.310847219562e-09 -1.945200029517e-10
137 104 -3.269289119922e-10 -5.151112082380e-10
138 104 -4.113451521914e-10 -3.347390604533e-10
139 104 -2.526837929549e-10 7.059255332126e-10
140 104 1.620723959148e-10 8.041961617147e-10
141 104 2.448560890999e-10 3.804351666249e-10
142 104 -1.390036326270e-10 5.867898376339e-10
143 104 -8.410816391424e-11 4.816835919228e-10
144 104 -2.268503393273e-10 -3.525431138901e-10
145 104 -2.130594509188e-10 -6.227113781204e-10
146 104 -4.004942626115e-11 -4.774422813129e-11
147 104 8.652279618706e-10 1.515607063824e-10
148 104 1.269918590077e-10 2.717678901203e-10
149 104 -3.508165546768e-10 -3.833849119425e-10
150 104 -1.090530561441e-10 1.276258628753e-10
151 104 4.794976440730e-10 1.755902608964e-10
152 104 2.943596495282e-10 3.625732339319e-10
153 104 7.704787618724e-10 -2.530943233882e-10
154 104 3.814577342600e-10 2.672355763721e-10
155 104 1.113784821928e-10 2.620762370054e-10
156 104 5.702765670492e-10 4.475951180258e-10
157 104 -6.161503405508e-10 1.878543262227e-10
158 104 -1.307573046335e-10 2.172050032431e-10
159 104 -7.124927475746e-11 3.428641874429e-11
160 104 4.021051245581e-11 2.078780299567e-11
161 104 -3.168852399215e-10 -2.624811993980e-10
162 104 -1.436547925190e-11 -9.834340765462e-11
163 104 1.209552994598e-10 -2.053634469465e-10
164 104 -3.074701312173e-11 -1.495972690741e-12
165 104 -1.068413409685e-10 8.894036185702e-11
166 104 1.930523899572e-10 4.608455357536e-11
167 104 1.289961713944e-11 -4.634157395708e-10
168 104 -1.505700069301e-10 -1.520208627302e-10
169 104 1.338370730697e-10 -1.593465554504e-10
170 104 2.161711501700e-10 -1.717742735177e-10
171 104 -2.611397833114e-10 -5.441637146769e-11
172 104 -6.027545129755e-10 8.992799368521e-11
173 104 4.939032889213e-12 1.867926231853e-11
174 104 4.829446099932e-10 1.655136429953e-10
175 104 -1.601604636115e-10 5.784274436534e-11
176 104 1.136581377372e-10 -5.307613208839e-10
177 104 4.899048151666e-10 -2.176274935085e-10
178 104 2.580968768518e-10 3.895109793010e-11
179 104 8.131055430473e-11 2.410776649034e-10
105 105 -2.209578639292e-10 3.489284277809e-10
106 105 -1.068604901843e-09 7.601052671028e-10
107 105 -9.215761672648e-10 -7.034819996664e-10
108 105 3.407834634784e-10 1.621220428853e-09
109 105 6.372070868698e-10 3.536157756450e-11
110 105 -6.406502231120e-10 6.780879291679e-10
111 105 -3.082396545583e-10 -5.444985516845e-10
112 105 -3.930308873981e-10 -2.872263018386e-10
113 105 -1.266065136853e-09 -1.156942833025e-10
114 105 -1.377032318477e-09 8.003088179751e-10
115 105 1.361359511495e-10 -1.445154398666e-09
116 105 3.712837289736e-10 1.736662547348e-09
117 105 -5.981322573791e-10 9.905248335340e-11
118 105 6.947600555747e-10 8.963122991760e-10
119 105 -8.460160594966e-10 -8.677468668680e-11
120 105 5.341740710624e-10 1.898951919895e-10
121 105 -3.690577797888e-10 -4.196502479548e-10
122 105 -7.883004510145e-10 2.499826614530e-10
123 105 -4.443277543312e-10 9.321857178634e-10
124 105 8.521775163572e-10 5.537445410221e-10
125 105 -9.469917808691e-10 -2.426682452921e-10
126 105 1.035525535985e-09 3.243905722449e-10
127 105 -6.529630216988e-10 -7.064882470757e-10
128 105 2.557496556512e-10 1.401190865543e-10
129 105 -3.066344070879e-10 -3.179142635652e-10
130 105 1.672040188565e-10 8.933202914521e-11
131 105 8.111526466777e-10 -4.917151579646e-10
132 105 -8.403348315199e-11 -2.977908779567e-10
133 105 4.469742847043e-10 1.450547140982e-11
134 105 -3.207083910668e-10 -4.243343768037e-10
135 105 -7.731630193443e-10 -4.743881576715e-10
136 105 1.370533510265e-10 -2.081033441095e-10
137 105 3.813262885950e-10 2.491326287993e-10
138 105 3.957280935921e-10 -5.848311102042e-10
139 105 6.094227176011e-10 -5.651750970557e-10
140 105 -1.125940449569e-10 -3.383011520216e-10
141 105 -3.153630900709e-10 -2.149566096708e-10
142 105 -5.689812703532e-10 -3.443400825162e-10
143 105 1.723239860937e-10 -1.446980891645e-10
144 105 2.950484787391e-10 -1.425610242616e-09
145 105 -4.556947634231e-10 -3.559103795058e-10
146 105 1.327633085824e-10 -3.962764424358e-10
147 105 5.057274734533e-10 -6.705631592099e-10
148 105 -2.652341063341e-12 -6.029631379078e-10
149 105 -1.817203834934e-10 -1.138891625692e-10
150 105 -4.158789438903e-10 1.771291918433e-10
151 105 2.006523490816e-10 -7.961855508741e-13
152 105 -7.056721414853e-11 2.753808415952e-10
153 105 -1.800540687479e-10 -5.867436319340e-10
154 105 3.357355395422e-10 2.225359298477e-11
155 105 1.418052811848e-10 8.728894916167e-11
156 105 2.948761884759e-10 4.110805072975e-11
157 105 -1.981937824449e-10 1.494444272704e-10
158 105 -2.712620877008e-10 -2.152970076892e-10
159 105 -5.096043848732e-10 7.364260230243e-11
160 105 1.149947520344e-10 -2.620037964683e-11
161 105 2.752917035186e-10 -2.518092176258e-10
162 105 5.373940533371e-11 8.478446438799e-11
163 105 2.219418332590e-10 1.992787351683e-10
164 105 3.774282052922e-10 2.797029713719e-10
165 105 2.201502684127e-11 -2.927801422006e-10
166 105 -1.575489572811e-10 2.866019544327e-10
167 105 -1.909265570022e-10 3.310342760380e-10
168 105 -1.493904483117e-10 -3.238131362732e-11
169 105 4.792535067295e-10 -2.011422768382e-10
170 105 8.692665767692e-11 -2.514325679374e-10
171 105 4.641476321057e-11 -2.438060539117e-10
172 105 2.470318848241e-10 -1.394234886825e-10
173 105 1.328542339038e-10 2.676975079385e-10
174 105 3.762611609926e-11 -1.199791548707e-10
175 105 -1.736506102240e-10 -1.020887205339e-10
176 105 -1.423721486665e-10 -2.498726136383e-10
177 105 3.288840924656e-10 -6.609929790853e-11
178 105 3.256317713194e-10 8.256280021810e-11
179 105 2.738793582331e-10 8.121457503349e-10
106 106 -4.886849531939e-10 -5.809695889623e-10
107 106 -1.670302651286e-10 -1.190553746070e-09
108 106 -6.260401905830e-10 2.492753211807e-10
109 106 -1.246004410466e-10 3.981201620103e-10
110 106 1.308163954674e-10 -3.735293977481e-10
111 106 9.023708227829e-10 4.983361763381e-10
112 106 -7.313042233402e-11 -6.786963506040e-10
113 106 3.580792029085e-10 -1.175571053750e-10
114 106 -3.838026893960e-10 -6.139589898812e-10
115 106 -1.522214623163e-12 3.461768964832e-10
116 106 -2.787351765493e-10 -6.408240605108e-11
117 106 -1.184432667396e-09 4.173858067223e-10
118 106 -1.941333226758e-10 -5.518461997826e-10
119 106 -2.690028091198e-10 -4.251654551382e-10
120 106 -2.260747534443e-10 1.650484202546e-11
121 106 6.429262784102e-10 4.121635326239e-10
122 106 5.497529313431e-11 -4.842100527936e-11
123 106 -5.130799985736e-10 -1.393194748044e-10
124 106 -1.755697433498e-10 5.323898710141e-10
125 106 1.263460533571e-10 -8.100023135937e-11
126 106 -5.675614231616e-10 3.332312752806e-10
127 106 -2.732192175830e-10 -8.741049195936e-10
128 106 -8.403137698040e-11 -4.453511920924e-10
129 106 2.905883758798e-10 -3.205911006294e-10
130 106 3.411390712303e-10 3.247849416735e-10
131 106 1.100239058337e-10 1.863450750523e-11
132 106 3.553582903531e-10 -8.201734792957e-10
133 106 2.303020256321e-10 -2.891136619484e-10
134 106 -4.595932202455e-10 9.952026628122e-11
135 106 6.277139004586e-11 2.193622829789e-10
136 106 3.185283846287e-10 1.031137902683e-10
137 106 4.372635059175e-10 -1.374822157097e-10
138 106 7.375926550416e-10 -7.706003220682e-11
139 106 3.312802652063e-10 -3.154106693592e-10
140 106 1.382880140410e-10 1.924284748372e-10
141 106 -1.994113863081e-10 -4.749466966448e-10
142 106 -4.550917701574e-10 -5.566962600047e-10
143 106 -4.114214646607e-10 -2.042038771168e-10
144 106 -6.116556185057e-10 -3.411038991781e-11
145 106 -4.505615436202e-10 -4.611724508451e-10
146 106 -4.229501778221e-10 -5.075041205785e-10
147 106 2.892398366617e-10 1.564780996573e-11
148 106 6.709832227189e-10 4.260119371084e-10
149 106 -5.121659990100e-13 -7.213792613290e-11
150 106 6.702217427425e-10 -8.813454680550e-11
151 106 -4.624596387110e-11 -1.158423454333e-10
152 106 -2.220022262654e-10 1.060308468925e-10
153 106 4.123535115753e-11 -6.352980903102e-11
154 106 1.679490567743e-10 -9.510290515360e-11
155 106 -4.291035942153e-10 2.475492472905e-10
156 106 -2.992522540853e-12 2.563667829992e-10
157 106 -1.048668770680e-10 2.081886762863e-10
158 106 -2.069006170295e-10 -1.715811589300e-10
159 106 -4.222921268916e-10 -2.031025984845e-10
160 106 1.700250192961e-10 -2.180802580585e-10
161 106 4.365214256905e-10 -8.850684595784e-11
162 106 4.493316687685e-10 -6.577828939743e-11
163 106 1.754672502542e-10 -1.866462279259e-10
164 106 2.820088421473e-10 -2.467124837503e-10
165 106 -3.874302513784e-10 -1.343924391834e-10
166 106 -3.332008485267e-10 1.144170694371e-10
167 106 -3.511108073963e-10 -7.077873356132e-10
168 106 -3.909841090684e-10 -4.084026420444e-10
169 106 -3.438575591891e-10 -7.219105576505e-11
170 106 2.764997155906e-10 4.725827338278e-10
171 106 2.401390751158e-10 2.879391369523e-10
172 106 6.573893453036e-10 3.127069175973e-10
173 106 3.402691413716e-10 5.351226192033e-11
174 106 3.280867180793e-10 -5.326391849272e-10
175 106 -3.258151127933e-10 -4.738791771483e-10
176 106 -3.030991605045e-10 -1.177383348272e-10
177 106 -4.931805227781e-10 6.900756210766e-11
178 106 9.922691996411e-11 1.599523652931e-10
179 106 1.630173435859e-10 7.940555231881e-11
107 107 -2.620657024268e-10 -3.685478133589e-10
108 107 7.554251029571e-10 6.936746440266e-10
109 107 -2.847510520381e-10 4.687436429490e-10
110 107 -4.360151264644e-10 -9.082858875266e-11
111 107 5.848214356005e-10 -5.247142699612e-10
112 107 1.169477023213e-09 4.467047331575e-10
113 107 1.911915938430e-11 7.923630333052e-10
114 107 1.938905592478e-10 -5.551661473281e-10
115 107 1.245601438623e-09 -3.454969452673e-10
116 107 6.224767881773e-10 -6.504203837626e-10
117 107 -2.098088848594e-10 -2.789141972631e-10
118 107 6.086880443976e-10 -1.914679253453e-10
119 107 1.936217073754e-10 -5.271181254809e-10
120 107 4.159339843648e-10 3.307361519721e-10
121 107 6.078811120900e-10 9.859448878532e-10
122 107 5.381780166352e-10 -1.387626513010e-09
123 107 -8.446161189058e-10 2.787845100081e-10
124 107 7.153492293759e-10 -6.893591590946e-10
125 107 6.953234858161e-10 -9.296402498654e-10
126 107 -9.872676242812e-10 -1.569035013078e-09
127 107 2.717436252022e-10 -9.466511853153e-11
128 107 6.118557297809e-11 -4.130442967219e-10
129 107 1.036413976708e-10 -3.447032404482e-10
130 107 -7.833719765581e-11 -7.911631978880e-10
131 107 1.956297622812e-10 4.452938906710e-10
132 107 -6.249300628779e-10 8.984695161366e-11
133 107 -7.377133212672e-10 2.412746559093e-10
134 107 3.281422541959e-10 2.912016138738e-10
135 107 -7.116305872801e-11 -5.959087749093e-10
136 107 -6.677423571844e-11 -5.730127386318e-10
137 107 2.490243804378e-10 7.401574727081e-10
138 107 -4.714959183873e-10 -4.102759061963e-10
139 107 2.083499354139e-10 -1.260092198531e-10
140 107 -7.685006772180e-10 8.484411836315e-10
141 107 9.393360767017e-12 6.325413331659e-10
142 107 -5.571640541132e-10 6.720199977882e-11
143 107 1.703314405765e-10 -1.349383927401e-10
144 107 2.494420589681e-10 -2.089213648224e-10
145 107 1.511213812969e-10 -3.472954058616e-10
146 107 -5.322249818157e-11 2.156375889104e-10
147 107 6.580534501658e-10 -4.713329910182e-10
148 107 8.570721601408e-10 -5.025006348898e-10
149 107 4.766203478971e-10 -1.617209893325e-10
150 107 -5.273150608614e-11 2.952537683909e-10
151 107 1.260367154797e-10 -3.790823614069e-11
152 107 4.128321303364e-10 -2.909611828404e-11
153 107 4.260893501851e-10 -7.910354200884e-11
154 107 1.593980770417e-10 2.054935283816e-10
155 107 7.833150283630e-12 -2.682558117016e-10
156 107 4.349615590918e-11 4.768259168455e-10
157 107 -2.523730391886e-11 4.588120532813e-11
158 107 2.169750865877e-10 7.084478154585e-11
159 107 2.004564709273e-10 7.304822285835e-11
160 107 6.627892809474e-10 -3.419061277181e-10
161 107 2.960878567489e-10 2.557041938102e-10
162 107 -1.946107235382e-10 2.261683554742e-10
163 107 -3.248116094990e-10 2.161259843242e-10
164 107 3.731188325882e-10 2.237077301885e-10
165 107 -1.143310064629e-10 2.797580142676e-10
166 107 1.155193274586e-10 1.101093694062e-10
167 107 -8.604347217052e-11 -2.063718274699e-10
168 107 2.988105504287e-10 -3.204543320875e-10
169 107 1.305067313888e-10 1.568908470826e-10
170 107 4.644344767675e-10 8.065415509388e-12
171 107 -4.456985853542e-11 -2.043140574546e-10
172 107 -9.522431398587e-11 5.199188737730e-11
173 107 -1.116311833042e-10 5.679698774052e-10
174 107 2.493457268221e-10 -1.017483920024e-10
175 107 5.044697535690e-10 8.230559632455e-12
176 107 2.608619955848e-10 -2.575408694412e-10
177 107 3.402481381956e-10 -8.880124498799e-11
178 107 -2.941019664931e-10 -3.418679092036e-10
179 107 -2.798560806873e-10 -1.415015702257e-10
108 108 -3.743578171476e-11 -2.513990108610e-10
109 108 2.897090319251e-10 7.629749504559e-11
110 108 6.344446451653e-10 -4.940824655693e-10
111 108 -3.526457510709e-10 -6.755125106012e-10
112 108 -3.328664262776e-10 8.636131182344e-10
113 108 -5.421919450832e-10 -7.713049116431e-11
114 108 -8.176198808941e-10 3.683064506668e-10
115 108 -2.794267852172e-11 5.297112091660e-10
116 108 -3.641752894293e-10 2.618330226204e-10
117 108 2.102719987821e-10 -1.220271277144e-09
118 108 6.165721911623e-10 6.255932724133e-10
119 108 2.028016624000e-10 -4.774523362630e-10
120 108 5.372395802716e-10 -1.581247140254e-11
121 108 -1.104935194834e-09 -1.119654200735e-10
122 108 1.143318561994e-09 -1.316464173959e-10
123 108 -6.827651708392e-10 -1.405754872309e-10
124 108 4.762601637761e-10 -2.782706730068e-10
125 108 7.779994860333e-10 8.272115790644e-11
126 108 4.524723312007e-10 -4.927205054596e-10
127 108 4.738635956041e-10 2.777014508656e-11
128 108 1.290091231570e-09 -2.040119407263e-10
129 108 2.209596964336e-10 9.402900138767e-10
130 108 7.048369404445e-11 2.513303369161e-10
131 108 -5.208753671739e-10 1.729403815270e-10
132 108 5.583139114146e-10 1.952306676624e-10
133 108 -4.086729026047e-10 3.788615874577e-12
134 108 9.593392679418e-11 4.874244841389e-10
135 108 -1.958944032699e-10 -2.970801867523e-10
136 108 -1.532561331120e-10 -1.325461551990e-10
137 108 7.189866729573e-11 -1.811973849299e-10
138 108 7.449550950257e-11 7.890332947406e-11
139 108 -5.817332317347e-10 8.324791999613e-10
140 108 -7.447450913241e-10 1.373180533098e-10
141 108 1.532218082854e-10 6.451901653992e-10
142 108 5.016697684542e-11 -2.610773356731e-11
143 108 5.980275272584e-11 -3.547171767029e-10
144 108 5.608766968706e-10 -3.544993772520e-11
145 108 1.235250149391e-09 -3.510548733095e-10
146 108 4.223760304697e-10 3.790251436667e-10
147 108 6.541443710774e-10 2.362781464449e-10
148 108 3.036338684262e-10 -1.620329102719e-10
149 108 1.813671754235e-10 4.492061898410e-11
150 108 8.783867607579e-11 9.933684037113e-11
151 108 -1.891686520977e-10 3.526917754286e-10
152 108 -4.565342180371e-10 -9.116051117385e-11
153 108 3.972927930183e-10 3.328508842378e-10
154 108 4.673316691116e-10 4.140617930292e-10
155 108 2.042368006616e-10 -3.349197832212e-10
156 108 3.601853258729e-10 2.766725488977e-10
157 108 2.910835341710e-10 4.624211383747e-12
158 108 1.887093545367e-10 -7.732220776307e-10
159 108 8.680600511791e-11 -1.003377103878e-09
160 108 4.424075387116e-11 1.684524781524e-10
161 108 -2.154430402277e-10 1.166459638385e-10
162 108 -2.725514616545e-11 -7.886376494224e-11
163 108 -4.079998870020e-10 -3.410877397561e-11
164 108 -4.529343339398e-12 -1.078907879698e-11
165 108 -1.378582926456e-10 -4.244775413648e-11
166 108 -3.897963976748e-10 -1.763241622972e-10
167 108 -1.074208038641e-10 1.628088600786e-11
168 108 3.913012439101e-10 4.915402152847e-11
169 108 -1.911506704740e-10 -1.600644506814e-10
170 108 -4.506200622439e-11 2.673123925000e-10
171 108 -1.562772217274e-10 -4.827737104093e-10
172 108 -9.080892394048e-11 -2.540604989556e-10
173 108 -3.073358648788e-10 -4.344664039372e-10
174 108 1.167364109863e-11 1.048415943243e-10
175 108 2.626626373964e-10 6.495194658231e-11
176 108 3.368659909368e-10 3.191801052172e-10
177 108 3.841585992383e-10 4.624617700037e-10
178 108 1.642785616465e-10 1.453569176207e-10
179 108 -1.426858072240e-10 -3.263557610519e-10
109 109 6.921077604967e-10 4.681333667499e-10
110 109 6.879219389542e-10 1.907615494712e-10
111 109 8.074565672780e-10 -5.762206049557e-10
112 109 2.940398595483e-10 -3.023391296525e-10
113 109 -4.082546522678e-10 -1.871853993530e-10
114 109 -1.342709548677e-09 -1.182047954889e-09
115 109 7.422530059283e-10 4.854600809449e-10
116 109 -4.274599203578e-10 2.477843914063e-10
117 109 -6.996011993779e-10 -2.953093626333e-10
118 109 -3.860641295791e-11 1.715838091930e-10
119 109 2.263741324657e-10 -3.962014161909e-11
120 109 -8.183311925898e-10 -1.237702440016e-11
121 109 -2.936680871687e-10 7.964832242173e-11
122 109 3.256298026496e-10 3.472593957148e-10
123 109 2.670205376366e-10 -5.339894360833e-10
124 109 -5.318239523047e-10 1.117637668190e-09
125 109 9.524172248396e-10 6.922432592588e-10
126 109 5.764567834327e-10 6.673723962753e-10
127 109 -3.400738963821e-10 2.346902762434e-10
128 109 -3.223134558572e-10 1.377426964780e-09
129 109 2.202158998695e-10 -2.839420273064e-10
130 109 1.164491286463e-10 1.262121968034e-09
131 109 6.750287421226e-10 -2.099393753712e-10
132 109 1.533839472956e-11 5.256453323983e-10
133 109 -2.561182394468e-10 -2.328644545438e-10
134 109 1.983119336094e-10 -3.416832413519e-10
135 109 4.589547149443e-10 1.512099019392e-10
136 109 3.901801320014e-10 -1.919444051006e-10
137 109 8.576724976022e-11 5.913500779756e-11
138 109 2.272045756880e-10 4.082537989392e-11
139 109 6.204734047534e-10 2.091326748851e-10
140 109 5.283559835685e-10 2.892715204181e-10
141 109 -4.412800981003e-10 6.207596645959e-11
142 109 -4.092032141284e-10 -5.382214418145e-11
143 109 9.143333569960e-11 -6.741176506022e-10
144 109 -2.261664128153e-10 -4.386299487415e-10
145 109 -5.044251698016e-10 5.908147069595e-12
146 109 -4.070718769706e-10 -1.322638374426e-10
147 109 -9.553537638001e-10 -2.251871772796e-10
148 109 -3.745638392215e-10 -1.828206638179e-11
149 109 -2.552443697079e-10 -1.055770128889e-10
150 109 -5.419507868579e-10 2.081601568422e-10
151 109 -4.286684695131e-10 4.076698849976e-10
152 109 4.714254307528e-10 -4.371279863212e-11
153 109 3.223984738908e-10 3.704775783745e-10
154 109 -3.478866897625e-10 3.068485171423e-10
155 109 -5.739998765162e-10 4.152395691512e-10
156 109 -1.496714451102e-10 -9.061338774750e-11
157 109 -1.446090317990e-10 1.202995704374e-10
158 109 -3.341197506224e-11 -4.070554722668e-10
159 109 2.336962236261e-10 -3.473786104745e-10
160 109 2.031333922851e-10 2.636954910495e-10
161 109 -1.911072731255e-10 4.303240552575e-10
162 109 5.184980796721e-11 -9.418479668380e-11
163 109 -3.414488537966e-10 1.967513443295e-10
164 109 -4.031939227394e-10 3.683436849929e-10
165 109 -4.501329147080e-10 1.882699874386e-10
166 109 -4.433469943416e-10 -3.950036065583e-11
167 109 -4.971788670426e-11 5.384669676899e-11
168 109 2.992074731969e-10 -3.715154428159e-10
169 109 4.873858450977e-11 -3.416162250497e-10
170 109 4.936743334350e-12 -8.332550134784e-11
171 109 -2.426446538081e-10 -3.787786976872e-10
172 109 9.381182023055e-11 -2.917748707800e-10
173 109 3.384915346529e-10 -1.901779653892e-11
174 109 3.957477662300e-10 -2.984506454584e-10
175 109 -1.302089516262e-10 -4.032369011362e-10
176 109 -5.551883827724e-11 -6.336414438359e-11
177 109 -8.139995418011e-11 1.466809960751e-11
178 109 9.876674341632e-11 -2.132413464497e-11
179 109 2.439226826030e-12 -1.261971606782e-10
110 110 -2.876738221378e-10 3.874551266606e-10
111 110 -8.610435730771e-10 -2.100209869164e-10
112 110 -4.486738543994e-10 -2.362654661273e-11
113 110 -3.483144439197e-10 -3.674809822179e-10
114 110 1.281333932269e-09 -1.829995718197e-10
115 110 4.120096721624e-10 4.689033240478e-10
116 110 6.403888071270e-13 -4.566101425821e-10
117 110 5.354295055577e-10 -3.250468389225e-10
118 110 8.634652685030e-11 -2.455745306613e-10
119 110 -1.686488758684e-10 1.669864210215e-09
120 110 -2.726450896157e-10 -3.102915166627e-10
121 110 -6.135808183998e-10 -2.377671913686e-10
122 110 1.118867911254e-09 -3.220926205293e-10
123 110 -8.227001774880e-10 1.133059838372e-10
124 110 -2.787060059477e-10 -5.371494894809e-11
125 110 -2.398713039239e-10 1.430691091998e-09
126 110 9.115804013588e-11 -1.878933387140e-10
127 110 -7.558132213943e-10 1.124113247516e-09
128 110 -7.191406170621e-10 2.446149582640e-10
129 110 1.787806997024e-10 1.152329552260e-10
130 110 -8.281444290597e-10 -2.331041322918e-10
131 110 5.664446226850e-10 8.618931506220e-11
132 110 2.657471898782e-10 -2.217249561875e-10
133 110 -2.233978218934e-10 5.965684494675e-10
134 110 -8.304308561081e-10 1.143384617526e-11
135 110 2.682427742764e-10 -1.834702553282e-10
136 110 1.727390021766e-10 -2.515167790386e-10
137 110 -3.797599871128e-10 5.832784375103e-10
138 110 -1.330548125870e-11 7.010223155785e-10
139 110 -6.209970664440e-11 2.252895732758e-10
140 110 -4.579162767315e-10 -5.962576116159e-10
141 110 4.524546990963e-10 2.518835712769e-10
142 110 4.855958309641e-11 2.880800886878e-10
143 110 4.017445197622e-10 -6.729053107634e-10
144 110 -3.304881119283e-10 5.224115798229e-10
145 110 1.157701626459e-10 -2.651412473188e-10
146 110 4.930002112713e-12 -8.409050890703e-11
147 110 -4.542918440380e-10 -4.236818445188e-10
148 110 2.835180698228e-10 1.566883486420e-10
149 110 3.095206468192e-10 -5.004365743195e-10
150 110 4.924104423898e-10 -6.266480588743e-11
151 110 1.157748416542e-10 6.716536460861e-10
152 110 3.410179357286e-10 4.252047675681e-10
153 110 3.037476458311e-10 -3.053048630435e-10
154 110 4.112771145278e-10 4.976556628647e-10
155 110 5.473442111688e-10 6.353106574119e-11
156 110 -1.678940701451e-10 -4.906717339596e-10
157 110 1.319777790212e-11 -2.600398026697e-10
158 110 5.713000843824e-10 -3.470855778247e-11
159 110 2.166381182505e-10 -1.170951652857e-10
160 110 3.867409810342e-10 4.965459245814e-10
161 110 7.648415153806e-11 2.889523896714e-10
162 110 8.274222022799e-10 -4.215739314644e-11
163 110 3.032950753305e-10 9.227054844977e-11
164 110 -1.859390815667e-10 -2.501838494890e-10
165 110 -3.083994179253e-10 -4.495410133700e-12
166 110 -2.740738975710e-10 5.911362706792e-12
167 110 -2.061241063492e-10 -1.410016153789e-10
168 110 1.235204050435e-11 -1.015061535592e-10
169 110 -6.318364658373e-10 2.170789920646e-10
170 110 -1.343006955769e-10 -1.366342419477e-11
171 110 5.499868188245e-11 1.881379037270e-10
172 110 1.324826486442e-10 -1.283348450288e-10
173 110 -2.596710357790e-10 3.245023976590e-10
174 110 4.518447994893e-10 3.184906635653e-10
175 110 -1.841327633929e-10 3.382426974766e-11
176 110 -9.191951667236e-11 -3.001669055180e-10
177 110 -3.977682846651e-10 4.936626775473e-12
178 110 -6.018675748829e-11 8.278605002838e-11
179 110 2.362851029266e-11 1.632298616399e-10
111 111 -3.456115237884e-10 -5.234625465534e-10
112 111 -6.766775089363e-10 -7.465213832758e-10
113 111 -1.486653568411e-10 -1.257372108222e-10
114 111 5.192996737089e-11 -1.016393900593e-09
115 111 -1.055684669892e-10 -3.175918698301e-11
116 111 -2.086701759719e-10 8.511664507009e-10
117 111 7.945184694091e-10 -4.692408053073e-10
118 111 4.650994345603e-10 -3.399034635219e-10
119 111 1.137107989079e-09 -2.681359746339e-10
120 111 2.209428055066e-10 2.468887963132e-10
121 111 -2.924822281834e-10 -1.906882767203e-10
122 111 3.088141825985e-10 2.674746059581e-10
123 111 1.942658245753e-10 -4.859984772874e-10
124 111 2.445217275169e-10 -5.143617138724e-11
125 111 -9.349778092219e-10 2.513282576997e-10
126 111 5.409129637639e-10 3.918535450203e-11
127 111 -3.252077398177e-10 3.453299864980e-10
128 111 -3.767733442517e-10 7.647526752196e-11
129 111 2.133782016049e-10 -4.386812989552e-10
130 111 4.257728385125e-10 -3.288077355726e-10
131 111 -6.595596781986e-10 3.961145160392e-10
132 111 -1.052783031506e-10 -4.964392611567e-11
133 111 -3.109743427612e-10 7.426451660466e-10
134 111 -1.907832672306e-11 2.078612720672e-10
135 111 -1.668542623059e-10 4.735913620704e-10
136 111 1.402939084015e-10 5.988033535310e-10
137 111 -6.184954292482e-10 6.658570293594e-10
138 111 -9.868417307785e-11 2.207194687443e-10
139 111 1.578195899563e-10 1.029554652545e-10
140 111 -3.012605007710e-10 -1.422765523216e-11
141 111 -8.563219296897e-10 -2.769138840137e-10
142 111 -1.621383983159e-10 -5.446663719186e-10
143 111 1.425776664367e-10 5.638439528502e-10
144 111 -8.201481364560e-10 5.004070201811e-10
145 111 3.162034163990e-10 5.671635069373e-10
146 111 9.781542160695e-12 3.204715052956e-11
147 111 1.049175347886e-09 -1.570465890506e-10
148 111 1.129912125266e-09 3.941022767632e-11
149 111 -3.283086289768e-10 -4.150740699577e-10
150 111 -6.147713900469e-10 -3.220588913733e-10
151 111 2.359163790819e-10 -2.943821462444e-10
152 111 2.584022348905e-10 -1.405689586638e-10
153 111 -3.842452595037e-10 -8.404977378536e-11
154 111 -8.431695070904e-11 -2.759006262603e-10
155 111 1.101144223808e-10 -4.095655716091e-10
156 111 -1.305352039784e-10 5.356832618565e-11
157 111 3.379631542302e-10 2.771778985638e-10
158 111 5.368024390167e-10 5.248548953881e-10
159 111 4.843104219454e-10 5.551328733625e-10
160 111 -1.043585182984e-10 8.384989539093e-11
161 111 3.187235366912e-11 7.982879354364e-11
162 111 4.311400574665e-10 3.335318082233e-11
163 111 7.354959770748e-11 -3.312696321379e-10
164 111 -3.959346838796e-11 5.974512709605e-11
165 111 1.817568565679e-10 2.115869853327e-10
166 111 4.755897460042e-10 -2.003353074878e-11
167 111 -3.137524570695e-10 7.534140080970e-11
168 111 1.615167763187e-10 1.332464935740e-10
169 111 4.293966699578e-11 -1.425282647922e-10
170 111 -2.343050514742e-10 -1.423978725822e-11
171 111 8.965303796052e-11 3.991938386670e-10
172 111 4.272522270070e-10 2.232956614153e-10
173 111 -1.059718265369e-10 5.416643210066e-11
174 111 -9.710647339623e-11 -7.734698392562e-11
175 111 2.388627102868e-11 -1.307661795266e-10
176 111 4.128379511823e-10 -2.016981701205e-10
177 111 -1.358607571745e-10 -1.580943747629e-10
178 111 3.032272736062e-11 -3.415033758687e-10
179 111 -1.808318858849e-10 -4.504919742889e-10
112 112 1.690016588839e-10 -5.426280362021e-10
113 112 5.131648316760e-10 6.036011806561e-10
114 112 5.916148901909e-10 4.642388649809e-10
115 112 2.593679735058e-10 -1.722484593362e-10
116 112 -3.221776808950e-10 -1.101880483900e-09
117 112 3.420549591430e-10 -1.304339928309e-09
118 112 -1.030106726622e-09 2.782975039705e-10
119 112 -5.427183425619e-10 -4.863634711491e-10
120 112 -4.000980422662e-10 -3.936199151940e-10
121 112 6.371582041861e-10 -2.342663966991e-10
122 112 -2.784650482977e-10 2.045068008906e-10
123 112 5.887423271316e-10 -3.756933786131e-10
124 112 1.964851913800e-10 -2.944018390616e-10
125 112 -1.137400264689e-10 1.472485589272e-10
126 112 1.187146262395e-09 -5.622825101588e-11
127 112 -1.683713873304e-10 -1.270970725856e-09
128 112 -3.566378898409e-10 3.259842769119e-11
129 112 5.399698608770e-10 -1.005335739830e-10
130 112 4.200987465138e-10 -2.565821957734e-10
131 112 -4.418126449895e-10 2.388728449685e-11
132 112 4.662795819833e-10 4.311127433909e-10
133 112 2.350247388190e-10 -4.456742467110e-10
134 112 -4.547929011673e-10 2.877182734157e-10
135 112 -5.282063188759e-10 -2.025026724691e-10
136 112 6.456698886753e-10 3.037805941316e-10
137 112 -3.392181892474e-10 3.945827104105e-10
138 112 -7.855028868966e-10 4.325092695356e-10
139 112 9.516308751411e-11 9.892465170231e-11
140 112 -3.564439578818e-10 4.494535195070e-10
141 112 4.802624238799e-10 4.884727979777e-11
142 112 7.986767802555e-11 3.291625139064e-11
143 112 -2.031600156308e-10 1.259050651689e-10
144 112 3.986692069221e-10 -4.172812001428e-11
145 112 2.931332252015e-10 -1.583615621363e-10
146 112 5.396033326286e-10 -7.580524188377e-11
147 112 2.594450203644e-10 -2.352103457835e-10
148 112 -1.011050446220e-10 1.657642883228e-10
149 112 -6.779388386148e-10 -8.221067663665e-11
150 112 2.336428731213e-10 -4.452328511916e-10
151 112 -3.107851093665e-10 2.832388920383e-11
152 112 -3.961818223334e-10 1.691502218245e-11
153 112 2.182824098182e-10 -8.786229258199e-12
154 112 4.222668070177e-10 -2.814293672087e-10
155 112 -2.053045548196e-10 4.643232023777e-10
156 112 3.380474412724e-10 1.769548648730e-10
157 112 5.955015587083e-10 1.991854344200e-10
158 112 -2.371694683894e-10 3.876552778296e-10
159 112 1.744776764681e-10 1.317770324190e-10
160 112 -2.816038841033e-10 -5.388194399759e-10
161 112 -1.476856650919e-10 -5.663219369002e-10
162 112 5.079969911283e-11 -2.191159782180e-10
163 112 -5.386602711063e-11 3.387073598789e-10
164 112 -1.175434596750e-10 1.230855495981e-10
165 112 -1.575449778886e-10 2.667199293460e-10
166 112 2.581624548076e-12 4.753725280831e-10
167 112 3.092460953539e-11 2.916588283925e-10
168 112 1.954364407133e-10 1.795577548897e-10
169 112 -2.913438705989e-11 -1.709743577196e-10
170 112 -1.589680540782e-10 -9.295083397240e-12
171 112 9.606812149361e-11 4.496811345512e-10
172 112 -2.011467722582e-10 2.033652967279e-11
173 112 -5.281156765798e-10 -1.656170478347e-10
174 112 -5.865999374755e-11 1.058398389850e-10
175 112 3.828363979707e-11 9.701271980650e-12
176 112 -6.932926117591e-11 3.560667186847e-10
177 112 8.419280671640e-11 2.625562071371e-10
178 112 2.487431734987e-10 -1.015384157315e-10
179 112 1.761623395101e-10 -2.179166630286e-11
113 113 2.353467713604e-10 4.787706625303e-10
114 113 8.558406915785e-11 1.330078586010e-09
115 113 1.337779688830e-11 3.847356088731e-10
116 113 3.235047007984e-10 3.405521633559e-10
117 113 8.566112144935e-10 3.472437429502e-10
118 113 8.196332267187e-10 -6.562420063036e-10
119 113 -1.655760337511e-10 -1.824525642899e-10
120 113 6.130194162105e-11 9.445160931123e-11
121 113 -2.186420324580e-10 1.948410306432e-11
122 113 -9.932366986089e-10 -5.561917098273e-10
123 113 2.677224166584e-10 6.858437853711e-10
124 113 -2.591592777954e-10 -1.870224039916e-10
125 113 -2.149889207858e-10 2.783369675908e-10
126 113 1.432203292784e-10 -7.424702688599e-11
127 113 6.016047043369e-10 -6.896936235665e-10
128 113 1.843218550372e-10 -5.582651260757e-10
129 113 -1.377337719994e-11 7.765512521694e-10
130 113 -1.667582023886e-10 -4.373727951833e-10
131 113 1.299784072892e-10 4.420435438898e-10
132 113 -9.971853372372e-11 -3.326167432313e-10
133 113 1.236608530049e-09 -9.874959695322e-10
134 113 1.671522059079e-10 7.800121433432e-10
135 113 9.394099206422e-10 -1.358573860881e-10
136 113 -6.577811776737e-10 -3.276529258549e-10
137 113 3.132389370817e-10 -5.547084361214e-10
138 113 1.419611646582e-11 2.136339501647e-10
139 113 -6.178682307024e-10 5.265477662836e-10
140 113 -8.960403649331e-11 -7.296460226552e-10
141 113 -5.915880349707e-10 -4.811140891672e-10
142 113 8.483029741718e-11 2.413882423318e-10
143 113 1.074767871814e-09 4.326246828998e-10
144 113 -1.539594698785e-10 -4.158569482636e-11
145 113 2.067148174600e-10 -5.475880924734e-10
146 113 2.634721044460e-10 5.681847163852e-11
147 113 2.545296221532e-10 -3.238584368492e-10
148 113 -3.981556532867e-10 8.504922832118e-10
149 113 -5.674822842963e-10 2.050210102735e-10
150 113 2.369275008640e-10 -1.867228230221e-10
151 113 2.637611081569e-11 1.811082512874e-10
152 113 8.247132337370e-10 7.073053349206e-10
153 113 -2.041947651987e-10 4.251304978358e-10
154 113 -2.877803414004e-10 -5.936952284141e-11
155 113 -1.672426477889e-10 4.789495254869e-10
156 113 5.300532015047e-10 8.161209752237e-10
157 113 -2.904380322508e-10 8.862246454918e-10
158 113 -3.753522370373e-10 5.385803208620e-10
159 113 1.109175516348e-11 -1.050736124784e-10
160 113 -9.194151374264e-11 -2.625455394864e-10
161 113 -1.671878246809e-11 -5.606271361709e-11
162 113 3.550790846928e-10 1.570110460803e-10
163 113 5.373476383054e-11 1.641645566699e-10
164 113 5.096629333082e-10 -7.687566163624e-11
165 113 -2.191853833123e-10 2.045803531772e-10
166 113 1.835245463615e-10 1.210682112745e-10
167 113 1.745800480817e-11 4.868465768920e-10
168 113 2.322693353223e-10 1.664959591244e-10
169 113 2.077960101212e-10 2.296050139233e-10
170 113 2.474837949684e-10 -1.872317127293e-10
171 113 -1.210630771610e-10 9.534790458804e-11
172 113 1.070978563722e-10 -1.919109598231e-10
173 113 -2.995434960911e-11 -4.112939855207e-10
174 113 1.539672792548e-10 -5.837330195248e-10
175 113 3.538290100888e-10 1.447315787863e-10
176 113 -6.647081320146e-11 -1.022782954312e-10
177 113 -1.672916616079e-10 1.574864464732e-10
178 113 -3.132931417211e-11 -1.314622934278e-10
179 113 -1.802092997603e-11 4.537202652318e-10
114 114 4.499256627060e-10 1.540745764093e-10
115 114 -5.765598387594e-10 2.374279790338e-10
116 114 -3.394320295178e-10 -9.971227265877e-10
117 114 1.463049563032e-10 5.094435595770e-10
118 114 -2.300848925050e-11 1.042273872648e-09
119 114 -7.283696181978e-10 5.308766332676e-11
120 114 1.018115830261e-09 2.594351750658e-10
121 114 2.804081031822e-10 6.634171931970e-10
122 114 8.593181666734e-11 3.292717594119e-10
123 114 -7.873888713452e-10 -4.796789769171e-10
124 114 1.909217811777e-10 -7.363583823691e-10
125 114 -3.135578601140e-10 -7.203684793303e-10
126 114 -1.323770289408e-10 9.082946614951e-10
127 114 4.441216078199e-11 2.841832862636e-11
128 114 8.225693712198e-10 -2.765199509097e-10
129 114 -6.604978182395e-10 1.169730190984e-09
130 114 4.729073626194e-10 4.673378043780e-11
131 114 -3.776729763676e-10 7.196996576956e-11
132 114 -4.193719693775e-10 5.067225639896e-10
133 114 8.695893819745e-11 4.009127672502e-10
134 114 5.265231476100e-10 -5.369693648003e-10
135 114 -4.736962336506e-10 6.351370274514e-10
136 114 -2.258974640288e-10 -3.933470539930e-10
137 114 -7.671643754175e-11 3.754603181203e-10
138 114 7.841742530322e-11 -2.076425779170e-10
139 114 -2.153982912289e-10 3.179018542162e-10
140 114 -8.187453195348e-11 -2.993117905905e-10
141 114 -4.652890615314e-10 -2.753404790670e-12
142 114 -4.984054869980e-10 7.752575883121e-10
143 114 -5.624123063183e-10 2.520726908261e-11
144 114 -3.607753073489e-11 2.819988596397e-10
145 114 9.349794867161e-11 3.807277100647e-10
146 114 -6.080779406572e-11 -1.730458590552e-10
147 114 -1.752816285831e-10 5.154560164116e-10
148 114 -7.244509605728e-10 3.556817071821e-11
149 114 5.642081290835e-10 2.392181001757e-10
150 114 1.124414678893e-10 -7.928604124491e-11
151 114 -6.828499031311e-11 -8.583715740486e-12
152 114 8.396681377449e-10 -4.916236464658e-10
153 114 4.282229545781e-10 -4.570877299468e-10
154 114 -4.253409338115e-11 -1.191402286267e-10
155 114 -3.300040236903e-10 1.654784627582e-11
156 114 -4.643989015904e-10 -4.700316782349e-10
157 114 -4.069031008970e-10 2.545964009866e-11
158 114 -5.778451030511e-10 1.042221980381e-10
159 114 -2.303868507268e-10 -2.933497900634e-10
160 114 6.219602590001e-11 4.487437719337e-10
161 114 1.401757727346e-10 7.386055094294e-10
162 114 1.104249132020e-10 5.143608808247e-10
163 114 4.485228998209e-10 1.687983929176e-10
164 114 -9.118465126228e-11 4.674566317332e-10
165 114 -7.121261619554e-11 5.093059321675e-11
166 114 4.164027720581e-10 -5.586834807040e-11
167 114 -6.819184116130e-11 -5.294404485650e-10
168 114 -3.765296913092e-10 -5.988711793695e-11
169 114 -3.057706876983e-10 -2.158832581946e-10
170 114 -2.879414795620e-12 -1.173525121683e-10
171 114 -3.366672287590e-10 5.073496137331e-10
172 114 4.325289364288e-11 3.172294977802e-10
173 114 2.485599567787e-10 -6.614572186869e-10
174 114 5.325216756244e-10 -4.938508525547e-10
175 114 3.392920857282e-10 -3.391028605426e-11
176 114 2.977909519689e-10 -4.190524822985e-10
177 114 2.962883020139e-11 -1.532614945009e-10
178 114 1.664496219403e-10 2.280720438884e-10
179 114 6.349748796763e-11 1.176286494948e-10
115 115 2.335241487199e-10 -1.445119539663e-10
116 115 -5.661656576141e-10 -7.136531298337e-10
117 115 -5.633049025102e-10 -3.283616645585e-10
118 115 -3.250347239354e-10 -1.609387538795e-10
119 115 -7.518053460357e-10 -4.980049607144e-10
120 115 -1.755267367079e-10 4.992744567199e-10
121 115 2.403019648300e-10 -2.352845451206e-10
122 115 -3.983783248990e-10 -3.923636302846e-10
123 115 1.204368886515e-09 -1.385371123791e-10
124 115 -3.845190534454e-10 -1.330733609516e-10
125 115 4.471254371904e-10 1.937593120519e-10
126 115 -9.782373471648e-11 2.755504580560e-10
127 115 3.587985197002e-10 -6.512813433420e-10
128 115 -4.572468798162e-10 -9.520707650711e-11
129 115 -4.137679985229e-10 5.162300334208e-10
130 115 7.228814243962e-10 6.492645231400e-10
131 115 -1.130370691848e-10 -4.364865849292e-10
132 115 -3.841789446656e-10 4.362387112360e-10
133 115 -2.566588711456e-10 3.840883420435e-10
134 115 -1.892876878272e-10 -1.840853423381e-10
135 115 -8.645749797619e-10 5.463323929904e-10
136 115 9.366521021872e-10 4.270613003867e-10
137 115 9.333312913347e-10 -1.308172739028e-09
138 115 6.978238447823e-10 4.181153161051e-10
139 115 -6.835800565293e-10 5.703523620434e-10
140 115 2.811346452444e-10 -7.187825267823e-11
141 115 1.686264307139e-10 -4.787244069557e-10
142 115 1.436095431441e-10 -1.344701414290e-10
143 115 1.328036948813e-10 -8.920291861564e-11
144 115 -4.399715143105e-10 -2.112189547183e-10
145 115 -6.011879311736e-10 -4.677965829042e-10
146 115 -9.451024069374e-11 3.073759411304e-10
147 115 -9.089847089625e-11 5.184614590382e-10
148 115 3.604726440657e-10 1.002233165245e-10
149 115 3.447921837378e-10 -2.743350025891e-11
150 115 6.933073433557e-10 -3.432323230211e-10
151 115 4.419333600494e-10 -4.120831124959e-10
152 115 7.969557344670e-11 -4.929403184284e-10
153 115 -7.727209812860e-10 4.929191470198e-10
154 115 -3.496903986775e-10 -5.440862433553e-10
155 115 -6.590951770335e-11 -4.685311260223e-10
156 115 -1.965195774616e-10 -1.784092337722e-10
157 115 -1.880694969410e-10 8.460594796841e-11
158 115 -2.112017406883e-10 -9.970667245169e-10
159 115 2.124927659051e-10 -4.359793468872e-11
160 115 7.744635754921e-10 4.207141511763e-10
161 115 7.394827851199e-10 4.895879489812e-10
162 115 -1.320697844209e-10 5.096126605335e-10
163 115 1.947890984154e-10 4.420451811418e-10
164 115 4.748642237592e-10 3.597747010621e-10
165 115 6.051759228291e-11 -7.465958906693e-11
166 115 -2.584106891592e-10 -1.934166197562e-10
167 115 3.078499296899e-10 -1.093491093460e-10
168 115 3.205574640450e-11 3.980336047861e-11
169 115 7.806252387942e-11 -1.114486442580e-10
170 115 -3.059687172019e-11 3.337612252687e-10
171 115 -4.987005560392e-10 5.219648268711e-10
172 115 -1.531182954536e-10 5.345038657544e-10
173 115 3.962237803351e-11 -7.780899880781e-11
174 115 -1.924786180206e-10 -1.402893306523e-10
175 115 -1.247716233645e-10 1.807155470890e-10
176 115 1.091995651588e-10 1.464003421374e-10
177 115 1.895100526790e-10 -1.328496891706e-10
178 115 9.604435649710e-11 5.722534418176e-11
179 115 -2.658152347351e-10 -2.647040361637e-10
116 116 -1.236853753954e-10 -7.127615683177e-10
117 116 -4.621624719577e-10 2.400654225405e-10
118 116 -2.452691303566e-10 -1.331535525207e-10
119 116 -3.117582786794e-10 -4.184772859689e-10
120 116 -1.532804843351e-10 -9.562809550666e-10
121 116 4.502269235290e-10 5.425724885979e-10
122 116 -3.678828339013e-10 -1.872969643879e-10
123 116 2.742899319371e-10 -7.997633378293e-10
124 116 6.447907215775e-10 -1.555478950460e-10
125 116 7.877418739859e-10 4.573182357796e-11
126 116 -6.645274830593e-10 -2.186797039162e-10
127 116 2.473958970565e-11 1.488763001246e-10
128 116 6.043278354190e-10 -2.692293263076e-10
129 116 4.276026977125e-11 -2.689032972305e-10
130 116 2.298594147717e-10 7.013475461298e-10
131 116 2.189516828127e-10 -7.227555830679e-10
132 116 -1.617011807679e-10 -1.032577689640e-09
133 116 3.164253230979e-10 6.167219345443e-10
134 116 4.550654288968e-10 -9.675502348043e-10
135 116 2.498592319052e-10 -2.271093747155e-10
136 116 -5.241616051182e-10 4.381627589422e-10
137 116 -2.615248004338e-12 7.537284643183e-10
138 116 -1.070865939521e-10 8.722119131822e-10
139 116 9.802054352360e-10 -8.105541245692e-11
140 116 -3.494781368864e-10 3.382992756297e-10
141 116 7.422569804897e-11 3.815186388652e-11
142 116 -5.642529329973e-12 6.475748177869e-11
143 116 2.037864004334e-11 3.465439084561e-11
144 116 3.621959400462e-10 -2.288304357322e-10
145 116 3.215014424364e-10 2.881987003293e-12
146 116 -4.658980869162e-10 -1.271961125522e-10
147 116 -1.818668939747e-10 -9.558281685110e-10
148 116 6.785522728038e-10 -2.104757314881e-10
149 116 4.804616651101e-10 -2.932747855794e-11
150 116 5.559063679435e-10 5.759897357672e-10
151 116 -5.771876799958e-11 -9.378958958131e-10
152 116 2.960394524912e-10 1.697752561480e-10
153 116 4.823105564418e-10 9.108166825829e-10
154 116 3.613857591857e-10 3.375849101684e-10
155 116 -4.512634698853e-10 4.875505964311e-10
156 116 4.275008300102e-10 1.511270297293e-10
157 116 4.474896152173e-10 2.974249960590e-10
158 116 1.748175393774e-10 -3.748370616502e-10
159 116 3.207179830388e-10 -5.906244516944e-12
160 116 6.159962560213e-10 -1.608282000382e-10
161 116 1.333758908826e-10 9.863300712744e-11
162 116 2.609250466328e-11 1.386788158029e-10
163 116 8.562932868565e-11 3.269822041904e-10
164 116 -1.941089682675e-10 1.073334965963e-10
165 116 2.284839446540e-10 -6.372394809590e-11
166 116 4.183852896109e-10 2.298161928989e-10
167 116 7.988147216007e-11 -1.426449051071e-11
168 116 5.006304771052e-10 -1.668411943364e-10
169 116 2.444286580285e-10 2.845053000052e-10
170 116 1.350601011010e-10 4.184708289454e-10
171 116 3.303561672868e-11 -4.466642177097e-11
172 116 -4.011904030869e-10 -3.154804180883e-10
173 116 -1.997659197738e-10 6.442861924683e-11
174 116 -1.997872022161e-10 -1.461703641445e-11
175 116 -4.741682356247e-10 3.218276545125e-10
176 116 -1.429771482444e-10 -1.442670367956e-10
177 116 2.626302153491e-10 1.581215950407e-10
178 116 -1.982062646948e-10 3.584336334525e-10
179 116 -1.714411313250e-10 3.340857061781e-10
117 117 -2.881876824213e-10 2.440183798441e-10
118 117 -7.299963113425e-10 2.972969532253e-10
119 117 4.138169293724e-11 5.373504345854e-10
120 117 -4.553909325752e-10 2.637153789300e-10
121 117 -1.799023520301e-10 1.333588366042e-10
122 117 1.030933471152e-10 5.348112068800e-11
123 117 -1.465025549250e-09 2.159876144815e-10
124 117 -2.084610529001e-10 6.578108689090e-10
125 117 -9.501956247834e-10 -6.418031670058e-10
126 117 3.022488230543e-10 -3.481754704953e-10
127 117 4.371609462137e-10 1.141290013541e-10
128 117 3.434110596886e-10 -6.804822803415e-11
129 117 -8.319810119182e-10 3.185413268467e-10
130 117 1.760883152323e-10 8.883266238889e-10
131 117 -7.763328305840e-12 6.856234872946e-10
132 117 4.331057179363e-10 -8.317142926184e-10
133 117 -9.672045240032e-10 -4.039211951186e-10
134 117 5.916780704020e-10 -5.427292661161e-10
135 117 -5.658952208660e-10 -5.898593261369e-10
136 117 -2.772538030319e-11 -1.199057885640e-10
137 117 5.821619895204e-10 6.566180310119e-10
138 117 -7.456591255818e-10 -7.362433464847e-10
139 117 -3.742119142081e-10 1.944680099951e-10
140 117 -3.304481589997e-10 -7.307405148898e-10
141 117 -1.557664164047e-10 3.075567843605e-10
142 117 -1.909729992016e-10 -5.217799289046e-10
143 117 -6.062754351965e-10 3.720831468519e-10
144 117 4.995661221264e-10 -2.204303870873e-10
145 117 2.306820681224e-10 -3.884867585653e-10
146 117 5.034707486291e-10 1.060405786304e-10
147 117 1.013609620717e-10 8.688292689970e-11
148 117 -2.661287204067e-11 -8.044968662492e-10
149 117 -2.017789891276e-10 -1.252365974840e-10
150 117 -3.179028956392e-10 1.294653231162e-10
151 117 2.101188460175e-10 2.750723650313e-10
152 117 -7.298851717756e-10 4.569871704774e-10
153 117 6.635155851480e-11 1.265505828652e-10
154 117 7.259744445815e-11 2.328536214618e-10
155 117 1.089238149840e-10 4.368902734131e-10
156 117 5.353367489470e-10 1.810568784458e-10
157 117 7.550916312038e-11 -6.182075222753e-10
158 117 1.754324165508e-10 -7.014008004237e-10
159 117 7.825129405366e-10 -1.655168534708e-10
160 117 -2.129345110861e-10 -3.284665055074e-10
161 117 -8.077299025684e-10 -2.643531295031e-10
162 117 -1.735162778510e-10 1.293465211513e-10
163 117 -2.028877701046e-10 2.989230260412e-11
164 117 -1.813768240233e-10 4.065271149322e-10
165 117 -3.681428412066e-10 6.115588127001e-10
166 117 -8.778154725424e-12 7.710070018145e-10
167 117 -3.322582454518e-10 1.292633052125e-10
168 117 5.125675596818e-10 9.851097695962e-11
169 117 4.274486932196e-10 3.924598372531e-10
170 117 2.087254435091e-10 2.849445510743e-10
171 117 -2.972344002910e-10 -3.529420532099e-10
172 117 1.047522131836e-11 1.073300056903e-10
173 117 -2.029021075512e-11 8.884992497794e-11
174 117 4.063078935594e-12 -4.989119213562e-10
175 117 -7.896408371845e-10 -1.114690798755e-10
176 117 -6.832853289149e-11 1.731621922540e-10
177 117 3.391093339363e-10 7.622653740200e-11
178 117 -1.996730140991e-10 -4.606529802214e-12
179 117 -2.355014802111e-10 -1.233053978198e-10
118 118 -1.881438244126e-11 7.813175668196e-10
119 118 2.875898765110e-10 -5.540576171927e-10
120 118 -1.525452873779e-10 -2.609636360469e-10
121 118 -4.274540205662e-10 1.578775123897e-10
122 118 3.664649398436e-10 7.752038830307e-11
123 118 -4.873808637356e-10 -1.426966930842e-09
124 118 7.758707029213e-11 -1.451547332639e-10
125 118 1.808093201771e-10 -1.281136520308e-10
126 118 -7.328118172283e-10 3.038463919225e-11
127 118 1.166955194213e-09 1.361382425118e-11
128 118 2.668574408419e-10 -1.385439952215e-10
129 118 2.075745292346e-10 -4.547829554803e-11
130 118 -6.344246420543e-10 4.319348107463e-10
131 118 -5.881321495566e-10 -6.468641066984e-10
132 118 -3.818124706128e-10 2.653543637659e-10
133 118 -9.442458363731e-10 2.316019907001e-11
134 118 7.888060023040e-10 4.022681359236e-10
135 118 2.300083113902e-10 -3.977928689543e-10
136 118 3.409855542982e-11 -6.086984362687e-10
137 118 -5.003575157727e-10 2.068347570039e-10
138 118 -2.750207631601e-10 -1.257152227480e-09
139 118 -1.986207250724e-10 -5.149438706485e-10
140 118 -3.691498388617e-11 1.758708488512e-10
141 118 -1.498008598520e-10 -7.121076231673e-10
142 118 3.263322771972e-10 -5.569577702740e-10
143 118 8.279791636937e-10 5.064393775125e-10
144 118 1.004976044533e-09 6.629014889238e-11
145 118 3.444145143549e-10 4.592900647756e-10
146 118 -3.282225441111e-10 5.431967657406e-10
147 118 2.999402005516e-10 -1.910620744309e-10
148 118 5.088087569562e-10 6.718381232351e-10
149 118 2.277202629994e-10 6.617473426704e-10
150 118 5.055931943228e-10 -5.882829714213e-11
151 118 -1.894410079765e-10 3.244600531889e-10
152 118 -2.747513411828e-11 -3.139162108796e-10
153 118 -6.797900378656e-11 3.849889658339e-10
154 118 3.744847270555e-10 -2.979578181556e-11
155 118 2.222613055437e-11 -2.193997895323e-10
156 118 -6.085661302411e-10 -9.458683256723e-10
157 118 2.558158942337e-10 -2.734243707885e-11
158 118 3.030419854534e-10 2.604921074993e-11
159 118 1.940100976892e-10 5.878730716339e-11
160 118 -3.542359162052e-11 5.110255962323e-10
161 118 1.083282844994e-09 5.347333935950e-10
162 118 3.874098715309e-10 -4.506026259632e-10
163 118 -1.028845662031e-11 3.266207678034e-10
164 118 -4.094812334198e-10 3.474320518407e-10
165 118 3.928110797176e-10 1.426861694371e-10
166 118 1.358095576928e-10 5.554395653695e-10
167 118 2.391311675502e-10 -7.804243747117e-11
168 118 8.027408977154e-11 -2.930018655800e-10
169 118 -1.491005371177e-10 4.924784948615e-11
170 118 -3.925384166924e-10 5.435302765624e-10
171 118 -1.856195881698e-10 -3.563313721676e-10
172 118 1.797653617259e-11 1.360422225866e-10
173 118 8.657900824567e-11 4.894004309847e-11
174 118 -1.463758978456e-10 1.461740542544e-10
175 118 4.912240426272e-11 -5.354810246264e-11
176 118 -8.600405845615e-11 4.614316251333e-11
177 118 1.806448111076e-12 2.055116426982e-10
178 118 -2.964357157591e-10 3.320806655572e-10
179 118 -1.403862881475e-10 -1.219769962995e-10
119 119 -1.274799780626e-10 3.704161786059e-10
120 119 9.711380308319e-10 -2.197274533458e-10
121 119 -9.134562943143e-12 -3.390242076406e-10
122 119 -7.621280601736e-11 -7.187328435044e-10
123 119 7.440716539720e-10 4.365679647259e-10
124 119 -1.712950996886e-10 -3.985582692811e-10
125 119 7.625278871617e-10 1.416117669360e-10
126 119 5.613728469526e-10 -1.288625432554e-10
127 119 -1.502300027105e-10 -7.379335915299e-11
128 119 -6.529757886666e-10 6.952704203693e-10
129 119 4.143237471317e-11 -2.030009259721e-11
130 119 3.633975261966e-10 -2.435743055480e-10
131 119 5.251545960659e-10 5.344165498893e-11
132 119 6.091206214330e-10 -2.522615263376e-10
133 119 -6.543503476510e-10 -9.324135607320e-10
134 119 -2.041117932647e-10 5.989052739757e-10
135 119 3.255194472894e-10 -1.762793391646e-10
136 119 -5.445289587467e-10 -2.594523637527e-11
137 119 3.743865699245e-10 6.658514660424e-10
138 119 2.789777023837e-10 -2.965620103564e-10
139 119 4.019845383635e-10 -3.824547047584e-10
140 119 8.701082986101e-11 4.549211426185e-10
141 119 4.301772121905e-10 -7.878149013331e-10
142 119 -2.533513546709e-10 2.176538666593e-10
143 119 5.407504058173e-10 -2.104176782717e-10
144 119 -1.913226904217e-10 5.224933144744e-10
145 119 2.128153612636e-10 5.154498318599e-11
146 119 -4.412985355378e-11 2.029937099889e-10
147 119 -4.194581005407e-10 4.536641599007e-10
148 119 2.358671234939e-10 2.244647966767e-10
149 119 3.161942133213e-10 -4.419521459618e-10
150 119 8.673679960149e-10 3.759231343263e-11
151 119 3.389214662020e-10 6.105623312857e-11
152 119 3.442260889300e-10 -2.286224433297e-10
153 119 3.836994726463e-10 -6.407106830871e-10
154 119 6.690679257253e-10 -1.758215334834e-10
155 119 -2.073393797031e-11 1.120416914304e-10
156 119 -1.842594099822e-10 -5.486581765225e-12
157 119 -6.521602517223e-10 3.781808987787e-10
158 119 2.146323802507e-10 4.236558616847e-10
159 119 -3.768256252386e-11 1.277737189863e-09
160 119 -3.385256294326e-11 1.081913891520e-09
161 119 1.889492826504e-10 1.099560072917e-11
162 119 3.017568744954e-11 -1.712273494563e-10
163 119 3.685621999938e-10 5.039024821015e-10
164 119 7.378936149514e-10 -1.731244717579e-10
165 119 -1.976141034666e-10 -3.475337626674e-11
166 119 -1.310254745091e-10 -3.615332198838e-10
167 119 -1.812613138481e-10 1.447316548375e-10
168 119 -2.523986977242e-10 3.609186272821e-10
169 119 -3.997245207878e-10 2.838119519228e-10
170 119 -1.960886401733e-10 2.648213775059e-10
171 119 -1.619776461522e-10 2.363039285372e-10
172 119 1.032291699781e-10 -3.435602295937e-10
173 119 -2.040203783141e-10 -1.912062920356e-10
174 119 2.625131857175e-10 -1.774115596619e-10
175 119 4.561232419438e-10 -5.098507874918e-10
176 119 2.515283786420e-10 4.292283842293e-11
177 119 2.693741662060e-10 4.120983030398e-10
178 119 7.585297894048e-11 -3.233372280038e-10
179 119 -7.849863671164e-11 -3.040786836151e-10
120 120 4.192846356437e-10 -6.555754897992e-10
121 120 -4.671024483471e-10 -6.823093591103e-11
122 120 7.099597307592e-10 3.539657806863e-10
123 120 7.129780945351e-10 -8.928279477822e-10
124 120 -6.713537136642e-11 -1.120199155521e-10
125 120 -5.887039478709e-10 4.611540241121e-10
126 120 -2.039497168594e-11 1.190391041176e-10
127 120 -6.653842859881e-10 -4.556619746699e-10
128 120 3.230899901693e-10 7.343422372808e-11
129 120 1.376459125706e-11 3.103264348206e-10
130 120 -6.498649458168e-10 2.126189364123e-10
131 120 2.407913269407e-10 9.132685161153e-10
132 120 8.551265286976e-10 4.453370221528e-10
133 120 -5.478264727648e-10 1.403821579584e-10
134 120 -1.465474354411e-11 1.176807606962e-10
135 120 -5.161139750400e-11 -2.659681349821e-10
136 120 4.484422025307e-10 -5.667898048464e-10
137 120 -6.033556217482e-10 4.050719957916e-10
138 120 1.267826831098e-09 2.584353629264e-10
139 120 7.302950727295e-10 4.881789198137e-10
140 120 -3.367945388742e-10 -2.484054475051e-11
141 120 2.306677764812e-10 4.705137520576e-10
142 120 -4.485153575721e-10 -4.687390555131e-10
143 120 6.642641240788e-10 8.781555579697e-10
144 120 -4.603789154765e-10 5.754078564600e-11
145 120 -6.047617702535e-11 5.833817941364e-12
146 120 -3.734428459190e-10 -8.126064003883e-10
147 120 1.967014637388e-10 -1.080930554472e-10
148 120 -5.866706984924e-11 1.070134312271e-10
149 120 -7.037305179735e-10 3.467337786938e-10
150 120 2.908515183251e-10 1.098314541407e-10
151 120 3.865927869848e-10 5.078909180791e-10
152 120 1.996121003954e-10 -5.594829521521e-11
153 120 2.660054244499e-10 3.142054111201e-10
154 120 4.822019135542e-11 9.100661093915e-11
155 120 5.286174803933e-10 -5.883652609803e-10
156 120 -1.261020943332e-10 -3.370793794796e-10
157 120 8.214306477926e-10 4.230668374496e-11
158 120 7.620652617340e-11 -1.375869173359e-10
159 120 -5.046477960242e-10 -5.695890894263e-10
160 120 3.325203977209e-10 -4.390694303367e-10
161 120 -1.113041013777e-10 -7.485116014911e-11
162 120 -1.079805753447e-10 1.947852522415e-10
163 120 3.553148754466e-10 -4.011229631256e-10
164 120 5.382420582281e-10 1.005706259400e-10
165 120 2.007058145038e-10 -4.921267918226e-11
166 120 1.674944957832e-10 -1.689289873454e-10
167 120 5.475035702218e-11 -9.522207460221e-11
168 120 -4.025358294342e-10 1.366947500794e-10
169 120 -9.605735386685e-10 4.408366176670e-10
170 120 -1.536206073370e-10 2.433825869246e-10
171 120 -1.222759616437e-10 3.582363767553e-10
172 120 -1.426140657694e-10 3.479519422350e-10
173 120 -3.723093774617e-10 2.949654093914e-11
174 120 -9.244298117653e-11 1.701466614700e-11
175 120 -1.982712615819e-10 1.790766705987e-10
176 120 1.147487586870e-11 -8.505626514689e-12
177 120 1.545806372482e-10 -1.143737070553e-11
178 120 -1.260919736035e-10 -6.087156562197e-10
179 120 -4.729824040424e-10 -1.759862566093e-10
121 121 -2.401886977144e-10 8.487571804408e-11
122 121 -4.607117632202e-10 4.195500500924e-11
123 121 2.228046693600e-10 1.143678123136e-09
124 121 1.009284862093e-10 6.797482017304e-10
125 121 2.140463250421e-11 -1.320337384872e-10
126 121 8.893332169589e-10 2.699249705734e-10
127 121 -4.297633197628e-10 -5.625591909042e-10
128 121 -4.012920032951e-10 -5.131564313927e-10
129 121 6.837372163855e-10 -9.482407240574e-10
130 121 -2.986454870401e-10 1.441138740646e-10
131 121 4.737634787926e-11 2.222254031514e-10
132 121 -3.541728515342e-10 -4.889081570587e-10
133 121 -8.718767087973e-10 -4.034588536118e-10
134 121 2.907424858490e-10 2.215021407339e-10
135 121 -4.521535259489e-10 -1.958607280383e-10
136 121 4.540656140491e-10 9.321478586160e-11
137 121 -6.152169594829e-10 -3.092008358352e-10
138 121 3.031814973845e-10 2.904756122112e-10
139 121 1.298504570108e-11 1.155711389135e-10
140 121 2.185784829534e-10 -3.739728745429e-10
141 121 4.129974605227e-10 9.876931820658e-10
142 121 3.925307803343e-11 3.433860443384e-11
143 121 -2.163503449362e-10 2.557847949413e-10
144 121 -2.156981470795e-10 5.291286057507e-10
145 121 1.875936767384e-10 -1.102687117488e-10
146 121 3.490256413926e-10 -3.754239273400e-10
147 121 -4.503444940950e-10 2.013871121588e-10
148 121 3.604238757307e-10 5.302110641615e-11
149 121 7.280912015372e-10 -3.630387377235e-10
150 121 -9.755069097638e-11 2.519374274442e-10
151 121 -4.883470335928e-10 2.536528433725e-11
152 121 -1.333614766930e-10 -8.068333260863e-11
153 121 -6.196516977627e-10 2.020889174833e-10
154 121 -3.876557167477e-10 8.123428097277e-11
155 121 -5.389453820070e-11 9.633785564319e-10
156 121 3.217783389374e-10 4.134813562099e-11
157 121 4.507903054580e-10 5.448809234519e-10
158 121 2.577039197279e-10 1.860466164622e-10
159 121 8.120067425263e-10 1.467961327404e-10
160 121 -4.904010829924e-10 -4.482989720040e-10
161 121 -8.030828453644e-11 -5.625238563975e-10
162 121 1.323017825737e-11 1.875924846011e-10
163 121 -6.300326972471e-10 2.002628303138e-10
164 121 -4.448206218490e-10 7.847673850415e-10
165 121 5.912746361096e-11 5.007964141505e-10
166 121 -9.508709967379e-11 -1.299995827535e-11
167 121 5.606196246108e-10 5.845704963610e-10
168 121 5.014602924735e-10 9.091078180517e-10
169 121 3.975692900889e-10 1.546526275815e-10
170 121 2.855054250446e-10 2.403498256349e-10
171 121 2.895580335137e-10 1.814382675065e-10
172 121 1.993286511991e-10 1.906945114086e-10
173 121 -4.075840709857e-10 -4.591600390934e-11
174 121 1.150510355447e-10 1.992035481501e-10
175 121 -1.428280898440e-10 2.201421648328e-10
176 121 -2.135611019898e-10 4.675333389656e-10
177 121 -1.511241727259e-10 2.181852188566e-10
178 121 3.741343685871e-10 2.320155216122e-10
179 121 3.464579437541e-10 -3.790383759177e-11
122 122 -6.092533092632e-10 1.067605249775e-10
123 122 -4.312302451420e-10 6.116333273997e-10
124 122 -5.693509378636e-10 3.051444210927e-10
125 122 -3.620920635597e-10 8.018351202716e-10
126 122 -1.369519695454e-10 5.451961269570e-10
127 122 1.043786837846e-09 7.136581011318e-10
128 122 6.798153900161e-11 1.175157653980e-10
129 122 1.848102325881e-10 5.452264992087e-10
130 122 -1.400081010887e-10 1.901729398716e-10
131 122 -8.210545590420e-11 -3.105867552842e-10
132 122 8.509138014221e-11 3.886806724806e-11
133 122 2.383705536160e-10 2.498174921106e-10
134 122 -4.101016677213e-10 -4.062921057812e-10
135 122 2.141524530993e-10 -3.992733272487e-11
136 122 9.498454208941e-10 -3.766806001984e-10
137 122 -3.258250308616e-10 -6.912625706829e-10
138 122 -4.084523177604e-10 8.078186602319e-10
139 122 -2.444067967830e-10 1.794905421039e-10
140 122 -1.013426958106e-09 -2.753021374508e-10
141 122 -3.610454806529e-10 4.799290741392e-10
142 122 -1.002199235893e-10 4.668934645335e-11
143 122 -7.074950299947e-10 -3.564966298927e-10
144 122 -2.936237213694e-10 5.603177869683e-10
145 122 2.798868469612e-10 -6.878423738992e-10
146 122 2.931043742812e-10 1.804829344265e-10
147 122 1.243978180996e-10 5.681578941577e-10
148 122 -2.011073372504e-10 6.304437703888e-10
149 122 -1.168843177890e-10 2.253761034340e-10
150 122 4.590511038444e-10 -8.777892197725e-11
151 122 7.137379210380e-10 -4.025604771493e-10
152 122 6.074445837409e-11 1.662759364152e-11
153 122 -1.524356014771e-10 4.542567248691e-10
154 122 -1.122362169108e-10 -2.101659774663e-10
155 122 2.508659227893e-10 -5.132913687368e-10
156 122 8.036367235372e-10 -3.142235492655e-10
157 122 -2.462702017947e-10 9.969691157707e-11
158 122 -2.967519506461e-10 1.043803634391e-10
159 122 -5.434333593421e-11 -2.298009855960e-10
160 122 -2.685313138712e-10 1.944133824633e-10
161 122 -3.109701847232e-10 1.174652779114e-09
162 122 1.270494869253e-10 3.006105429860e-10
163 122 1.216100635411e-10 7.928229625259e-11
164 122 2.038036914402e-10 6.269213958406e-11
165 122 1.933602018022e-10 -1.724481390746e-10
166 122 1.932973077389e-10 -6.644414946306e-11
167 122 -1.027165952669e-10 9.927998056893e-11
168 122 1.467060258751e-10 -4.584543225378e-10
169 122 4.459563736174e-10 -2.470050515992e-10
170 122 3.272908304096e-10 -4.924551764108e-10
171 122 3.024826123421e-10 1.457795587006e-10
172 122 -3.809820328616e-10 -4.932007496206e-10
173 122 -5.519099532679e-10 -2.595924642293e-10
174 122 -7.046685771627e-10 -2.334327920811e-10
175 122 -1.230589287847e-10 7.481619194337e-11
176 122 -1.059079132190e-10 7.703432813613e-11
177 122 -9.340038046659e-11 -6.608753820217e-11
178 122 -1.908135564423e-10 1.202200785092e-10
179 122 7.415843443225e-11 -5.850141278618e-11
123 123 6.726275786289e-10 -1.490858084544e-11
124 123 2.956718215328e-10 -2.496034199149e-10
125 123 8.278730863141e-11 2.401996344514e-11
126 123 2.836979341095e-10 3.876378090239e-10
127 123 -1.827133050486e-10 4.797155090807e-10
128 123 -9.361761614075e-10 5.988702214765e-10
129 123 1.176997749681e-10 -6.840278980396e-11
130 123 4.283186080920e-10 1.088608914641e-10
131 123 -2.699880751271e-10 3.313164207711e-11
132 123 -3.480543403993e-10 -7.040147531975e-10
133 123 5.742590402176e-10 -5.837390910334e-10
134 123 -9.088497683798e-10 1.448935696082e-10
135 123 -1.848117574966e-11 5.880474113837e-10
136 123 3.255035373068e-10 -4.340040932382e-10
137 123 -1.614465482878e-10 -2.129539186207e-10
138 123 1.637749586558e-10 1.482325225961e-10
139 123 -2.488175780138e-10 -3.530519480006e-10
140 123 -7.320509007488e-10 -1.200875317499e-09
141 123 -5.008762420808e-10 2.511809625354e-10
142 123 -3.451065407900e-12 -2.858098266959e-10
143 123 2.882136181282e-10 -2.951226769750e-10
144 123 -7.307379404038e-10 1.816269897639e-10
145 123 1.100800098025e-09 1.445588354844e-10
146 123 -1.019512610534e-09 1.761734306209e-10
147 123 2.372834118381e-10 -7.310726796214e-11
148 123 -4.198973593683e-10 3.984284635420e-10
149 123 6.149465421219e-10 2.397511882542e-10
150 123 -1.895577994242e-10 3.180983030730e-11
151 123 4.791425785836e-11 4.379953366367e-10
152 123 5.224297786729e-10 2.577606884498e-10
153 123 -7.928528246667e-11 8.253244937415e-12
154 123 1.715204558885e-10 2.863227263242e-11
155 123 6.893815911399e-10 -1.868388312355e-10
156 123 -3.626503663682e-11 -5.931568944276e-10
157 123 -1.443862109998e-11 -1.739128137130e-10
158 123 -2.873581185900e-10 -3.280261577607e-10
159 123 -2.860812738967e-12 -5.436437020272e-10
160 123 -1.498243934005e-10 2.311174741870e-10
161 123 6.155865907230e-10 -7.108457486220e-10
162 123 7.143700134942e-10 4.440417624992e-10
163 123 -1.047688451441e-10 2.702752156788e-10
164 123 3.589756034434e-10 -9.067594297070e-11
165 123 2.727646769655e-10 -2.278763688420e-10
166 123 5.780858098515e-10 -3.947886722834e-10
167 123 -1.809790935389e-10 5.787469938971e-11
168 123 6.287054625060e-11 3.061989363420e-10
169 123 1.033944625543e-11 4.073027060277e-10
170 123 2.970075084698e-10 5.163844462607e-10
171 123 -2.875036054066e-10 4.668286635386e-10
172 123 -7.108145983182e-11 5.005490520619e-10
173 123 -2.965831641815e-10 3.400806294450e-10
174 123 -1.306134532124e-10 -5.136144029663e-10
175 123 -2.290314685793e-10 -4.000787627434e-11
176 123 7.624926411698e-11 -3.320501937131e-10
177 123 -5.426066517056e-10 -1.362411514300e-10
178 123 -1.230601597923e-10 -3.574005798540e-10
179 123 -1.808230372895e-10 -1.555825387120e-10
124 124 7.491826701191e-10 8.401076329140e-11
125 124 4.513521515527e-10 1.241339898429e-10
126 124 -5.575670665252e-10 4.786633916870e-10
127 124 4.573138046028e-10 1.589597563175e-11
128 124 -1.278949622460e-10 1.816295254521e-10
129 124 -1.284198606075e-09 -3.880957919586e-10
130 124 1.896685452087e-10 1.597044266426e-10
131 124 8.764922740553e-11 1.400441822864e-11
132 124 4.239158540091e-10 9.044934203579e-10
133 124 -2.574956344639e-10 3.378294167909e-11
134 124 1.995369697378e-11 6.947281442940e-11
135 124 5.524543708241e-10 -1.874316292299e-10
136 124 7.455981092310e-10 9.965958120619e-11
137 124 -2.581126994794e-10 4.117262504387e-10
138 124 -3.431530092131e-12 3.479646781374e-10
139 124 9.816077263263e-11 3.625805528389e-11
140 124 5.988216905489e-10 -1.441928523523e-10
141 124 -3.831352719167e-11 -4.856731807806e-10
142 124 6.263175265135e-10 5.075979499225e-12
143 124 2.965921015603e-10 7.196490096189e-10
144 124 1.365773333082e-10 -3.396890514622e-10
145 124 1.762872584804e-10 4.962868640484e-10
146 124 4.590525295739e-10 -2.521526833230e-10
147 124 -4.490381350237e-10 -1.205219272457e-10
148 124 -2.657852295327e-10 7.273252509006e-11
149 124 -4.285821252391e-10 1.929310674591e-10
150 124 2.611078941132e-10 -2.521875365628e-10
151 124 2.613897151781e-10 9.080941533561e-10
152 124 -2.476732968431e-11 8.979708884883e-10
153 124 -5.676794196321e-10 6.221068196149e-11
154 124 1.390626196575e-10 2.292607368650e-10
155 124 3.987219620811e-10 3.917587145284e-10
156 124 4.288158349311e-10 5.089858450241e-10
157 124 2.270428953493e-10 6.328398735147e-10
158 124 2.616321423561e-11 -2.389854877743e-10
159 124 9.476848018292e-10 3.682028756265e-10
160 124 4.645985540005e-11 2.802359952828e-11
161 124 2.706108968450e-10 5.759659340049e-10
162 124 -2.178098853757e-10 -1.839552012197e-10
163 124 3.934478892544e-10 -7.481179538323e-10
164 124 -2.616243476010e-10 -5.202265291927e-10
165 124 -5.553412275363e-10 -3.892934921102e-10
166 124 -2.182942419163e-10 2.530637298624e-10
167 124 -6.197896403103e-10 -2.902031938572e-10
168 124 -1.319651593160e-10 1.354044583463e-10
169 124 5.138797396299e-10 4.661471918989e-10
170 124 -1.494822791150e-10 6.315954326182e-10
171 124 -1.008929753831e-10 4.028851839164e-10
172 124 2.315057977058e-12 2.651593707380e-10
173 124 9.785545490565e-11 1.284699232675e-10
174 124 1.577308282103e-10 3.124452710734e-10
175 124 5.574612988952e-10 1.318167032528e-11
176 124 4.785540336654e-10 3.326087103984e-10
177 124 1.458419643458e-10 -2.371480413189e-11
178 124 -2.312988021105e-11 8.948443665880e-11
179 124 -2.402354264721e-10 5.298141443670e-11
125 125 -1.909767271675e-10 -2.847786889204e-10
126 125 -6.170604664039e-10 7.653535780748e-11
127 125 3.803620564745e-11 -8.480064820937e-10
128 125 -1.480888630165e-10 -7.017718161628e-10
129 125 6.486228354049e-11 -3.890313493852e-10
130 125 -2.507881133720e-11 3.796476096469e-10
131 125 2.774640268263e-10 7.564265984427e-11
132 125 -1.391044963150e-10 2.162558026756e-10
133 125 3.966866292548e-10 6.273507477979e-10
134 125 2.480343048944e-10 5.323069930710e-11
135 125 -2.495224761491e-10 8.645077036248e-11
136 125 -8.009523151135e-11 -2.257836513907e-11
137 125 4.692929818301e-10 6.008153113050e-11
138 125 -4.394244995960e-10 -4.412788951529e-10
139 125 -4.043996938828e-10 8.628904086786e-10
140 125 9.149283834747e-10 -4.422499204425e-11
141 125 -2.348389429646e-11 -6.432470561402e-10
142 125 1.216709779388e-10 8.847316536356e-10
143 125 8.941680299442e-10 -1.012590576380e-10
144 125 -3.564760008957e-10 -3.861009915083e-10
145 125 -2.719696797331e-10 2.197230469145e-10
146 125 -1.657201828547e-11 -1.278475258601e-10
147 125 5.018471017010e-11 -4.147571234552e-10
148 125 3.985902588236e-10 7.521635385833e-10
149 125 8.426085006839e-11 -9.338465182094e-11
150 125 -2.615964528363e-10 1.490193193768e-10
151 125 -2.625606140890e-10 -6.422019461955e-10
152 125 -5.625482696051e-10 8.512031017251e-11
153 125 -6.496235250178e-10 -1.396660200730e-10
154 125 -2.406354428173e-10 1.974545048249e-10
155 125 -2.107485501699e-10 3.125910703866e-10
156 125 -3.336684292385e-10 -6.493826098751e-12
157 125 2.267264159190e-10 2.877055947867e-10
158 125 2.481202052818e-10 4.909869674030e-10
159 125 2.238999995577e-11 8.323068848172e-10
160 125 5.842062671812e-10 -3.357699859878e-11
161 125 2.062431268609e-10 3.019257873781e-11
162 125 -1.538204343984e-10 4.585062672412e-11
163 125 -1.366667191570e-10 -7.289944967862e-12
164 125 1.369341090069e-11 -6.213474919391e-11
165 125 5.994652894356e-10 4.735582404852e-10
166 125 1.758311344874e-11 3.587319415987e-10
167 125 -1.606788636768e-10 4.948659086788e-10
168 125 1.618462023502e-11 1.024587513430e-10
169 125 4.195660394225e-10 2.322961620828e-10
170 125 2.861038992851e-10 -3.498779038407e-10
171 125 -8.674200354913e-11 8.243434984823e-11
172 125 -9.378173840258e-12 -7.771873837666e-10
173 125 5.876070712598e-10 -4.588079551625e-10
174 125 6.417376918723e-10 -3.786680822882e-10
175 125 5.336010313234e-10 -1.401461175651e-11
176 125 -1.215860058068e-10 -3.022786925468e-10
177 125 -1.178050690303e-10 -1.348781966787e-10
178 125 -3.463885398295e-10 -3.593984837589e-11
179 125 -9.954224609758e-12 1.426277555768e-10
126 126 -8.203539296155e-10 -3.280628193713e-11
127 126 -4.215074239598e-10 8.930700403556e-11
128 126 4.586778101829e-10 -1.222215241541e-10
129 126 1.309333349424e-10 -2.587322580167e-10
130 126 4.968403212556e-10 -2.880340344983e-10
131 126 4.791143605030e-10 -4.888526719014e-10
132 126 -3.019130930340e-10 -2.715784386704e-11
133 126 -5.273773245160e-10 3.559804365946e-10
134 126 1.745340555939e-10 -3.023548103756e-10
135 126 6.692361639234e-10 7.563225838263e-10
136 126 7.773098253643e-11 -2.167691566379e-10
137 126 1.544811419844e-10 -7.637983075263e-10
138 126 -1.206918129746e-09 -6.023387905081e-10
139 126 3.917619494999e-10 4.331721024456e-10
140 126 2.905990865368e-10 1.883803225862e-10
141 126 1.067346639039e-11 2.400731412096e-10
142 126 -1.944422892473e-10 -7.914374290998e-11
143 126 1.556407383633e-10 3.127522713191e-10
144 126 -2.279040535996e-10 -6.433107233571e-10
145 126 1.053394909479e-10 3.041889074726e-10
146 126 6.008647433674e-12 -1.455268483030e-10
147 126 5.550354818022e-10 -4.624501423035e-10
148 126 -7.168348308203e-10 5.674064955367e-10
149 126 9.325756189700e-10 2.609666095438e-10
150 126 4.494237458512e-11 3.616077609624e-10
151 126 4.443456804351e-10 -2.970838253206e-10
152 126 -8.488051206332e-10 6.717504363649e-11
153 126 1.013721005078e-10 -4.960743367185e-10
154 126 2.801238825491e-11 -2.241332856055e-11
155 126 1.548855789674e-10 6.424502892067e-10
156 126 -2.359208920978e-10 1.317696844655e-10
157 126 -2.957264845422e-10 -4.073404343441e-10
158 126 -3.001119313933e-10 1.764096296073e-10
159 126 -5.525294083234e-11 -7.995699774515e-11
160 126 -1.174672369880e-10 -1.882975144708e-10
161 126 -3.534964086151e-10 -3.259181469002e-10
162 126 1.353965767725e-10 -4.811685379306e-10
163 126 5.786431477951e-10 -1.050645766860e-09
164 126 3.109537510965e-10 1.192101269476e-10
165 126 -1.935239482439e-10 1.570111588546e-10
166 126 4.432903310027e-10 5.565137071273e-10
167 126 3.672870814077e-10 3.302432099728e-10
168 126 8.601979327256e-10 -3.168098077945e-10
169 126 1.719643431373e-10 2.898612589956e-10
170 126 -1.205655292731e-10 -4.491118622499e-10
171 126 -5.218477860479e-10 -2.577515829796e-10
172 126 -4.136645984845e-10 -2.391692009392e-10
173 126 -1.278199725243e-10 1.460676515848e-11
174 126 1.435156336477e-10 4.364218550112e-11
175 126 -1.390103209717e-10 3.772094856621e-10
176 126 -3.592459794765e-10 -1.183590315617e-10
177 126 -1.493742051479e-10 -8.556370716689e-11
178 126 1.005974016591e-10 -3.210710341514e-10
179 126 2.538826954337e-10 2.769620714060e-11
127 127 -2.898111994843e-10 2.845898491737e-10
128 127 7.549612048767e-11 2.323440118256e-10
129 127 -6.696924333204e-10 -5.427160517433e-10
130 127 -2.524852774545e-10 5.988984329636e-10
131 127 -5.069409784718e-11 4.181810150876e-10
132 127 1.800620642767e-10 -1.015558573784e-09
133 127 -1.901744803826e-10 -2.570603534258e-10
134 127 -1.169265756115e-10 -2.244555070657e-11
135 127 -7.714593739749e-10 -5.881649503523e-10
136 127 -3.020658539510e-10 6.956032317741e-10
137 127 9.016432105227e-10 -1.316164501673e-10
138 127 6.787187628430e-10 7.601399730055e-10
139 127 -3.924222237972e-11 -9.023914322994e-11
140 127 -1.705996771169e-10 -3.770619621802e-10
141 127 -6.044827129517e-11 -2.344313526414e-10
142 127 -6.816034281738e-10 2.600259229338e-10
143 127 1.490864745799e-12 1.986872288402e-11
144 127 3.590211689072e-10 4.382334271250e-10
145 127 -4.713124684220e-10 6.372379625571e-11
146 127 -5.211099585042e-12 3.774824789065e-10
147 127 4.032828122382e-10 6.677505416353e-11
148 127 -5.192793669726e-10 -2.652150665184e-10
149 127 1.115264180079e-10 6.466688935275e-10
150 127 2.137735668793e-10 -3.927376671957e-10
151 127 6.971368191628e-11 -1.159912262710e-10
152 127 6.121758701048e-10 -6.650427362575e-12
153 127 4.215168283602e-10 -1.368059808925e-10
154 127 1.157389304173e-10 -1.157829032872e-10
155 127 -5.199479195558e-10 -3.075890168416e-10
156 127 1.638683353925e-10 -2.991307450539e-12
157 127 -2.760157828931e-11 -2.898941539405e-10
158 127 1.192405580372e-10 -2.362629081801e-10
159 127 -1.127007759834e-10 2.488735904033e-11
160 127 -1.296943319768e-10 -2.969506155238e-11
161 127 1.845186542171e-10 2.221460266336e-10
162 127 -1.625770459581e-10 -4.049773378586e-10
163 127 5.205484578886e-10 2.479380858189e-10
164 127 9.791903876065e-11 2.147054570720e-10
165 127 4.129934323018e-10 1.838568792336e-11
166 127 -2.104912903247e-10 5.178525999651e-10
167 127 1.043261415108e-11 -3.816980718825e-10
168 127 -5.739762988153e-10 -2.787993942729e-10
169 127 -4.725854092521e-10 -3.517044310077e-10
170 127 -1.390484221763e-11 -2.197495327019e-10
171 127 -3.179961631709e-10 -2.417134479603e-10
172 127 -1.049647908343e-10 -2.430341254263e-11
173 127 8.119440163448e-11 3.725546581821e-11
174 127 -1.270267359122e-11 2.394762961461e-10
175 127 6.725222016231e-11 2.197845855476e-10
176 127 6.932890858552e-11 2.970367632152e-10
177 127 3.318048957557e-10 2.589272472782e-10
178 127 4.418397041510e-10 3.314455632826e-10
179 127 4.536208284402e-10 3.173575004775e-10
128 128 5.333847185059e-10 5.167756884579e-10
129 128 6.412210244217e-10 -4.183752401081e-10
130 128 2.235059600954e-10 -3.023734787866e-10
131 128 5.831918646338e-10 -5.707381439087e-11
132 128 -3.096948131545e-10 9.390328086527e-11
133 128 2.981089451421e-10 -5.596331284151e-10
134 128 -2.123905409726e-10 5.692579581694e-10
135 128 6.026114190003e-10 -3.000915751763e-10
136 128 -2.610235121643e-10 6.193259117661e-10
137 128 3.680663043460e-11 -7.986083538966e-10
138 128 -3.505525537604e-10 -2.162337286527e-10
139 128 -6.316471986244e-11 7.951466639015e-10
140 128 -9.654372950420e-11 1.578449444324e-10
141 128 4.346230911144e-10 -1.483526887554e-11
142 128 -3.680974555975e-10 -7.740131021684e-10
143 128 -2.385686767201e-10 3.064195459623e-10
144 128 3.398193591328e-10 9.906352436917e-10
145 128 -8.543535125428e-10 -2.779905983219e-10
146 128 -2.949576456756e-10 6.192934395981e-10
147 128 -3.987012250268e-11 -5.413899944956e-10
148 128 -6.450885981911e-11 -9.364146741911e-10
149 128 -6.952615726895e-10 -3.032806302412e-10
150 128 4.110824383602e-10 4.045320969800e-10
151 128 -5.369468710395e-10 -4.081504283390e-10
152 128 -3.389386249353e-11 3.093172775491e-10
153 128 -1.779318020992e-10 -3.481129137454e-10
154 128 6.404424669153e-10 2.197836131038e-10
155 128 1.960462092494e-10 1.268319079887e-10
156 128 3.631510187883e-10 -3.434856836854e-10
157 128 8.840291648172e-11 -4.004777679224e-10
158 128 3.132814199855e-10 -1.744388460533e-10
159 128 5.647409840215e-10 -3.589659614624e-10
160 128 2.323832974151e-10 1.017398888018e-10
161 128 -2.642611554529e-10 -1.327478271206e-10
162 128 1.863873342462e-10 -9.971460129114e-11
163 128 4.649659838671e-10 9.786421764364e-10
164 128 3.331482402322e-10 3.371490681771e-10
165 128 -2.854393158777e-10 6.230585529274e-10
166 128 1.871149828491e-10 -4.041463424136e-10
167 128 2.525473760770e-11 -6.236810004563e-10
168 128 -4.890928526603e-10 -2.660405673458e-10
169 128 -3.236181316933e-10 1.900358809144e-10
170 128 -5.537388923940e-10 8.443189827965e-11
171 128 2.700709106488e-10 3.389203774155e-10
172 128 -4.619662750527e-11 4.750966641208e-10
173 128 5.750432283015e-10 6.076965566836e-10
174 128 1.472448210881e-10 -2.609365544884e-10
175 128 6.047437599688e-10 -2.595155106139e-10
176 128 1.377110379705e-10 -3.331014094240e-10
177 128 3.393532645503e-10 -2.364294597524e-10
178 128 7.008161145881e-11 -5.062412768227e-11
179 128 1.760448595527e-10 -4.442897355642e-10
129 129 5.212032087655e-10 -2.481764807534e-11
130 129 5.774295217936e-10 -4.577622468794e-11
131 129 6.502903414582e-10 1.617852570457e-10
132 129 8.378199047686e-10 3.826409291452e-10
133 129 8.852348695970e-10 9.558355820998e-11
134 129 4.722077803346e-11 1.056428291189e-09
135 129 -1.919322199136e-10 -1.129096988916e-10
136 129 -1.441834899718e-10 1.907457849351e-10
137 129 -2.165934434864e-10 7.405649968058e-10
138 129 2.776687233594e-10 4.207497197757e-10
139 129 -3.476260757084e-10 -3.534597270758e-11
140 129 2.682073865157e-11 -9.474592466948e-11
141 129 6.467181489544e-10 -4.335359879213e-10
142 129 -6.478387766535e-10 2.513789069638e-10
143 129 4.861717102452e-10 -1.767635065529e-10
144 129 3.654707534696e-10 -2.074544224618e-12
145 129 3.467674434328e-10 -1.721679519986e-10
146 129 -4.083407315977e-10 -2.606882313953e-10
147 129 3.096257185777e-10 1.438925219475e-10
148 129 4.674792687070e-11 -2.904263204540e-10
149 129 -7.126553821229e-11 1.301030359712e-10
150 129 2.446353631700e-11 -2.066296872953e-10
151 129 2.743781512895e-10 -7.717898116726e-10
152 129 -2.811937721019e-10 1.406479201903e-10
153 129 7.753985692191e-11 -3.834545062833e-11
154 129 -3.889433257237e-10 3.277166420220e-10
155 129 2.432329952559e-10 -2.556402239261e-10
156 129 2.240041166035e-10 5.861157266750e-10
157 129 4.409680820363e-10 -4.288011068226e-12
158 129 7.512029530851e-11 -1.472409902602e-10
159 129 -2.903841326114e-10 2.905016798127e-10
160 129 3.468039415810e-10 4.202522596123e-10
161 129 1.439063700443e-10 6.668709912464e-11
162 129 -5.385075719259e-10 2.589341011253e-10
163 129 -4.079267307058e-10 -1.809539997809e-10
164 129 -2.989883182677e-10 -3.755665074282e-10
165 129 -1.890551858789e-10 -4.622632048758e-10
166 129 -1.092205122757e-10 9.167505671133e-11
167 129 -1.157135051292e-10 1.700281017814e-10
168 129 8.861992042902e-10 3.650698376547e-10
169 129 8.257615608299e-10 2.273372688157e-10
170 129 5.268928230284e-10 2.203615812336e-10
171 129 1.753687743417e-10 3.191061286814e-10
172 129 -3.228522238634e-10 -3.786924230216e-10
173 129 1.029439317660e-10 3.066552929590e-10
174 129 -4.418395388322e-10 2.885019029650e-10
175 129 -3.213512749877e-10 1.209631149993e-10
176 129 -2.104117244866e-10 2.489828355400e-10
177 129 -1.125263439354e-10 4.478007900938e-10
178 129 -3.354523980940e-10 -1.483902129086e-10
179 129 -5.330753943303e-11 9.211714546236e-11
130 130 -5.316647934060e-10 9.127272852316e-11
131 130 -7.615243389195e-10 -3.668366027870e-10
132 130 5.164154020814e-10 6.803737913730e-11
133 130 -3.722357256894e-10 -8.967097090233e-11
134 130 2.557949825253e-10 1.536421679296e-10
135 130 8.221129190241e-11 1.476475682588e-10
136 130 7.779663951398e-10 -9.734783628980e-10
137 130 -6.300247904514e-11 -9.276213996667e-10
138 130 8.772277664790e-10 -4.040363343263e-10
139 130 -6.659372565246e-11 -6.995102280285e-10
140 130 -3.988577517802e-10 6.999695590193e-10
141 130 -3.164782568783e-10 -2.078408332585e-11
142 130 6.542027451514e-11 -5.594054118515e-10
143 130 1.087190407316e-10 2.808238490034e-10
144 130 -3.262353055091e-10 2.164307832360e-10
145 130 -2.518105752317e-10 -3.756394294152e-10
146 130 1.209757790658e-10 3.760543029265e-10
147 130 -1.398368948277e-10 -7.761584281543e-11
148 130 9.273596423011e-10 1.265240639059e-11
149 130 -3.830897601496e-10 -3.362487332771e-11
150 130 2.753423686004e-10 3.360494014686e-10
151 130 7.812176752925e-10 6.852554760911e-11
152 130 -6.096972270904e-11 -7.569746791972e-10
153 130 1.024063190947e-09 7.793054771053e-10
154 130 4.435430085554e-10 -7.817879814297e-10
155 130 -5.119025951838e-10 2.930582345960e-10
156 130 1.772031073589e-10 -4.743233320860e-10
157 130 4.872181307714e-10 2.489996207617e-10
158 130 1.240453401251e-10 2.648840175781e-10
159 130 -3.789756918105e-10 4.873247573694e-10
160 130 -6.036529808288e-11 8.429673367746e-11
161 130 3.064302738245e-11 -1.003724434758e-10
162 130 4.524520025346e-10 4.044759040324e-10
163 130 4.804632225488e-10 -3.504272209219e-10
164 130 -1.360389067354e-10 -2.865707183048e-10
165 130 2.190731199510e-10 -2.596585025248e-10
166 130 -3.779392264423e-10 -2.591684745313e-11
167 130 4.372222784574e-10 2.720790978763e-10
168 130 -5.298175701419e-10 1.561470537656e-10
169 130 -3.789788405193e-10 -1.153719985843e-10
170 130 9.492888854956e-11 3.533584607405e-10
171 130 2.175106459584e-10 -3.777381113576e-10
172 130 -4.753668011156e-10 -2.670885702024e-10
173 130 -6.386904478054e-10 -6.998370040214e-10
174 130 -1.449907277865e-10 -5.871165080220e-10
175 130 -1.693846669757e-10 -5.934555155224e-10
176 130 -2.023289002665e-10 5.611837500060e-11
177 130 -5.470456198566e-11 3.495447810533e-10
178 130 -2.365780003951e-10 4.445455189152e-10
179 130 -7.122812141931e-12 -1.210564208282e-10
131 131 -8.674599872041e-10 -3.175681627712e-10
132 131 7.819372588835e-11 -5.526724768247e-10
133 131 2.409378707006e-10 7.275900229083e-11
134 131 -6.474734138748e-10 5.504593742098e-11
135 131 2.299953109538e-10 -8.579220296756e-10
136 131 3.707147286900e-10 -1.335207467626e-10
137 131 9.803794176970e-10 -1.852883137634e-10
138 131 -5.526071635391e-11 4.469102145760e-10
139 131 5.685053815754e-10 -6.902546809121e-10
140 131 2.018467850203e-10 4.110078093092e-10
141 131 2.512490292212e-10 1.663525145894e-10
142 131 -1.083319464552e-09 -4.380361692214e-10
143 131 1.534245748136e-10 3.999752475411e-10
144 131 9.509864140616e-11 4.171581034590e-10
145 131 1.121264228114e-09 -5.250137813758e-10
146 131 -3.553326447573e-10 7.393014058239e-11
147 131 5.597605711492e-11 -1.282660188992e-10
148 131 -1.874967397478e-10 2.199946934436e-10
149 131 -2.295907136796e-10 -6.303745225348e-10
150 131 1.155153749090e-10 9.360407269555e-10
151 131 4.633803866867e-10 8.672609303439e-11
152 131 1.508549885777e-10 -5.289476213926e-10
153 131 -2.203178930673e-10 1.197029271653e-10
154 131 6.233378980851e-10 -5.613870681575e-11
155 131 1.204577269934e-10 -4.965955148298e-10
156 131 2.534790819858e-10 8.090281624824e-11
157 131 -5.862594943158e-10 -4.144143668712e-11
158 131 -5.687623896360e-10 5.519818145094e-11
159 131 -5.001780693521e-10 -3.025459357956e-10
160 131 2.898999253207e-12 -1.927401194438e-10
161 131 1.296869766973e-10 -3.314607588651e-10
162 131 2.754734762403e-10 -8.565450502231e-11
163 131 -2.097669502807e-10 5.129147013652e-11
164 131 3.480759600367e-10 -4.839400656960e-13
165 131 2.989439754012e-10 2.738411483375e-10
166 131 7.416163055117e-11 -1.846956007470e-10
167 131 -1.131337382895e-10 4.693686168615e-10
168 131 1.185021898058e-10 -3.793146882081e-10
169 131 2.322765201340e-10 3.326461314898e-10
170 131 -4.819435526245e-10 -3.220051994970e-10
171 131 5.310373623232e-11 -2.713148324452e-10
172 131 -2.645237024542e-10 1.518896801136e-10
173 131 2.558195859889e-10 1.576940605566e-10
174 131 -7.013164917120e-11 2.729486874481e-10
175 131 2.019351177845e-10 3.677064071817e-11
176 131 -3.220049571581e-10 5.008605457183e-10
177 131 5.211215303037e-10 1.922649742116e-10
178 131 -6.051462091996e-11 -1.121770036804e-10
179 131 4.278899594751e-10 -3.321409521041e-10
132 132 5.240060799637e-10 1.666696843562e-10
133 132 2.783855894562e-10 6.901745614518e-10
134 132 -7.998668273815e-10 4.809615646188e-10
135 132 -1.636886901865e-10 1.964100651412e-10
136 132 -2.486170287807e-10 3.966233987508e-10
137 132 -4.737080523813e-10 -2.961284977323e-10
138 132 -4.112135880928e-10 5.281736483608e-10
139 132 2.610761406453e-10 5.257013732012e-10
140 132 2.878944593922e-11 3.426587246666e-10
141 132 -4.567218376342e-10 -1.605914205397e-10
142 132 8.714391729126e-10 2.360944280425e-12
143 132 -3.300603206733e-10 -3.718373865880e-10
144 132 -4.530428046874e-10 6.197816889054e-10
145 132 -2.965721015718e-10 -4.962117414557e-10
146 132 1.838464388051e-11 7.710452920842e-10
147 132 -2.520862684039e-10 5.733171981394e-10
148 132 -3.285965519408e-10 3.202121875454e-10
149 132 -4.585425683503e-11 -9.000317588659e-10
150 132 -2.021672647925e-10 3.687254930958e-10
151 132 -5.281066130051e-10 4.282937101927e-10
152 132 -3.127632434349e-10 4.841886419623e-11
153 132 -5.088727273276e-10 -2.642684656842e-10
154 132 -6.596030722449e-10 4.972664748439e-10
155 132 2.455967115345e-10 -3.710780876039e-10
156 132 -4.425588560658e-10 9.640646779707e-12
157 132 -1.334747045412e-10 3.202883310700e-10
158 132 -1.101725266232e-10 2.929655206277e-10
159 132 -3.800406645479e-10 -7.350399733069e-10
160 132 2.020812347217e-10 -1.448621161795e-10
161 132 -5.380351521754e-11 1.531847119302e-10
162 132 7.716447075274e-11 -2.897586551420e-10
163 132 2.870907287009e-10 2.522150040842e-10
164 132 -7.109703619545e-11 2.380654337918e-10
165 132 -3.194791022564e-10 -2.377903169373e-10
166 132 -1.808134257117e-10 1.383464147132e-10
167 132 3.484218942829e-11 1.109213875045e-11
168 132 -2.863723689926e-10 -1.634327587908e-10
169 132 -2.585607544558e-10 -5.333580803699e-10
170 132 3.166483701896e-10 -2.942214742440e-10
171 132 -1.021146971715e-10 -8.542367397710e-12
172 132 -1.745635288764e-12 -1.358700973000e-10
173 132 -2.621435052827e-10 -4.040161909737e-11
174 132 -4.544435636985e-11 3.007074795472e-10
175 132 1.067133822262e-09 5.478261163182e-10
176 132 2.746339695513e-11 1.716461191476e-10
177 132 -2.476862792849e-10 -9.843828663037e-11
178 132 -7.962966216521e-11 -3.528882412884e-11
179 132 -2.447717289324e-10 -1.827857809051e-10
133 133 5.776463098016e-10 4.734436517019e-10
134 133 -2.008110003614e-10 -9.889050855279e-11
135 133 -4.467953002527e-10 -4.056273647461e-10
136 133 1.223820527845e-10 1.123649120880e-10
137 133 -6.991416745325e-10 -1.183610918848e-10
138 133 -5.240670875403e-10 -1.167801696595e-10
139 133 -1.938449408947e-10 -1.857087458331e-10
140 133 2.706985915250e-10 1.011814714283e-10
141 133 -2.560662084676e-10 3.675511082969e-10
142 133 1.825634823022e-10 -5.812579081761e-11
143 133 -2.252453475280e-10 -8.772556778933e-10
144 133 7.517571518490e-11 1.207318818531e-10
145 133 -8.347728594302e-11 -3.341504145733e-10
146 133 -4.383000180018e-10 -7.903811302608e-10
147 133 -4.833023799678e-10 -1.151282228146e-10
148 133 -2.566530258110e-11 3.313541896873e-10
149 133 7.369513318154e-10 -4.587329612791e-10
150 133 2.307033992862e-10 -2.577157197104e-11
151 133 -4.775704704022e-10 4.195672299519e-10
152 133 5.185474803589e-10 -5.647756756257e-10
153 133 -1.093020938648e-09 -9.671376109037e-11
154 133 -3.234685598883e-10 2.395875177334e-10
155 133 2.007274798410e-10 2.588696339988e-10
156 133 -6.176746743372e-10 2.067985976494e-11
157 133 6.868579774003e-10 8.850581196127e-10
158 133 -3.200209069026e-11 -1.113492152246e-09
159 133 2.422335150224e-10 -7.080157183960e-11
160 133 1.440590801562e-11 1.742760949517e-10
161 133 6.649954561412e-10 6.105802559620e-10
162 133 -1.053544882928e-10 -3.384827414746e-10
163 133 2.673187481475e-10 -4.690636721357e-10
164 133 3.575268010534e-10 4.504431834717e-10
165 133 -4.892343345862e-10 5.681564998214e-10
166 133 -6.270182943094e-11 1.528956636894e-10
167 133 -1.608150146546e-11 1.228067561360e-10
168 133 -1.285853297542e-10 2.299998497397e-10
169 133 2.788505618451e-10 -1.366526607623e-11
170 133 -3.504004909766e-10 -1.534443878761e-10
171 133 4.149688386391e-10 -4.143706953784e-10
172 133 -1.522709261190e-10 1.594500890189e-10
173 133 1.637373068331e-10 -3.971156808929e-10
174 133 2.216984220328e-10 1.571289886744e-10
175 133 8.667766892274e-11 -6.770062648829e-10
176 133 8.750467053292e-11 -4.391485716028e-10
177 133 -1.027075141597e-12 -3.768038160286e-10
178 133 2.955561878475e-10 1.099664185882e-10
179 133 -1.432727505267e-11 7.552373420571e-11
134 134 -2.777476956637e-11 -7.302339825827e-10
135 134 5.684534029382e-10 -3.418495009816e-10
136 134 6.558397325067e-10 -2.139252079648e-10
137 134 -2.058731621811e-10 -6.698187783353e-10
138 134 -1.448425441375e-10 -1.162119975608e-10
139 134 -2.714026108593e-11 2.132397868181e-10
140 134 -1.801336907970e-10 7.660158833160e-10
141 134 6.142034404930e-10 -2.604465895025e-10
142 134 4.366291339143e-10 3.305765649920e-10
143 134 3.396410248280e-11 -1.703928543034e-10
144 134 -1.778587707809e-10 -9.017064291362e-11
145 134 4.489173792625e-10 -3.906435616894e-10
146 134 4.004281326203e-10 -4.306094087455e-10
147 134 2.230230741144e-10 2.992276419483e-11
148 134 2.979752850424e-10 -1.449335862607e-10
149 134 5.205562092013e-10 -9.420413745808e-10
150 134 -3.431291773633e-10 3.257815496060e-10
151 134 -2.342781666158e-10 -1.156448669679e-10
152 134 5.281059826202e-10 6.363586587201e-10
153 134 -9.047727740762e-11 -1.716324987599e-10
154 134 2.305691297797e-10 1.778975012808e-10
155 134 5.385628776929e-10 5.862804723122e-11
156 134 2.579697873496e-10 -9.348554168369e-10
157 134 -3.552948133326e-10 3.229952148512e-10
158 134 4.005101655475e-10 5.974760398867e-11
159 134 1.740522463441e-12 -3.875847218417e-10
160 134 4.172102168801e-10 -5.259173340545e-10
161 134 -2.752858187714e-10 2.055936246154e-10
162 134 -1.718844302081e-10 3.565095031643e-12
163 134 -3.051733703840e-11 8.346556578666e-11
164 134 2.774963543726e-11 8.029022764703e-11
165 134 -1.603682638679e-11 -3.442122806951e-10
166 134 3.103849876766e-11 -1.308816570749e-10
167 134 2.149530641568e-10 -2.783949341587e-11
168 134 4.237463931078e-10 -2.454191285549e-10
169 134 3.730768073330e-10 -4.649564691906e-10
170 134 4.123004685147e-11 -2.010291811466e-10
171 134 3.105854740015e-10 7.259433937698e-10
172 134 8.544742899369e-11 -2.209724937599e-10
173 134 5.316795329485e-10 1.238714561638e-10
174 134 2.207260609307e-10 1.787514911819e-10
175 134 5.973190699220e-10 -1.682106186850e-10
176 134 -8.184624514323e-10 -1.142448369953e-10
177 134 -4.989490238685e-10 -3.977425737174e-10
178 134 -5.268982205363e-10 5.797975493635e-10
179 134 -1.315930690997e-10 3.389858919687e-10
135 135 -8.970553807079e-11 -3.483856644585e-10
136 135 -2.703400295728e-10 6.087874402799e-10
137 135 3.365340144309e-10 -2.963284372714e-10
138 135 -1.155872288662e-10 -9.059209057724e-10
139 135 2.108078145477e-10 -4.219182040407e-10
140 135 5.238134357109e-11 -6.856270652317e-11
141 135 -5.800166837088e-10 -2.180500654723e-10
142 135 -7.471034885955e-10 2.687829955711e-10
143 135 9.961889767494e-12 -1.573858374496e-10
144 135 1.506438065420e-10 -2.860158913283e-11
145 135 -1.364546900268e-10 4.246695486526e-10
146 135 6.181776722921e-10 -1.032193271525e-10
147 135 -2.000013632778e-10 -7.034298812350e-10
148 135 2.374932264720e-10 9.227986545562e-10
149 135 3.032323728354e-10 7.858562597075e-10
150 135 -1.748648164591e-10 2.532379597995e-10
151 135 1.650918817714e-10 -1.453212871176e-10
152 135 1.592199700878e-10 -3.340224811629e-11
153 135 8.528150603605e-11 -3.316981111466e-10
154 135 -5.680048885724e-10 -1.848301615564e-10
155 135 2.174820423275e-10 -1.556763759739e-10
156 135 -1.917887401437e-11 -1.637173080796e-10
157 135 1.324355944796e-10 -1.834273063425e-10
158 135 -9.468429742889e-11 2.606519925157e-10
159 135 5.335360052597e-10 5.692108203961e-12
160 135 -9.915458327126e-10 6.461121181184e-10
161 135 -1.022281157158e-10 -3.028540374503e-10
162 135 -4.041235506678e-11 4.856418219165e-11
163 135 -4.623512443136e-11 -2.443430887781e-10
164 135 -5.227375990932e-10 3.453423165878e-10
165 135 -2.344756958180e-10 4.301856427587e-10
166 135 -4.386842418606e-10 1.586574345386e-10
167 135 -5.520035025358e-10 -8.117399203119e-11
168 135 5.607862230551e-11 -4.876210679111e-11
169 135 -4.682356754099e-10 3.570209567698e-11
170 135 -3.737770344008e-11 2.300722278440e-10
171 135 -9.015007442326e-11 3.626444640259e-10
172 135 1.782871697804e-10 4.638980314685e-10
173 135 2.258538991918e-10 5.779547719334e-10
174 135 2.329235267079e-10 -9.540663135762e-11
175 135 -3.240620022878e-10 -1.219845199228e-10
176 135 4.073096707382e-10 1.091169104391e-10
177 135 6.157270994442e-10 2.763963708620e-10
178 135 1.418460161629e-10 4.198971755896e-10
179 135 4.215612290781e-10 1.151604296464e-10
136 136 -7.292977858427e-10 5.196061826123e-10
137 136 -4.682835952897e-10 5.753418068920e-11
138 136 -2.462169801811e-10 -4.218553233150e-10
139 136 2.934123563653e-10 6.795055231904e-10
140 136 3.083553717516e-10 8.014564069291e-11
141 136 5.085092636873e-10 -7.752062236184e-10
142 136 1.356228763020e-10 -9.222359917906e-11
143 136 -6.054023539464e-10 3.802127873973e-10
144 136 -4.617978035270e-10 -5.362334054201e-10
145 136 -3.070256814954e-10 3.558386067525e-10
146 136 2.747723325602e-10 4.644568806113e-10
147 136 -2.694186867456e-11 1.672514207309e-10
148 136 3.897123340206e-10 4.048311946962e-10
149 136 1.524848565899e-10 -3.953800311357e-10
150 136 -2.368201940937e-10 -4.000245759734e-10
151 136 -8.273718233370e-10 -4.494065490879e-11
152 136 -4.396810596116e-14 7.044922377051e-10
153 136 4.650230403703e-10 -3.545123731148e-10
154 136 2.794675806903e-10 -3.951319471695e-10
155 136 -2.499797382539e-10 2.058527068300e-10
156 136 7.128759218412e-10 -8.466730774189e-12
157 136 -6.191813082988e-10 -3.504607738559e-11
158 136 -4.973982721569e-10 3.444184819509e-10
159 136 6.982481543241e-10 3.302176156018e-10
160 136 -1.172648016541e-09 -8.032520099113e-11
161 136 2.685609542288e-10 2.023264803266e-10
162 136 -1.573373375326e-10 3.251220142224e-11
163 136 2.515753332580e-10 2.697128995234e-10
164 136 -3.476029852386e-10 1.714304469909e-10
165 136 3.878685643484e-10 -4.908460640649e-10
166 136 -4.965730897416e-10 3.220149930803e-10
167 136 -1.526985465989e-10 2.490211180828e-10
168 136 1.388349303158e-10 -1.331266665483e-10
169 136 1.611756321195e-11 -1.460554873065e-10
170 136 -5.486925732587e-10 5.244214341259e-10
171 136 -5.939500524937e-10 8.687672471089e-11
172 136 -4.558707501097e-10 -2.776573591492e-11
173 136 -3.951960860003e-10 -1.489146208700e-10
174 136 -6.381388802731e-10 7.394054781313e-10
175 136 -1.405965075668e-10 1.596021574478e-10
176 136 -1.442295756459e-10 4.428814418268e-10
177 136 -2.189602798439e-10 -4.676905666390e-10
178 136 3.705019360668e-10 4.167811114783e-10
179 136 4.372176585525e-10 3.231209419754e-10
137 137 5.954834880582e-11 8.653858248847e-11
138 137 3.590275916137e-10 -1.964402715913e-10
139 137 -5.324008963637e-10 -1.312256041043e-10
140 137 -2.015072749690e-10 5.880449727523e-10
141 137 1.092253496153e-10 -9.256471808284e-11
142 137 2.166677086114e-10 2.626555584561e-10
143 137 -1.946927855609e-10 -5.563827129978e-10
144 137 6.864451474219e-11 -1.201026127540e-10
145 137 1.144081922538e-11 -1.754811203501e-12
146 137 -1.044856894182e-10 -6.829916734434e-10
147 137 1.965700649623e-10 -1.995783499767e-10
148 137 3.272744090477e-10 2.401983165441e-10
149 137 -1.243396262924e-10 6.105944159822e-10
150 137 2.916574176732e-10 -6.991088808806e-11
151 137 7.882237859443e-10 -3.826502750697e-11
152 137 -2.546355755638e-10 1.810505834774e-10
153 137 -3.992690458704e-10 1.821358120764e-10
154 137 1.396329107337e-10 1.610720473314e-10
155 137 -1.773397738175e-10 -2.183613742579e-11
156 137 5.610001313426e-10 4.887930830372e-10
157 137 -2.425756049129e-10 -4.912997507887e-12
158 137 -1.100692539543e-10 3.377231690593e-10
159 137 2.253924301718e-10 1.804591176470e-10
160 137 -5.354136945314e-10 -2.946192736773e-10
161 137 -5.496602152117e-10 -4.185894183705e-10
162 137 8.348391536205e-10 -6.330672328974e-11
163 137 2.526943918071e-10 -2.224901056226e-10
164 137 -2.884404655861e-10 -3.695137076928e-10
165 137 -3.409641087134e-10 -4.249901584723e-10
166 137 1.331916550590e-10 -1.903953837156e-11
167 137 -5.889110376735e-10 -3.838203909423e-10
168 137 -5.775146494554e-11 -2.190037685114e-10
169 137 3.362207438808e-10 -4.458853555475e-11
170 137 -7.197027440587e-12 -1.975176999143e-10
171 137 -2.499887260943e-10 -3.108875608338e-10
172 137 5.871193967610e-11 -2.517790244413e-10
173 137 2.817125017753e-10 1.991987360362e-11
174 137 -3.444046576184e-10 -6.286293291982e-10
175 137 1.774100402920e-10 -3.993615594383e-10
176 137 -3.506432175473e-10 -1.983527603460e-10
177 137 8.122161087128e-11 4.328041543726e-10
178 137 -6.472722630068e-10 6.777955997364e-10
179 137 -2.686341550825e-10 -4.014500603000e-10
138 138 7.962913298951e-10 7.538729245518e-11
139 138 3.566962963969e-10 1.090572456777e-10
140 138 2.309058407653e-10 8.505527148516e-11
141 138 4.783816081633e-10 -4.449794626060e-10
142 138 1.912739985746e-10 2.950743079221e-10
143 138 -7.771248337757e-10 3.360737386375e-10
144 138 -6.928945510627e-13 -5.930922534753e-10
145 138 7.380883060761e-10 -5.702824685156e-10
146 138 -3.179981294845e-10 -1.949278900266e-10
147 138 1.963846826190e-10 -1.641832134504e-10
148 138 -7.553375250114e-10 -1.376612236803e-10
149 138 5.124216732776e-11 3.743259366759e-10
150 138 7.174517436325e-10 -7.969152995511e-11
151 138 -1.004599067169e-09 -2.762712169315e-10
152 138 5.114948713066e-11 4.508561731368e-10
153 138 5.366997609552e-10 -3.056806105902e-10
154 138 7.439038980043e-11 -3.499285043730e-10
155 138 -3.711848924765e-10 3.224630759919e-11
156 138 -5.334536776472e-10 3.830301444257e-10
157 138 -1.307263849691e-11 -4.351954820696e-10
158 138 -1.406492960334e-10 9.233503712686e-11
159 138 1.761553641724e-11 1.674152247495e-10
160 138 5.912964999650e-10 -6.375312524266e-10
161 138 -1.801499433563e-10 -2.270690931598e-10
162 138 -2.126071366698e-10 1.185729117043e-10
163 138 -9.698092717534e-11 -2.757642573958e-10
164 138 -2.104858678375e-10 3.203951754185e-10
165 138 9.713712753204e-11 -5.002608620910e-10
166 138 8.054893654332e-11 2.235759404551e-10
167 138 -4.518791192134e-10 -5.838879468497e-10
168 138 -2.832866097854e-10 -2.112041528990e-10
169 138 5.321407222176e-10 -4.947273398064e-10
170 138 -1.726373267103e-10 -1.423102627727e-10
171 138 -5.547415292777e-10 -3.418040787266e-10
172 138 4.353378205433e-10 -3.774052648010e-10
173 138 7.844195139753e-11 -3.678089219457e-10
174 138 3.236495319988e-10 -2.975166112008e-10
175 138 -7.802113434699e-11 2.181768962086e-10
176 138 3.406388154062e-10 -3.394591275253e-10
177 138 -1.870763727653e-10 -1.134245642815e-10
178 138 -1.946233679879e-11 1.858156975103e-10
179 138 -5.460029357912e-10 2.162263318154e-10
139 139 -2.663062919003e-10 -9.576485043452e-11
140 139 -6.656177462084e-11 -3.999300245746e-10
141 139 7.436748458987e-10 4.395710004928e-10
142 139 -8.819602115976e-11 5.942946904891e-11
143 139 -4.555442651895e-10 2.154769308458e-10
144 139 -2.985293893912e-10 2.650316815541e-10
145 139 1.136052859057e-10 4.309546236017e-10
146 139 1.008664891094e-10 -2.251138360980e-10
147 139 1.023768038643e-09 8.457837459911e-11
148 139 -2.924843565211e-10 -2.148136089469e-10
149 139 -5.109675457554e-10 5.488705863709e-10
150 139 2.169760148502e-10 7.583900625660e-11
151 139 -8.712493974393e-11 9.721384884245e-11
152 139 2.344806639181e-10 1.916922358013e-10
153 139 8.132148900619e-12 -3.611422228105e-10
154 139 -2.547101698682e-10 -3.569500813880e-10
155 139 -3.700474623311e-11 -3.002050426560e-11
156 139 1.734076307604e-11 5.058410378487e-11
157 139 6.150702398761e-10 -3.258927500137e-10
158 139 8.207550692318e-11 8.180400861643e-11
159 139 1.999851619757e-10 6.017910912811e-10
160 139 5.895051076775e-10 -2.811833578336e-10
161 139 -7.168139835011e-11 -2.236302278906e-10
162 139 -5.755874034244e-10 8.176448617489e-10
163 139 8.084242136667e-10 -1.364388542708e-10
164 139 -7.664647001921e-10 -3.699103499350e-10
165 139 4.107554080711e-10 -1.465094832618e-11
166 139 3.631567007407e-10 5.081213092287e-10
167 139 1.786891707871e-10 -2.288680882902e-10
168 139 1.803963365110e-10 5.367022829438e-10
169 139 1.761444785103e-10 -1.130427972681e-10
170 139 2.221450678556e-10 2.174149447806e-10
171 139 -1.608835482912e-12 2.738272528967e-10
172 139 2.251951263838e-10 7.154440735335e-10
173 139 1.213998928449e-10 3.520355151661e-10
174 139 4.660871766838e-11 2.730689537955e-10
175 139 2.224109625953e-10 2.796710537356e-10
176 139 1.313496831490e-10 6.370641742893e-10
177 139 -4.025215874741e-10 4.440497821535e-10
178 139 2.465371761122e-11 2.026613430162e-11
179 139 1.461139688860e-10 -5.551811778320e-10
140 140 -7.153053106757e-10 -3.212203736661e-10
141 140 1.700369539664e-10 1.382083513799e-10
142 140 -7.372942925913e-11 3.534028676655e-10
143 140 -7.592505093550e-10 3.126758078635e-10
144 140 -3.182700227232e-10 1.993956251528e-10
145 140 4.716917780939e-10 2.551881462013e-10
146 140 -4.524245586040e-11 8.105696872155e-10
147 140 -3.488832524051e-10 1.068602700304e-10
148 140 -4.622184988934e-10 3.082745029183e-10
149 140 1.946335390678e-10 -4.542621443712e-10
150 140 2.983795555024e-10 5.711800553024e-10
151 140 -6.055302245775e-10 5.243398639283e-11
152 140 -4.443456320971e-10 -1.282516719288e-10
153 140 3.118474346639e-10 8.307612114859e-10
154 140 1.191950345589e-10 4.306893996166e-10
155 140 -4.922459452281e-12 -3.510544849232e-10
156 140 -1.778208256542e-10 7.091257772317e-11
157 140 3.728956074464e-10 -3.848169178300e-10
158 140 3.353353124640e-10 4.389607760548e-10
159 140 -8.134556680413e-10 -5.791681836486e-10
160 140 -1.542599992675e-10 2.468492216027e-10
161 140 -2.755726565070e-10 -3.363758143085e-10
162 140 -5.950371021634e-11 -5.338301429179e-12
163 140 5.268101678217e-10 2.596709949310e-10
164 140 9.442389683912e-10 -3.855977263552e-10
165 140 6.812381184766e-11 4.641394444199e-10
166 140 5.824147210194e-10 -2.841374288230e-10
167 140 3.839180670116e-11 -2.700004056024e-11
168 140 3.403348912684e-10 7.573546319055e-12
169 140 2.022774294913e-10 9.012782196541e-12
170 140 3.711855072837e-10 -1.025586649539e-10
171 140 -2.627236005141e-10 2.203104935179e-10
172 140 -1.556424445829e-10 1.540168490055e-10
173 140 -5.341028635183e-11 -5.245394587568e-11
174 140 -4.156790143274e-10 5.629316012313e-11
175 140 -2.592937667155e-10 1.812055562274e-10
176 140 -9.904791414212e-11 6.508950813635e-11
177 140 -2.768287542008e-11 -2.165953346679e-10
178 140 -2.765072789894e-10 -2.295446960585e-10
179 140 -8.232977915766e-11 2.920965201431e-10
141 141 -1.002074727753e-10 2.842231988437e-10
142 141 -5.750158189323e-10 2.329815220748e-10
143 141 -3.909934777661e-10 -1.856344221927e-10
144 141 -4.008131229282e-10 4.858080866964e-10
145 141 1.697617562773e-11 1.430484989199e-10
146 141 3.096829036095e-10 8.004733138829e-10
147 141 5.899861555992e-10 -1.030087921726e-10
148 141 3.216816009276e-11 1.753724063495e-10
149 141 -5.595746058398e-12 -3.580567955551e-10
150 141 3.097712619694e-10 1.924078460244e-11
151 141 1.078885089278e-09 5.410680044086e-11
152 141 7.852908362042e-11 -3.704707893276e-11
153 141 -3.095764998975e-10 4.970953609854e-10
154 141 3.852858635813e-10 -5.601626583729e-10
155 141 -8.761677472699e-10 1.109798070291e-10
156 141 2.183892340352e-10 4.601078015758e-10
157 141 1.629953986884e-10 1.630432092654e-10
158 141 -3.247981332367e-10 -7.384981715746e-10
159 141 -3.257790956583e-10 -3.663668091670e-10
160 141 3.271933570226e-10 2.501184247906e-10
161 141 2.839687310054e-10 -6.435544080124e-10
162 141 1.504090234744e-10 7.992429300870e-11
163 141 3.781502473467e-10 2.062143647048e-10
164 141 5.372309268375e-10 -2.468017741104e-10
165 141 -3.053782531653e-10 -2.628227787279e-10
166 141 -4.020579026859e-10 3.840017880373e-10
167 141 -5.460565984316e-10 -1.849074256869e-10
168 141 -3.480591616502e-10 2.063701998754e-10
169 141 -3.383621297844e-10 1.437206353164e-10
170 141 3.136124679455e-10 5.729932231937e-10
171 141 -3.920521878368e-11 -2.171163227919e-11
172 141 -5.428638798386e-10 3.978102937003e-10
173 141 -1.574549755726e-10 -2.460276860865e-10
174 141 1.417063555837e-10 -6.299427618329e-10
175 141 -5.079847526132e-11 -3.492154433071e-10
176 141 -2.808526671110e-10 -1.265273677089e-10
177 141 -8.052879141234e-10 -1.226690260140e-10
178 141 -3.606636613851e-10 -5.461928584913e-10
179 141 3.024289622201e-11 -6.094108298901e-11
142 142 4.481106357378e-10 2.424451261073e-10
143 142 -6.877641196525e-11 -5.595784144951e-10
144 142 -2.495570936324e-10 2.668041967156e-10
145 142 3.726849421841e-10 1.446848312451e-10
146 142 -3.525135199321e-10 5.745128217113e-12
147 142 -5.552852883386e-10 4.999114095132e-11
148 142 4.014501661011e-10 -1.372390136525e-10
149 142 6.264395470857e-10 2.468799789585e-11
150 142 -6.787978725953e-10 1.399721972953e-10
151 142 4.730065048535e-11 1.574321789275e-10
152 142 -2.273892801340e-10 -8.524837580947e-10
153 142 -3.539964343546e-11 1.811633685233e-10
154 142 2.622859619968e-10 2.585566666673e-10
155 142 -1.157372897667e-11 -7.468841696757e-10
156 142 2.736116853344e-10 -5.452013916451e-11
157 142 4.569117923116e-10 2.076664293912e-10
158 142 -2.830402377669e-11 4.768354169887e-10
159 142 5.497800958685e-10 -3.684776094734e-10
160 142 -3.420151130122e-10 1.449310848697e-10
161 142 -9.719793666223e-11 -2.852625048876e-10
162 142 -3.934142105198e-10 1.180273725698e-10
163 142 -2.112009218707e-10 4.436944420887e-10
164 142 4.412153991946e-10 2.313362309588e-10
165 142 -3.142219333922e-10 -2.734321203591e-10
166 142 -6.244842140746e-10 5.399827837306e-10
167 142 1.552749913581e-10 -9.094737068720e-11
168 142 -6.908006917807e-10 -2.695926778880e-10
169 142 -4.429300096870e-10 1.089646902192e-10
170 142 -1.977978570689e-10 -7.243901178770e-11
171 142 -2.957750506643e-10 -2.807502477260e-10
172 142 7.446681474851e-11 3.404289067745e-10
173 142 7.387779983704e-11 6.992956798857e-11
174 142 -2.726777111219e-10 -3.535257038937e-11
175 142 -2.440828188642e-10 -2.518809054454e-10
176 142 1.473397678422e-10 3.095638814965e-11
177 142 1.815909100364e-10 -2.003744156702e-10
178 142 6.683237617195e-11 1.305806557501e-11
179 142 -4.573363801560e-10 -1.331956953754e-10
143 143 5.374552952230e-10 -5.559375150140e-10
144 143 9.697235286257e-10 -6.650414705224e-11
145 143 -7.012532417892e-11 1.424619935721e-10
146 143 -8.215856983348e-11 -6.432904464482e-10
147 143 -2.262190087542e-10 -8.274354342353e-10
148 143 -8.925498231613e-10 -5.131862988648e-10
149 143 -3.693990436069e-10 -1.203969382306e-10
150 143 -7.631876040188e-11 6.053309546949e-10
151 143 1.311077535100e-10 -5.584142416718e-11
152 143 -3.515129918839e-10 7.918591689499e-10
153 143 -4.125269688424e-10 -1.260451023733e-10
154 143 -2.019976115503e-10 4.476275043691e-10
155 143 2.066647506653e-10 3.101595038225e-10
156 143 -4.968165049015e-10 3.390001452485e-10
157 143 6.962963016825e-11 4.524000513966e-10
158 143 3.125557534462e-10 -6.275424053814e-10
159 143 -2.746171169556e-10 -6.562951207299e-10
160 143 -3.279293038208e-11 8.398342983331e-10
161 143 5.766683652197e-13 1.056990502782e-10
162 143 1.535899960960e-10 3.803664287284e-12
163 143 -2.917472299964e-10 -3.820592930419e-10
164 143 3.214302380421e-10 3.100664480490e-10
165 143 -2.214151423501e-10 -1.576989421465e-10
166 143 -7.389303976574e-10 -1.632549601219e-10
167 143 7.977090094783e-11 7.393169301026e-10
168 143 4.287691665511e-10 -6.656623816019e-10
169 143 4.145554591522e-10 3.701929919356e-10
170 143 3.911121188302e-10 -1.285665232669e-10
171 143 1.411848444140e-10 -4.737265993599e-11
172 143 -5.157990862618e-11 -2.333224098849e-10
173 143 -8.838353655882e-11 -4.437067862475e-10
174 143 3.668356413768e-10 -8.288369087875e-11
175 143 3.292759901736e-10 -1.477185450858e-11
176 143 1.037946601430e-10 2.852640219235e-10
177 143 2.085830657930e-10 1.803527454434e-10
178 143 2.361546766634e-10 1.785295986816e-10
179 143 6.534991016963e-10 1.461974478634e-10
144 144 4.235049389415e-11 -1.519774759206e-10
145 144 4.219852144869e-11 7.572734066858e-10
146 144 4.898979006850e-10 -3.517426612863e-11
147 144 1.725756032800e-11 -8.681826548973e-10
148 144 -1.729536909742e-10 1.169837904132e-10
149 144 4.846960744267e-10 -7.303513345327e-10
150 144 -6.011481849756e-10 2.740971502634e-10
151 144 -7.109431875657e-10 -4.524020470246e-10
152 144 -3.675066751188e-10 2.033989937735e-11
153 144 1.961884985666e-10 2.289471812016e-10
154 144 -6.099048885009e-10 5.223661468174e-10
155 144 3.283323883128e-10 -3.342343781551e-10
156 144 -2.218141456211e-11 -4.719985925815e-10
157 144 -3.055919277544e-10 1.652030482269e-10
158 144 -3.328508374037e-11 -3.958458849260e-11
159 144 -8.143903228794e-10 3.534993020991e-10
160 144 -7.472720542591e-11 1.157976089900e-10
161 144 5.488820287724e-10 1.382968708880e-11
162 144 -4.398548067521e-10 -1.033023401854e-10
163 144 -5.337447486158e-12 -9.403628472657e-10
164 144 5.800062991767e-10 6.773750227897e-10
165 144 1.246441500041e-10 -6.112995061235e-10
166 144 -1.804603049241e-10 -2.226570075827e-10
167 144 -7.103916952722e-11 1.034226031051e-10
168 144 3.690386087849e-10 2.686506818845e-10
169 144 -5.278679434737e-10 -4.294098273104e-10
170 144 3.919783373086e-10 -1.686528804484e-12
171 144 -1.411900431709e-10 -5.163560461361e-10
172 144 -2.608519624379e-11 -4.609407929377e-10
173 144 -5.371321196451e-10 -2.249918931947e-11
174 144 2.718966324857e-10 -9.920463565122e-11
175 144 -2.141227716635e-10 -1.742288826725e-10
176 144 2.602748498706e-11 4.797235782103e-10
177 144 1.069459376126e-10 1.334722917538e-10
178 144 -1.200774712462e-10 -3.870445213823e-10
179 144 -5.833519390481e-10 -2.742981837514e-10
145 145 -8.447055295098e-10 2.964295423933e-10
146 145 -2.566341702702e-10 -3.071811274264e-10
147 145 -3.015488595675e-10 -2.615971357462e-10
148 145 1.423108500067e-11 6.576708937125e-10
149 145 -1.852311223325e-10 -3.583378708084e-11
150 145 3.559017143189e-10 3.412874061009e-10
151 145 2.438521747549e-10 1.229754177627e-10
152 145 -9.620910350392e-11 -2.615859114067e-10
153 145 2.042604416847e-11 -5.578816680339e-10
154 145 -1.574897136386e-10 -3.359872352440e-10
155 145 2.907272587338e-10 6.842082631088e-10
156 145 -3.233301547591e-10 3.510366394553e-11
157 145 -1.335971484688e-10 -1.119211210233e-10
158 145 1.045410099147e-09 -2.056983804190e-10
159 145 -3.102675135215e-11 -3.250332345063e-10
160 145 -5.762584984187e-10 -2.686867092092e-10
161 145 -5.266745952026e-10 -1.397229646534e-10
162 145 2.275073489414e-10 1.070797517698e-10
163 145 2.655070963075e-10 -5.044173694258e-10
164 145 8.072437434408e-11 4.671462362722e-10
165 145 -5.361424862612e-10 -3.258517083635e-11
166 145 1.180063633703e-10 -4.172667074012e-10
167 145 3.932383304571e-11 4.182996177414e-11
168 145 6.300658772347e-10 2.800290923469e-10
169 145 5.711506692644e-11 -5.751364402306e-10
170 145 -5.431509825181e-10 3.066088506642e-10
171 145 -1.948190553617e-11 -4.679548327735e-10
172 145 -5.649595097063e-10 -3.552289721586e-10
173 145 3.857460812438e-10 4.279563366824e-10
174 145 4.414799023403e-10 1.489671293539e-10
175 145 -1.736394440701e-11 2.198492791521e-10
176 145 -2.282969724232e-10 4.358283665519e-11
177 145 4.392354190125e-11 -4.767044714173e-10
178 145 2.067765764761e-10 5.084278173557e-13
179 145 -1.544686570229e-10 -1.151605182051e-10
146 146 -1.693322099146e-10 4.691669244888e-11
147 146 3.258359693089e-10 5.551863926269e-11
148 146 -2.898346558882e-10 -2.868369725827e-10
149 146 -3.427494030179e-10 5.890161408870e-10
150 146 9.326471255673e-10 1.972446659232e-10
151 146 5.595628743456e-10 -1.012401518424e-10
152 146 3.019002035003e-10 4.189498844795e-11
153 146 2.641915351023e-10 4.533687681377e-10
154 146 4.626413209454e-12 2.983346374650e-10
155 146 -1.007597685345e-10 -4.175667202976e-10
156 146 -3.881242160971e-11 2.373840142515e-10
157 146 4.188805172381e-10 -1.111170226524e-10
158 146 -3.010472835791e-10 2.756920945413e-10
159 146 3.645369982345e-10 -4.234043747096e-10
160 146 1.907312398669e-11 6.670271681772e-11
161 146 8.844951550096e-10 3.871937263121e-10
162 146 1.115829920566e-10 -2.949914202309e-10
163 146 -5.197019372889e-11 -1.044620708054e-10
164 146 -8.425141640808e-11 6.487199106121e-10
165 146 -5.020394963828e-11 -3.253357365072e-10
166 146 3.076999052610e-10 -3.792708049019e-10
167 146 -1.770637931822e-10 -1.109891008174e-10
168 146 5.028155164253e-10 1.659355719384e-10
169 146 -3.233730306378e-10 -2.391465766116e-10
170 146 -3.073966043826e-10 -3.529439638866e-10
171 146 -5.385483628749e-11 1.208416002825e-09
172 146 2.283674439496e-12 -1.150916901052e-10
173 146 1.933252293612e-10 5.790755367523e-10
174 146 -1.049465815695e-10 2.475367442453e-10
175 146 2.865075291462e-10 4.703268795025e-10
176 146 3.301229231481e-10 -1.182069339909e-10
177 146 3.606304230459e-10 -4.722218634185e-11
178 146 3.191848540388e-11 -3.516151624734e-10
179 146 -5.544526904107e-11 -2.067466488040e-11
147 147 8.469829998484e-10 3.050640981343e-11
148 147 1.462665743583e-10 3.767057171285e-10
149 147 -1.164851974931e-10 3.642907719415e-10
150 147 5.712616104462e-10 -2.927602380264e-10
151 147 4.754683405088e-10 1.882215067536e-11
152 147 1.521095005337e-10 4.035265647949e-10
153 147 4.064656259094e-11 -5.840891917370e-10
154 147 -1.554818131334e-10 2.129496551848e-10
155 147 -7.542493968666e-11 3.681476180396e-10
156 147 -7.425257849406e-10 -8.759118917512e-11
157 147 -3.654797473012e-10 -5.647766062820e-10
158 147 -5.478204547217e-11 5.365024200738e-10
159 147 3.281865321757e-10 2.994712890930e-10
160 147 -4.965221622215e-11 -2.099752769232e-10
161 147 -1.700798461996e-10 3.007783741947e-10
162 147 7.040443408739e-10 -3.562271858071e-10
163 147 2.522449824382e-10 4.298238603431e-10
164 147 -3.009815261839e-10 2.226492901627e-10
165 147 2.580897950752e-11 -9.141307217714e-11
166 147 2.424846343893e-10 3.943372740412e-10
167 147 -3.533573160530e-10 3.017375697410e-11
168 147 3.737371270638e-11 9.282372329491e-10
169 147 -1.494840309950e-10 -7.031762129535e-11
170 147 -6.592665402609e-11 5.289934354840e-11
171 147 -9.370292142125e-11 1.071954928435e-10
172 147 6.149678007601e-10 -1.893223381647e-10
173 147 -2.969516764907e-10 1.542411022144e-10
174 147 -3.730057714869e-11 3.596155793931e-10
175 147 -2.373218903176e-10 -2.761624434361e-10
176 147 -6.007315005551e-10 -8.380476574565e-10
177 147 -1.642601808744e-10 7.285127599204e-11
178 147 3.064932328204e-10 4.011021231316e-10
179 147 1.221296016174e-11 -6.976454941855e-11
148 148 -6.370293546123e-11 -1.695067340690e-10
149 148 1.755999828020e-10 5.930170760307e-12
150 148 5.302594773787e-10 4.861480682955e-10
151 148 3.022748037135e-10 -3.146448980907e-10
152 148 2.291817285053e-10 -3.117631779337e-10
153 148 2.549163616040e-10 3.899767761360e-11
154 148 4.956698276236e-11 -1.793199516167e-10
155 148 5.770246952546e-10 -2.326169664223e-10
156 148 1.169417956420e-10 -1.274275688691e-10
157 148 -6.325821917655e-13 4.086101586494e-11
158 148 -1.939630205682e-10 -4.111800451126e-10
159 148 3.126944505020e-10 -6.267598569198e-10
160 148 4.702064156485e-11 2.371219649380e-10
161 148 -5.126974320431e-10 6.475019361719e-10
162 148 2.388416565913e-10 4.205816479770e-10
163 148 -3.332063855654e-10 -3.167381704784e-10
164 148 -3.686461101305e-10 -2.517069456643e-10
165 148 8.731092077556e-11 3.240771067244e-10
166 148 4.584846062924e-11 -1.489363312888e-10
167 148 -3.425645258577e-10 -3.207542509282e-10
168 148 8.719151686261e-12 1.901380281321e-11
169 148 1.033048706163e-10 -2.037014289076e-11
170 148 1.336621426109e-10 -2.258292962681e-10
171 148 -1.066388988899e-09 6.838508713907e-10
172 148 -1.557054361718e-10 2.856139314360e-10
173 148 -2.270778003461e-11 -7.301372065339e-10
174 148 -2.037093896183e-10 5.966981914637e-10
175 148 2.031163218556e-10 -1.014670589465e-10
176 148 -1.434915285953e-10 7.303752857023e-12
177 148 2.012193214551e-11 2.743359883573e-10
178 148 6.678937737382e-11 -3.953939564187e-10
179 148 -4.399486709030e-10 -3.201912378308e-10
149 149 -3.936265387981e-10 -2.153584645648e-10
150 149 1.786689001607e-10 2.658612083085e-10
151 149 3.560833604908e-10 -2.394136151125e-12
152 149 -3.387504552933e-10 1.128972802082e-10
153 149 -2.030546642338e-10 1.217605437925e-10
154 149 3.369426315787e-10 4.070288739679e-10
155 149 -2.084829490327e-10 2.931218120524e-10
156 149 -6.163733306152e-11 -1.061092051787e-10
157 149 1.830162307242e-11 -3.233234284671e-10
158 149 2.086017768088e-11 -6.998139994307e-11
159 149 7.742451937914e-11 2.518830118957e-10
160 149 -3.221885671071e-10 -1.179377201203e-10
161 149 -1.067334041496e-10 -8.090976669464e-10
162 149 2.396001553577e-11 4.463284743039e-10
163 149 -2.679025889659e-11 2.392410117513e-10
164 149 -4.248618048996e-10 2.701151540220e-11
165 149 2.240161638946e-10 1.738180519622e-10
166 149 3.321412177871e-10 1.525786734972e-10
167 149 -6.091633439693e-10 9.096931959174e-12
168 149 2.980785361316e-10 1.443744831742e-10
169 149 -1.829409150807e-10 -1.764210668841e-10
170 149 6.765597166288e-10 -2.168670570138e-11
171 149 -4.271934125389e-10 1.296857230589e-10
172 149 4.409645695212e-10 -2.785513840179e-10
173 149 2.653133867120e-10 -1.639640458279e-10
174 149 -6.793544799723e-10 -3.482073379548e-10
175 149 4.364323003583e-10 4.849821935210e-10
176 149 -3.720866902251e-10 -3.588993907589e-10
177 149 -1.166080542918e-12 4.084098515307e-10
178 149 -2.131434687813e-10 4.631867146897e-10
179 149 4.246460347609e-10 2.514633167340e-10
150 150 -4.118648805809e-10 4.565481945317e-10
151 150 -3.306070474879e-10 -2.934626870935e-11
152 150 -2.809652310618e-10 -3.759118437979e-10
153 150 -6.562406687054e-10 4.638466809441e-10
154 150 -6.342178453573e-10 2.991961653158e-10
155 150 -8.271209776685e-10 4.327068651680e-10
156 150 -8.321414886792e-12 -1.051454376766e-10
157 150 -6.796769301794e-11 -1.828699054849e-10
158 150 -1.892829922740e-10 3.533097880120e-11
159 150 1.792913137076e-10 -3.957631152297e-11
160 150 -1.220998026930e-10 5.182231097793e-10
161 150 -2.976361718063e-10 1.964410849897e-10
162 150 -2.711259485391e-10 1.912494755602e-10
163 150 3.959075897978e-10 -2.373770152888e-10
164 150 -2.576194986829e-10 -4.787448156080e-10
165 150 2.618402185712e-10 8.919125438767e-10
166 150 -2.094331637032e-10 -2.813502608646e-10
167 150 9.325262202326e-11 -1.588719875403e-10
168 150 -2.106192288755e-10 -4.974513111678e-10
169 150 2.693605532171e-10 5.360903992161e-10
170 150 -1.783582688121e-11 2.970315981188e-10
171 150 -7.109360654078e-10 -5.151550023972e-10
172 150 3.207656189047e-10 8.899985249679e-11
173 150 1.597597113452e-11 -2.779882603108e-10
174 150 6.395218158112e-10 -5.399089229172e-10
175 150 -7.240554097522e-10 2.212916210970e-10
176 150 5.196854049728e-10 -6.082414251468e-12
177 150 -2.382262366761e-10 -5.139338573783e-11
178 150 2.597698405111e-10 -3.417454867850e-10
179 150 6.800150740802e-10 5.727581296371e-12
151 151 2.643872060550e-10 4.955689542800e-11
152 151 -3.780101477948e-10 -3.818628646710e-10
153 151 -6.762733300987e-10 1.780626107478e-10
154 151 6.054674742957e-12 1.352926221324e-11
155 151 5.907799646170e-13 -2.974834912208e-10
156 151 -8.807614911468e-10 -5.671267761872e-10
157 151 3.659534563750e-10 -2.220236774039e-10
158 151 2.544697027696e-11 4.784758285318e-10
159 151 -1.536232795693e-10 6.866401965982e-10
160 151 1.704969709670e-10 1.469705816822e-11
161 151 8.141426417488e-10 -3.556247814505e-10
162 151 7.306009490086e-11 4.130972588831e-10
163 151 1.004557425742e-10 -1.257186860603e-10
164 151 2.146329520266e-10 -7.535580188329e-10
165 151 -2.936283053426e-10 -1.795705181897e-10
166 151 2.597958742700e-10 1.313978166578e-10
167 151 -5.311438098774e-10 2.800563093822e-11
168 151 -8.939160270701e-11 3.313142467275e-11
169 151 5.661278128300e-10 2.199984293173e-10
170 151 9.638512521547e-11 6.271687476839e-11
171 151 -3.039289899928e-10 -2.932060945961e-10
172 151 -9.611562555235e-11 -3.703968372878e-10
173 151 4.351180456547e-11 2.105530135332e-10
174 151 -2.712272259514e-10 -8.737008335709e-10
175 151 -2.390833996724e-11 2.344060817601e-10
176 151 5.434364719889e-10 4.650798252694e-10
177 151 -1.452643939365e-10 -3.369280958672e-10
178 151 -2.462736904020e-10 3.379229262107e-10
179 151 6.882179724427e-10 -1.241252687320e-10
152 152 5.509723683577e-10 -4.162526760862e-10
153 152 3.960420115147e-10 1.532044094162e-10
154 152 -2.901969446287e-10 1.875660569896e-10
155 152 4.055614292313e-10 -3.970481423856e-10
156 152 2.915466543271e-10 -1.326692977641e-10
157 152 3.181963403141e-10 -9.079446257710e-11
158 152 1.068332418862e-10 8.423855429117e-11
159 152 -4.652781842852e-10 4.025810542289e-10
160 152 8.532077549664e-11 1.512076168072e-10
161 152 -2.577780159018e-10 2.649247946428e-10
162 152 2.253319863707e-10 -2.222413826875e-10
163 152 2.381684335823e-10 -2.501921899059e-10
164 152 2.706285776059e-10 1.174905817763e-10
165 152 -3.746894080751e-10 1.359730079044e-10
166 152 -5.778087123868e-10 4.451619682366e-11
167 152 6.838211217259e-10 -8.643456142571e-10
168 152 -3.350719425451e-11 -1.886854988511e-10
169 152 -2.645881217112e-10 7.820138236727e-10
170 152 2.491500844666e-10 2.158618057425e-11
171 152 -1.641841680444e-10 5.368602685421e-11
172 152 2.887772373781e-10 -2.180747072676e-10
173 152 1.709730394780e-10 6.761681776500e-10
174 152 1.721227127404e-10 -9.686401468365e-11
175 152 -2.977548885501e-10 1.234087558499e-10
176 152 4.162059921429e-10 3.296292568942e-10
177 152 8.323196390093e-10 2.786090263966e-10
178 152 -3.300052872018e-10 -4.758026791085e-10
179 152 4.264217289524e-10 4.590696108874e-10
153 153 1.654574409891e-10 -2.932668496807e-10
154 153 -3.765849259640e-10 6.278217692968e-10
155 153 6.801627273876e-10 4.144723098735e-11
156 153 2.323637582028e-10 -5.023107156693e-10
157 153 -9.911014401991e-11 -1.358641530070e-10
158 153 1.892824811672e-14 8.496692486659e-11
159 153 -4.666992029193e-11 -5.270222014960e-11
160 153 2.407087154916e-10 -4.140354951674e-10
161 153 1.950750258980e-10 -1.598540140666e-10
162 153 3.968818084863e-10 1.580432881121e-10
163 153 -4.851454058084e-10 -1.533982715849e-10
164 153 -1.501724612719e-10 -3.891087690846e-10
165 153 2.409336559123e-10 -1.439883284314e-10
166 153 -4.445069628148e-10 -1.930372683454e-10
167 153 5.554656610560e-10 -2.909547258559e-12
168 153 -4.405227667303e-10 -1.266973260918e-10
169 153 1.843527030304e-10 4.983203311236e-10
170 153 1.005714731101e-12 -6.149365699436e-11
171 153 3.370531246365e-10 -5.102493504551e-11
172 153 -5.718936178107e-10 1.354112007136e-10
173 153 5.837902480604e-10 -7.868094166112e-11
174 153 -5.684802018522e-11 1.134432077975e-10
175 153 -1.676453574875e-10 -1.736196234268e-10
176 153 7.875432324246e-11 1.433535743182e-10
177 153 2.127755434208e-11 6.611145257084e-10
178 153 1.882157869184e-10 -1.128729925364e-10
179 153 -5.283194385216e-10 8.580391104480e-10
154 154 -3.747324956540e-10 3.684033819864e-10
155 154 -5.278251245447e-12 -7.606187261181e-10
156 154 2.721735503763e-10 -5.224240823980e-10
157 154 -1.116409687357e-10 -3.590684087752e-11
158 154 -3.175077936351e-10 -3.143285102040e-10
159 154 -2.279492197601e-10 -8.472362663901e-10
160 154 9.426413096888e-11 6.740954555587e-11
161 154 1.220769751961e-10 4.225129184553e-10
162 154 -2.454224583338e-10 -4.746601764044e-10
163 154 1.496679071369e-11 4.394176428859e-10
164 154 -7.825663457193e-10 9.759670249812e-11
165 154 -7.127089950485e-10 -1.271649619412e-11
166 154 -5.476848950605e-10 -3.608819809590e-10
167 154 7.883480333671e-10 2.710085358430e-10
168 154 3.940304991262e-10 1.263243678147e-10
169 154 -9.532827117036e-10 5.345884154710e-11
170 154 3.721021175614e-10 -4.852845971887e-10
171 154 5.839349558229e-10 -1.319690551221e-10
172 154 5.136805791300e-11 3.698679436620e-10
173 154 6.245862365095e-11 4.345964266955e-10
174 154 -1.596366101574e-10 -8.867911616364e-11
175 154 2.880855829271e-10 6.002897589592e-11
176 154 -3.339917641522e-10 -2.204339700017e-10
177 154 3.953865558300e-10 -7.247378652162e-11
178 154 -1.741632324369e-10 9.602199746366e-11
179 154 -1.032460432170e-09 -3.200765729606e-10
155 155 -7.353027651152e-11 3.973945043449e-10
156 155 4.004562213095e-10 1.442551120432e-10
157 155 -3.379754930940e-11 -4.482411584548e-10
158 155 4.603122540125e-13 1.630747168226e-10
159 155 4.905487777967e-10 -3.253196391229e-11
160 155 3.803528442774e-10 -8.964390409743e-10
161 155 -4.049344073444e-11 3.535829282739e-11
162 155 -6.494913200352e-10 3.813343080922e-11
163 155 -2.596060366462e-10 7.016199684484e-11
164 155 4.912311308399e-10 -1.758326422278e-10
165 155 1.876060334852e-10 6.790700154096e-11
166 155 2.007732632445e-10 4.845617539040e-10
167 155 3.404405236865e-10 9.873850513077e-12
168 155 -7.228692436280e-11 9.144088965749e-12
169 155 1.587295725216e-10 -1.379011227997e-10
170 155 -5.039384850954e-11 8.365096811993e-10
171 155 6.724538140915e-11 -8.089843131044e-11
172 155 -5.396281319507e-10 8.050168914250e-11
173 155 -3.495474315728e-10 2.054060858856e-10
174 155 -1.545767883382e-11 -1.438229367644e-10
175 155 6.423768918441e-11 2.866276259467e-11
176 155 -5.276514629907e-10 -1.818794423907e-10
177 155 3.759878090818e-11 3.493591751149e-10
178 155 7.306188061855e-11 -4.813586740214e-10
179 155 -4.904100135835e-10 -2.568992386689e-10
156 156 4.679364509844e-10 -3.514196686247e-11
157 156 -5.146303247172e-10 2.948228860597e-10
158 156 -7.008219796929e-10 6.568629483537e-10
159 156 2.522816776486e-10 -1.319173816044e-10
160 156 4.457679004226e-11 5.086881162334e-10
161 156 3.795462826476e-10 1.774252049326e-10
162 156 -3.804059992513e-11 1.361106389086e-10
163 156 5.171652733445e-11 -5.949114797195e-10
164 156 7.403305678754e-11 5.796094584759e-11
165 156 -3.803912643055e-10 -2.541642795477e-10
166 156 7.295250514521e-10 -6.755973237732e-10
167 156 9.880645998267e-11 -1.445403395677e-10
168 156 -3.742125429308e-10 2.249011635829e-10
169 156 1.125416011356e-10 -3.358856611806e-10
170 156 -3.477422466745e-10 -2.036309306762e-11
171 156 5.598087454391e-10 2.833240395208e-10
172 156 -5.034901423862e-10 4.414278793892e-11
173 156 -3.778259140449e-10 8.878538684078e-11
174 156 1.299254913224e-10 1.020878106840e-10
175 156 6.173851913918e-10 -3.846630818793e-10
176 156 -2.127397152604e-10 2.747721061740e-12
177 156 2.106497168706e-10 -4.718200015649e-10
178 156 -1.329855487301e-10 -3.029212909685e-12
179 156 -3.535050707054e-11 -1.128618587906e-10
157 157 1.849778407820e-10 -7.247726251337e-11
158 157 1.318945414951e-10 1.394011011091e-10
159 157 -2.017937806289e-10 9.503902515340e-11
160 157 4.207267213516e-10 4.578286409420e-10
161 157 -1.298629623964e-10 -4.672736288637e-11
162 157 1.247673183455e-10 4.705212674918e-10
163 157 -5.286454222389e-10 3.882907866315e-10
164 157 4.046794598840e-10 -3.215666949069e-11
165 157 3.996372133977e-10 -3.744862056060e-11
166 157 -4.888312684876e-10 -4.187568571916e-10
167 157 7.352174936029e-10 1.175641806663e-10
168 157 5.231488097882e-10 -6.965758669203e-10
169 157 2.702238164071e-10 -9.841284673393e-11
170 157 -6.251398609195e-10 5.311642109569e-10
171 157 -1.876834512662e-10 5.640853249918e-10
172 157 2.383025018391e-10 -1.056208373886e-09
173 157 -1.701331840098e-11 -2.189240526829e-11
174 157 1.841153353381e-10 1.650221888864e-10
175 157 9.735279027506e-11 -2.537227080348e-10
176 157 -6.194907713873e-10 4.466398267069e-12
177 157 6.957227652458e-10 5.583177313503e-10
178 157 -1.422645569039e-10 8.420958476466e-11
179 157 7.218813645195e-10 6.687018615474e-10
158 158 -5.053157062608e-10 2.841752434903e-12
159 158 4.248706404137e-10 4.824083751094e-10
160 158 7.922329072227e-10 -1.284079816214e-10
161 158 -7.345626958370e-10 6.468254230513e-10
162 158 -2.842661901111e-10 2.694804705593e-10
163 158 3.063307357302e-10 4.112143436694e-10
164 158 -3.240978008501e-10 -1.249012238025e-10
165 158 3.506418734347e-11 1.200432021025e-10
166 158 4.608776562438e-10 -3.685780579167e-10
167 158 3.404156130798e-10 2.081168368160e-10
168 158 8.678845056072e-11 8.684816162438e-11
169 158 -2.723463575004e-10 -4.947967110960e-10
170 158 1.879991638551e-10 9.799637154658e-11
171 158 2.458374697145e-10 -5.023495969041e-11
172 158 -6.055531916118e-10 1.764634950713e-10
173 158 7.271627672358e-11 -3.793228829070e-10
174 158 4.005290197020e-10 4.585006317098e-10
175 158 2.170156944741e-10 -6.784331601416e-11
176 158 -1.396974135998e-10 2.331469178626e-10
177 158 -1.253373479405e-10 8.895739336457e-11
178 158 -2.926868070855e-10 -3.224549698089e-11
179 158 -1.083917989194e-11 -1.677754182328e-10
159 159 -5.029458140350e-10 2.230932813946e-10
160 159 -1.003169258476e-10 -1.018083384883e-10
161 159 2.376663320529e-10 -5.258044849916e-10
162 159 -5.821285794467e-10 -1.428505926965e-10
163 159 -2.673592586171e-10 -2.204891601069e-11
164 159 -4.122808965444e-10 3.104357081727e-10
165 159 -5.371972980745e-11 -8.557578998157e-11
166 159 -2.217931625484e-10 -1.154915015015e-10
167 159 8.870393112680e-11 5.146762244437e-11
168 159 1.300856583689e-10 1.422187910181e-10
169 159 -2.502822133641e-11 4.500339266844e-10
170 159 -3.440066031533e-10 -1.099374151647e-10
171 159 -2.493663078822e-10 2.491016837408e-11
172 159 1.954775623057e-10 3.550416554097e-10
173 159 5.608468522807e-10 -2.875632949933e-10
174 159 -7.834118347922e-10 8.694520351929e-10
175 159 -2.905515429858e-10 9.620136475837e-11
176 159 1.299236120676e-10 -4.621294708308e-10
177 159 -1.099049914130e-10 -2.395351178469e-10
178 159 8.556539527309e-11 1.665825842586e-10
179 159 1.544113836641e-10 -5.485949734199e-10
160 160 5.460402987338e-11 1.060664740863e-11
161 160 -5.426953499403e-10 -3.423246368625e-11
162 160 -7.016516344741e-10 -4.272271114680e-10
163 160 1.067297948530e-10 -7.066713878825e-11
164 160 2.426125150252e-10 -2.649020898195e-10
165 160 -1.885235713874e-10 -5.813087099473e-10
166 160 -1.921631822647e-12 -3.590052855284e-10
167 160 1.322425821822e-10 -2.889164353450e-11
168 160 -9.747068174250e-11 -2.053955261735e-10
169 160 4.078384546865e-10 -1.988685038926e-10
170 160 1.876899026364e-10 -2.424659384679e-10
171 160 5.990021567331e-10 4.355398756521e-10
172 160 -4.972317345847e-10 -1.304025775133e-10
173 160 -7.710702101152e-11 6.527961212647e-11
174 160 -1.027740182099e-10 1.700240483814e-10
175 160 1.306748796765e-10 5.243690287076e-10
176 160 1.767420742676e-11 -5.860361106635e-10
177 160 -6.243997913144e-10 2.021171525074e-10
178 160 5.020378642637e-10 2.731833016899e-10
179 160 5.119660054797e-10 -1.038851335772e-10
161 161 4.457050353961e-10 -4.010921489122e-10
162 161 -5.977257693321e-10 -1.987794573872e-10
163 161 -3.886838845501e-10 3.205137678887e-10
164 161 -1.670874569155e-10 -1.725325786103e-10
165 161 3.182366955905e-10 8.290953596398e-12
166 161 1.915776276434e-10 5.279166302939e-10
167 161 5.290171358552e-11 -9.186312437064e-11
168 161 -5.489506774097e-11 -2.187187559954e-10
169 161 3.473045534850e-10 2.877066336549e-10
170 161 -3.415503743862e-10 -1.194003077481e-10
171 161 -2.564452967248e-10 4.296988395924e-10
172 161 3.050927430464e-10 2.785557679954e-10
173 161 -9.703959289359e-12 1.258551897693e-10
174 161 -8.702991321425e-10 1.569083554440e-11
175 161 -1.720325286054e-10 -6.469635954061e-10
176 161 5.856128503610e-10 4.181818287817e-11
177 161 1.791871009130e-10 1.799993966667e-10
178 161 8.814456183247e-11 2.324670690089e-14
179 161 -2.188093320793e-10 -1.824631830908e-10
162 162 2.205533400000e-10 -4.311653109460e-10
163 162 -1.573786785255e-11 2.615631297989e-10
164 162 2.248067387482e-10 4.596022808501e-10
165 162 -2.456737452438e-10 -3.773014721813e-10
166 162 -4.085832292959e-10 1.117539830609e-11
167 162 -7.046297454329e-10 1.037969174199e-10
168 162 -2.917364599289e-10 -1.531192184449e-10
169 162 1.419336802460e-10 -3.774898575689e-11
170 162 2.541933543103e-10 4.214042171866e-10
171 162 -3.264333891021e-10 3.977897678572e-10
172 162 -2.450623677667e-10 -4.659189826665e-10
173 162 7.508495250993e-11 2.342570375889e-10
174 162 1.545604896057e-10 2.547844058996e-10
175 162 7.853158633304e-10 1.147485839414e-10
176 162 2.772353431526e-10 2.093052490141e-10
177 162 1.763924997688e-11 -6.915104963926e-10
178 162 -1.618362458335e-10 2.751392875959e-10
179 162 6.713971016379e-11 2.379083959901e-10
163 163 -1.054938351089e-12 2.784236725529e-10
164 163 6.205446670646e-11 -3.211131158004e-10
165 163 7.659023416243e-10 -2.081370182043e-10
166 163 2.612193201682e-10 -3.492328435130e-10
167 163 6.986787403725e-11 -7.618171754547e-11
168 163 2.444547499110e-10 -7.579579634257e-10
169 163 4.853784730349e-10 -6.290866759115e-11
170 163 -2.091265400042e-10 2.281670284263e-10
171 163 -4.583989250408e-10 -1.426588077092e-10
172 163 -5.479937136595e-11 -6.559714380288e-11
173 163 -6.331194127576e-11 -1.137764576096e-10
174 163 -7.684399344674e-10 -5.415882812107e-10
175 163 1.503835474526e-10 -6.386174472995e-10
176 163 2.451684215251e-11 1.819749251063e-10
177 163 1.149178032243e-10 4.726749195403e-10
178 163 -6.670175871490e-10 -4.415704769666e-11
179 163 2.259141974936e-10 1.740981706286e-10
164 164 -2.933271416633e-10 4.893280696939e-10
165 164 2.236514415416e-10 -2.662230288046e-10
166 164 1.344499646907e-10 -2.712018478364e-10
167 164 5.438366872117e-10 3.595051907945e-10
168 164 5.813263829356e-10 8.313418319973e-10
169 164 6.281926339263e-10 4.018618561289e-11
170 164 -1.614715103145e-11 5.493169107522e-10
171 164 1.050900702514e-10 1.898667612553e-10
172 164 -6.457321844945e-11 -2.211227051351e-12
173 164 -3.915693683140e-11 -7.033946612556e-11
174 164 6.321159201659e-11 -7.813122284297e-11
175 164 -5.018543205900e-10 4.347318181629e-10
176 164 1.036877887144e-10 -2.193649622784e-10
177 164 8.057720818100e-11 -1.762123355658e-10
178 164 -2.771477656533e-10 2.808000753597e-10
179 164 -2.383088628626e-10 5.447333957068e-10
165 165 4.552366799324e-10 -2.907193062033e-10
166 165 -5.430337545561e-10 4.280758500941e-11
167 165 -7.458045633560e-10 -1.159438128286e-10
168 165 2.995230831323e-10 1.589621540970e-11
169 165 -3.259237909647e-10 4.715561381645e-10
170 165 -1.265547603668e-12 5.047618783152e-11
171 165 -3.128844771871e-10 -4.022908867782e-10
172 165 4.234832606394e-10 3.091066283205e-10
173 165 -4.207225600584e-10 2.533719321731e-12
174 165 2.712423135775e-10 -7.054294541834e-10
175 165 -3.071602215023e-10 1.289937729224e-11
176 165 -1.739807942301e-10 -2.057502344899e-10
177 165 -4.658230076540e-10 1.606730531095e-10
178 165 -2.918343124911e-10 -1.313272975870e-10
179 165 3.795134679726e-10 -1.209441515413e-10
166 166 4.519277578671e-10 -2.378406491815e-10
167 166 -7.513471742183e-11 -2.698986665852e-10
168 166 -2.361140896285e-10 4.254737964411e-10
169 166 1.425796687797e-10 4.154512196624e-11
170 166 -6.902840635132e-11 -4.205346719157e-10
171 166 2.620655634121e-10 3.405449406925e-11
172 166 2.392919381554e-10 -1.859479671446e-10
173 166 -1.721544614217e-10 -6.744317776266e-11
174 166 -1.529362113326e-11 1.326842804473e-10
175 166 -2.342261835388e-10 3.453355299287e-11
176 166 -7.178531280877e-11 3.196378987418e-10
177 166 6.011760333089e-10 -4.822463421298e-10
178 166 5.099727351545e-11 2.918938951772e-10
179 166 3.960503821880e-10 6.193945796767e-10
167 167 -5.681729376328e-10 7.885691735290e-12
168 167 7.106864788430e-10 3.621374039857e-10
169 167 3.663159889544e-10 3.494012256917e-10
170 167 -4.225146150067e-10 1.948368909577e-10
171 167 -3.825447638615e-11 1.170062903902e-10
172 167 2.242734668286e-10 2.523328541475e-10
173 167 -9.579100005760e-11 1.168744232400e-10
174 167 -3.792786755693e-10 -2.561666476791e-10
175 167 -1.639185927699e-10 -3.772026487278e-10
176 167 -1.704186573194e-10 -3.038289049396e-10
177 167 -4.876056503835e-12 -1.014335749571e-10
178 167 4.968348717144e-10 -3.434753779670e-10
179 167 2.558011254937e-10 -7.531330697163e-12
168 168 -5.485000529435e-10 1.850168020800e-10
169 168 2.977015480947e-11 9.291611053877e-11
170 168 3.124448578794e-10 -2.305424618164e-10
171 168 5.620587946080e-11 1.910904004261e-10
172 168 -3.402011622483e-10 4.918239649897e-10
173 168 -3.962632370194e-11 2.497740475536e-10
174 168 -7.285515920861e-11 1.866337639873e-10
175 168 -5.281116486335e-10 -8.679575086138e-11
176 168 3.929486029639e-10 -1.202588165836e-10
177 168 2.482174473008e-10 3.327939964681e-10
178 168 3.138853865671e-10 1.426520295629e-10
179 168 -7.342718731780e-10 1.875320873801e-10
169 169 1.515663776074e-10 6.195517134347e-10
170 169 -2.488451338159e-10 -5.205355227562e-10
171 169 -7.266914255787e-10 -5.197307242503e-10
172 169 1.839294389233e-11 3.573914086098e-10
173 169 -3.277902062924e-10 -2.678969851004e-10
174 169 -3.705027387551e-10 -7.372264483924e-12
175 169 -2.756613908134e-10 3.758095087237e-11
176 169 3.686570413825e-10 -7.163937972725e-11
177 169 4.808753652018e-11 1.542717808771e-10
178 169 -2.441172602568e-11 2.502379414841e-10
179 169 2.364305058581e-10 4.700109137410e-11
170 170 -1.145092957069e-10 -1.210151426035e-10
171 170 -3.218988721645e-11 2.671294504267e-11
172 170 -4.723440262498e-10 -2.280192252459e-10
173 170 -2.088002744754e-10 -1.065211109302e-10
174 170 3.067885457268e-10 -8.531871551113e-10
175 170 6.151160650282e-11 1.166416713654e-10
176 170 -1.005075854607e-11 -3.749816472035e-10
177 170 5.726155971372e-10 3.030246471409e-10
178 170 2.551492065392e-10 -7.917945559376e-11
179 170 8.146095657072e-11 -1.606190525739e-10
171 171 -4.815369583738e-12 -6.454815377155e-10
172 171 -1.808633311457e-10 4.504823103096e-10
173 171 1.181335891173e-10 7.059465763403e-10
174 171 -2.907899403745e-10 -5.550106104749e-10
175 171 1.454080301635e-10 -5.465968840635e-10
176 171 -2.034315778204e-10 2.018757576065e-10
177 171 2.112010137738e-10 -4.254021280306e-11
178 171 2.918103594625e-10 -3.685532832579e-10
179 171 1.497796383438e-10 3.262811955881e-10
172 172 -3.098934181403e-10 3.812222519977e-11
173 172 1.806838768661e-10 -2.445878686944e-10
174 172 3.722017951064e-10 -2.510111600722e-10
175 172 1.885881462039e-10 -5.448003819736e-11
176 172 3.038726906137e-10 -9.969593248107e-11
177 172 -9.494302672691e-11 -3.040233380236e-10
178 172 6.474245275537e-12 7.041599589136e-11
179 172 1.027633300073e-10 1.108000587714e-10
173 173 -2.077710864938e-10 2.567029309154e-10
174 173 3.688500793122e-10 -8.131199680580e-11
175 173 4.978528114333e-10 -9.501086970300e-10
176 173 -1.912667074176e-10 4.967904598400e-11
177 173 3.102678412621e-11 5.397341692153e-10
178 173 -2.360387075396e-10 -2.040366349584e-10
179 173 -1.344459031463e-10 -8.834157896151e-11
174 174 5.949546002905e-10 1.618644153680e-10
175 174 -4.042943408804e-10 1.392301544399e-10
176 174 -1.196219322132e-10 3.058509002366e-10
177 174 4.514589179389e-10 -6.455995750395e-10
178 174 1.813104495295e-10 9.210492221398e-11
179 174 -4.002255928940e-10 -3.259882258272e-10
175 175 1.668054186242e-10 -2.461826464958e-10
176 175 -2.175245235192e-10 4.811511292296e-11
177 175 -9.672796187781e-10 6.341883302921e-10
178 175 2.404274943558e-10 1.353469691249e-12
179 175 4.882738061559e-10 2.157975299992e-10
176 176 -3.073224205367e-10 -4.569141736601e-10
177 176 3.481319379562e-10 1.838951440252e-10
178 176 3.651568226658e-10 4.320700502760e-10
179 176 -6.512200605697e-11 -1.729151269817e-10
177 177 -1.866269340565e-10 1.497841937432e-10
178 177 3.678140492257e-10 -8.363946265276e-12
179 177 -3.043209782390e-11 1.825616564515e-10
178 178 1.314555472805e-10 6.623053299765e-10
179 178 4.729644880950e-11 4.153286412883e-11
179 179 8.650360253836e-11 -1.126615474681e-10
